# This file uses centimeters as units for non-parametric coordinates.

mtllib wacom.mtl
g default
v 0.898063 2.264361 -0.291798
v 0.763938 2.264361 -0.555033
v 0.555033 2.264361 -0.763938
v 0.291798 2.264361 -0.898063
v -0.000000 2.264361 -0.944279
v -0.291798 2.264361 -0.898063
v -0.555033 2.264361 -0.763938
v -0.763938 2.264361 -0.555033
v -0.898063 2.264361 -0.291798
v -0.944279 2.264361 -0.000000
v -0.898063 2.264361 0.291798
v -0.763938 2.264361 0.555033
v -0.555033 2.264361 0.763938
v -0.291798 2.264361 0.898062
v -0.000000 2.264361 0.944279
v 0.291798 2.264361 0.898062
v 0.555033 2.264361 0.763938
v 0.763937 2.264361 0.555033
v 0.898062 2.264361 0.291798
v 0.944279 2.264361 -0.000000
v 0.951057 2.426910 -0.309017
v 0.809018 2.426910 -0.587786
v 0.587786 2.426910 -0.809017
v 0.309017 2.426910 -0.951057
v 0.000000 2.426910 -1.000000
v -0.309017 2.426910 -0.951057
v -0.587785 2.426910 -0.809017
v -0.809017 2.426910 -0.587785
v -0.951057 2.426910 -0.309017
v -1.000000 2.426910 0.000000
v -0.951057 2.426910 0.309017
v -0.809017 2.426910 0.587785
v -0.587785 2.426910 0.809017
v -0.309017 2.426910 0.951057
v -0.000000 2.426910 1.000000
v 0.309017 2.426910 0.951057
v 0.587785 2.426910 0.809017
v 0.809017 2.426910 0.587785
v 0.951057 2.426910 0.309017
v 1.000000 2.426910 0.000000
v 0.965003 2.497417 -0.313548
v 0.820881 2.497417 -0.596405
v 0.596405 2.497417 -0.820881
v 0.313548 2.497417 -0.965003
v 0.000000 2.497417 -1.014664
v -0.313548 2.497417 -0.965003
v -0.596404 2.497417 -0.820880
v -0.820880 2.497417 -0.596404
v -0.965003 2.497417 -0.313548
v -1.014664 2.497417 0.000000
v -0.965003 2.497417 0.313548
v -0.820880 2.497417 0.596404
v -0.596404 2.497417 0.820880
v -0.313548 2.497417 0.965002
v -0.000000 2.497417 1.014664
v 0.313548 2.497417 0.965002
v 0.596404 2.497417 0.820880
v 0.820880 2.497417 0.596404
v 0.965002 2.497417 0.313548
v 1.014664 2.497417 0.000000
v 0.931533 2.754560 -0.302673
v 0.792409 2.754560 -0.575719
v 0.575719 2.754560 -0.792409
v 0.302673 2.754560 -0.931533
v -0.000000 2.754560 -0.979472
v -0.302673 2.754560 -0.931533
v -0.575719 2.754560 -0.792409
v -0.792409 2.754560 -0.575719
v -0.931533 2.754560 -0.302673
v -0.979471 2.754560 -0.000000
v -0.931533 2.754560 0.302673
v -0.792409 2.754560 0.575719
v -0.575719 2.754560 0.792409
v -0.302673 2.754560 0.931532
v -0.000000 2.754560 0.979471
v 0.302673 2.754560 0.931532
v 0.575719 2.754560 0.792409
v 0.792409 2.754560 0.575719
v 0.931532 2.754560 0.302673
v 0.979471 2.754560 -0.000000
v 0.889695 2.995114 -0.289080
v 0.756820 2.995114 -0.549862
v 0.549862 2.995114 -0.756820
v 0.289080 2.995114 -0.889695
v -0.000000 2.995114 -0.935481
v -0.289080 2.995114 -0.889695
v -0.549862 2.995114 -0.756820
v -0.756820 2.995114 -0.549862
v -0.889695 2.995114 -0.289079
v -0.935481 2.995114 -0.000000
v -0.889695 2.995114 0.289079
v -0.756820 2.995114 0.549862
v -0.549862 2.995114 0.756820
v -0.289079 2.995114 0.889695
v -0.000000 2.995114 0.935481
v 0.289079 2.995114 0.889695
v 0.549862 2.995114 0.756820
v 0.756820 2.995114 0.549862
v 0.889695 2.995114 0.289079
v 0.935481 2.995114 -0.000000
v 0.853436 3.405713 -0.277298
v 0.725976 3.405713 -0.527453
v 0.527453 3.405713 -0.725976
v 0.277298 3.405713 -0.853436
v -0.000000 3.405713 -0.897356
v -0.277298 3.405713 -0.853436
v -0.527452 3.405713 -0.725976
v -0.725976 3.405713 -0.527452
v -0.853436 3.405713 -0.277298
v -0.897356 3.405713 -0.000000
v -0.853436 3.405713 0.277298
v -0.725976 3.405713 0.527452
v -0.527452 3.405713 0.725976
v -0.277298 3.405713 0.853436
v -0.000000 3.405713 0.897356
v 0.277298 3.405713 0.853436
v 0.527452 3.405713 0.725976
v 0.725976 3.405713 0.527452
v 0.853436 3.405713 0.277298
v 0.897355 3.405713 -0.000000
v 0.814388 3.890967 -0.264611
v 0.692760 3.890967 -0.503319
v 0.503319 3.890967 -0.692760
v 0.264611 3.890967 -0.814388
v -0.000000 3.890967 -0.856298
v -0.264611 3.890967 -0.814388
v -0.503319 3.890967 -0.692760
v -0.692760 3.890967 -0.503319
v -0.814388 3.890967 -0.264611
v -0.856298 3.890967 -0.000000
v -0.814388 3.890967 0.264610
v -0.692759 3.890967 0.503319
v -0.503319 3.890967 0.692759
v -0.264611 3.890967 0.814387
v -0.000000 3.890967 0.856298
v 0.264610 3.890967 0.814387
v 0.503319 3.890967 0.692759
v 0.692759 3.890967 0.503319
v 0.814387 3.890967 0.264610
v 0.856298 3.890967 -0.000000
v 0.814388 4.890508 -0.264611
v 0.692760 4.890508 -0.503319
v 0.503319 4.890508 -0.692760
v 0.264611 4.890508 -0.814388
v -0.000000 4.890508 -0.856298
v -0.264611 4.890508 -0.814388
v -0.503319 4.890508 -0.692760
v -0.692760 4.890508 -0.503319
v -0.814388 4.890508 -0.264611
v -0.856298 4.890508 -0.000000
v -0.814388 4.890508 0.264610
v -0.692759 4.890508 0.503319
v -0.503319 4.890508 0.692759
v -0.264611 4.890508 0.814387
v -0.000000 4.890508 0.856298
v 0.264610 4.890508 0.814387
v 0.503319 4.890508 0.692759
v 0.692759 4.890508 0.503319
v 0.814387 4.890508 0.264610
v 0.856298 4.890508 -0.000000
v 0.764183 8.191894 -0.248298
v 0.650053 8.191894 -0.472291
v 0.472291 8.191894 -0.650053
v 0.248298 8.191894 -0.764183
v -0.000000 8.191894 -0.803509
v -0.248298 8.191894 -0.764183
v -0.472291 8.191894 -0.650053
v -0.650053 8.191894 -0.472291
v -0.764183 8.191894 -0.248298
v -0.803509 8.191894 -0.000000
v -0.764183 8.191894 0.248298
v -0.650053 8.191894 0.472291
v -0.472291 8.191894 0.650052
v -0.248298 8.191894 0.764182
v -0.000000 8.191894 0.803509
v 0.248298 8.191894 0.764182
v 0.472291 8.191894 0.650052
v 0.650052 8.191894 0.472291
v 0.764182 8.191894 0.248298
v 0.803509 8.191894 -0.000000
v 0.737519 10.957376 -0.239635
v 0.627371 10.957376 -0.455812
v 0.455812 10.957376 -0.627371
v 0.239634 10.957376 -0.737519
v -0.000000 10.957376 -0.775474
v -0.239635 10.957376 -0.737519
v -0.455812 10.957376 -0.627371
v -0.627371 10.957376 -0.455812
v -0.737519 10.957376 -0.239634
v -0.775473 10.957376 -0.000000
v -0.737519 10.957376 0.239634
v -0.627371 10.957376 0.455812
v -0.455812 10.957376 0.627371
v -0.239634 10.957376 0.737519
v -0.000000 10.957376 0.775473
v 0.239634 10.957376 0.737519
v 0.455812 10.957376 0.627371
v 0.627371 10.957376 0.455812
v 0.737519 10.957376 0.239634
v 0.775473 10.957376 -0.000000
v 0.726701 12.035171 -0.236120
v 0.618169 12.035171 -0.449126
v 0.449126 12.035171 -0.618169
v 0.236119 12.035171 -0.726701
v -0.000000 12.035171 -0.764099
v -0.236120 12.035171 -0.726701
v -0.449126 12.035171 -0.618169
v -0.618169 12.035171 -0.449126
v -0.726701 12.035171 -0.236119
v -0.764099 12.035171 -0.000000
v -0.726701 12.035171 0.236119
v -0.618169 12.035171 0.449126
v -0.449126 12.035171 0.618168
v -0.236119 12.035171 0.726701
v -0.000000 12.035171 0.764098
v 0.236119 12.035171 0.726701
v 0.449126 12.035171 0.618168
v 0.618168 12.035171 0.449126
v 0.726701 12.035171 0.236119
v 0.764098 12.035171 -0.000000
v -0.000000 12.035171 -0.000000
v 0.862422 2.137168 -0.280218
v 0.733620 2.137168 -0.533006
v 0.533006 2.137168 -0.733620
v 0.280218 2.137168 -0.862422
v -0.000000 2.137168 -0.906805
v -0.280218 2.137168 -0.862422
v -0.533006 2.137168 -0.733620
v -0.733620 2.137168 -0.533006
v -0.862422 2.137168 -0.280218
v -0.906804 2.137168 -0.000000
v -0.862422 2.137168 0.280218
v -0.733620 2.137168 0.533006
v -0.533006 2.137168 0.733620
v -0.280218 2.137168 0.862422
v -0.000000 2.137168 0.906804
v 0.280218 2.137168 0.862422
v 0.533006 2.137168 0.733620
v 0.733620 2.137168 0.533006
v 0.862422 2.137168 0.280218
v 0.906804 2.137168 -0.000000
v 0.838662 2.094770 -0.272498
v 0.713409 2.094770 -0.518322
v 0.518322 2.094770 -0.713409
v 0.272498 2.094770 -0.838662
v -0.000000 2.094770 -0.881821
v -0.272498 2.094770 -0.838662
v -0.518322 2.094770 -0.713409
v -0.713408 2.094770 -0.518322
v -0.838662 2.094770 -0.272498
v -0.881821 2.094770 -0.000000
v -0.838662 2.094770 0.272498
v -0.713408 2.094770 0.518321
v -0.518321 2.094770 0.713408
v -0.272498 2.094770 0.838662
v -0.000000 2.094770 0.881821
v 0.272498 2.094770 0.838662
v 0.518321 2.094770 0.713408
v 0.713408 2.094770 0.518321
v 0.838662 2.094770 0.272498
v 0.881821 2.094770 -0.000000
v -0.000000 2.094771 -0.000000
v -0.000000 2.102225 0.886214
v 0.273855 2.102225 0.842839
v 0.520903 2.102225 0.716962
v 0.716962 2.102225 0.520903
v 0.842839 2.102225 0.273855
v 0.886214 2.102225 -0.000000
v 0.842840 2.102225 -0.273855
v 0.716962 2.102225 -0.520904
v 0.520904 2.102225 -0.716962
v 0.273855 2.102225 -0.842840
v -0.000000 2.102225 -0.886214
v -0.273855 2.102225 -0.842840
v -0.520904 2.102225 -0.716962
v -0.716962 2.102225 -0.520903
v -0.842840 2.102225 -0.273855
v -0.886214 2.102225 -0.000000
v -0.842840 2.102225 0.273855
v -0.716962 2.102225 0.520903
v -0.520903 2.102225 0.716962
v -0.273855 2.102225 0.842839
v -0.000000 12.035109 0.764099
v -0.236120 12.035109 0.726701
v -0.449126 12.035109 0.618169
v -0.618169 12.035109 0.449126
v -0.726701 12.035109 0.236120
v -0.764099 12.035109 -0.000000
v -0.726701 12.035109 -0.236120
v -0.618169 12.035109 -0.449126
v -0.449126 12.035109 -0.618169
v -0.236120 12.035109 -0.726702
v -0.000000 12.035109 -0.764099
v 0.236120 12.035109 -0.726702
v 0.449126 12.035109 -0.618169
v 0.618169 12.035109 -0.449126
v 0.726702 12.035109 -0.236120
v 0.764099 12.035109 -0.000000
v 0.726701 12.035109 0.236120
v 0.618169 12.035109 0.449126
v 0.449126 12.035109 0.618169
v 0.236120 12.035109 0.726701
v -0.264611 4.890508 0.682799
v -0.000000 4.890508 0.724709
v 0.264610 4.890508 0.682799
v -0.248298 8.191894 0.632594
v -0.000000 8.191894 0.671920
v 0.248298 8.191894 0.632594
v -0.240125 5.981150 0.682415
v -0.000000 5.981150 0.720447
v 0.240125 5.981150 0.682415
v -0.225322 8.039149 0.636856
v -0.000000 8.039149 0.672543
v 0.225322 8.039149 0.636856
v -0.240125 5.981150 0.812351
v -0.000000 5.981150 0.850383
v 0.240125 5.981150 0.812351
v -0.225322 8.039149 0.766792
v -0.000000 8.039149 0.802479
v 0.225322 8.039149 0.766792
v -0.240125 5.981150 0.812351
v -0.000000 5.981150 0.850383
v 0.240125 5.981150 0.812351
v -0.225322 8.039149 0.766792
v -0.000000 8.039149 0.802479
v 0.225322 8.039149 0.766792
v -0.000000 8.184695 0.671950
v 0.247215 8.184695 0.632795
v 0.263457 4.941902 0.682781
v -0.000000 4.941902 0.724508
v -0.263457 4.941902 0.682781
v -0.247215 8.184695 0.632795
v -0.000000 8.045448 0.672518
v 0.226270 8.045448 0.636680
v 0.241135 5.936175 0.682431
v -0.000000 5.936175 0.720623
v -0.241135 5.936175 0.682431
v -0.226270 8.045448 0.636680
v -0.000000 8.039149 0.682571
v 0.225322 8.039149 0.646884
v 0.240125 5.981150 0.692443
v -0.000000 5.981150 0.730475
v -0.240125 5.981150 0.692443
v -0.225322 8.039149 0.646884
v -0.000000 8.039149 0.787458
v 0.225322 8.039149 0.751771
v 0.240125 5.981150 0.797330
v -0.000000 5.981150 0.835362
v -0.240125 5.981150 0.797330
v -0.225322 8.039149 0.751771
v -0.264611 4.887216 0.814387
v -0.503319 4.887216 0.692759
v -0.692759 4.887216 0.503319
v -0.814388 4.887216 0.264610
v -0.856298 4.887216 -0.000000
v -0.814388 4.887216 -0.264611
v -0.692760 4.887216 -0.503319
v -0.503319 4.887216 -0.692760
v -0.264611 4.887216 -0.814388
v -0.000000 4.887216 -0.856298
v 0.264611 4.887216 -0.814388
v 0.503319 4.887216 -0.692760
v 0.692760 4.887216 -0.503319
v 0.814388 4.887216 -0.264611
v 0.856298 4.887216 -0.000000
v 0.814387 4.887216 0.264610
v 0.692759 4.887216 0.503319
v 0.503319 4.887216 0.692759
v 0.264610 4.887216 0.814387
v -0.000000 4.887216 0.856298
v -0.000000 8.194702 0.803481
v -0.248289 8.194702 0.764155
v -0.472274 8.194702 0.650029
v -0.650029 8.194702 0.472274
v -0.764156 8.194702 0.248289
v -0.803481 8.194702 -0.000000
v -0.764156 8.194702 -0.248289
v -0.650030 8.194702 -0.472274
v -0.472274 8.194702 -0.650030
v -0.248289 8.194702 -0.764156
v -0.000000 8.194702 -0.803481
v 0.248289 8.194702 -0.764156
v 0.472274 8.194702 -0.650030
v 0.650030 8.194702 -0.472274
v 0.764156 8.194702 -0.248289
v 0.803480 8.194702 -0.000000
v 0.764155 8.194702 0.248289
v 0.650029 8.194702 0.472274
v 0.472274 8.194702 0.650029
v 0.248289 8.194702 0.764155
v 0.579119 1.129667 -0.188167
v 0.492628 1.129667 -0.357915
v 0.357915 1.129667 -0.492628
v 0.188167 1.129667 -0.579119
v -0.000000 1.129667 -0.608921
v -0.188167 1.129667 -0.579119
v -0.357915 1.129667 -0.492628
v -0.492628 1.129667 -0.357915
v -0.579119 1.129667 -0.188167
v -0.608921 1.129667 -0.000000
v -0.579119 1.129667 0.188167
v -0.492628 1.129667 0.357915
v -0.357915 1.129667 0.492627
v -0.188167 1.129667 0.579118
v -0.000000 1.129667 0.608921
v 0.188167 1.129667 0.579118
v 0.357915 1.129667 0.492627
v 0.492628 1.129667 0.357915
v 0.579118 1.129667 0.188167
v 0.608921 1.129667 -0.000000
v 0.830451 2.104804 -0.269830
v 0.706424 2.104804 -0.513247
v 0.513247 2.104804 -0.706424
v 0.269830 2.104804 -0.830451
v -0.000000 2.104804 -0.873188
v -0.269830 2.104804 -0.830451
v -0.513247 2.104804 -0.706424
v -0.706424 2.104804 -0.513247
v -0.830451 2.104804 -0.269830
v -0.873187 2.104804 -0.000000
v -0.830451 2.104804 0.269830
v -0.706424 2.104804 0.513247
v -0.513247 2.104804 0.706423
v -0.269830 2.104804 0.830451
v -0.000000 2.104804 0.873187
v 0.269830 2.104804 0.830450
v 0.513247 2.104804 0.706423
v 0.706423 2.104804 0.513247
v 0.830450 2.104804 0.269830
v 0.873187 2.104804 -0.000000
v 0.527864 1.113335 -0.171514
v 0.449028 1.113335 -0.326238
v 0.326238 1.113335 -0.449028
v 0.171513 1.113335 -0.527864
v -0.000000 1.113335 -0.555029
v -0.171513 1.113335 -0.527864
v -0.326238 1.113335 -0.449028
v -0.449028 1.113335 -0.326238
v -0.527864 1.113335 -0.171513
v -0.555029 1.113335 -0.000000
v -0.527864 1.113335 0.171513
v -0.449028 1.113335 0.326238
v -0.326238 1.113335 0.449028
v -0.171513 1.113335 0.527864
v -0.000000 1.113335 0.555029
v 0.171513 1.113335 0.527864
v 0.326238 1.113335 0.449028
v 0.449028 1.113335 0.326238
v 0.527864 1.113335 0.171513
v 0.555029 1.113335 -0.000000
v 0.560813 1.091559 -0.182219
v 0.477056 1.091559 -0.346602
v 0.346602 1.091559 -0.477056
v 0.182219 1.091559 -0.560814
v -0.000000 1.091559 -0.589674
v -0.182219 1.091559 -0.560814
v -0.346602 1.091559 -0.477056
v -0.477056 1.091559 -0.346602
v -0.560813 1.091559 -0.182219
v -0.589674 1.091559 -0.000000
v -0.560813 1.091559 0.182219
v -0.477056 1.091559 0.346602
v -0.346602 1.091559 0.477056
v -0.182219 1.091559 0.560813
v -0.000000 1.091559 0.589674
v 0.182219 1.091559 0.560813
v 0.346601 1.091559 0.477056
v 0.477056 1.091559 0.346601
v 0.560813 1.091559 0.182219
v 0.589674 1.091559 -0.000000
v 0.439999 0.792142 -0.142964
v 0.374285 0.792142 -0.271934
v 0.271934 0.792142 -0.374286
v 0.142964 0.792142 -0.439999
v -0.000000 0.792142 -0.462642
v -0.142964 0.792142 -0.439999
v -0.271934 0.792142 -0.374286
v -0.374286 0.792142 -0.271934
v -0.439999 0.792142 -0.142964
v -0.462642 0.792142 -0.000000
v -0.439999 0.792142 0.142964
v -0.374286 0.792142 0.271934
v -0.271934 0.792142 0.374285
v -0.142964 0.792142 0.439999
v -0.000000 0.792142 0.462642
v 0.142964 0.792142 0.439999
v 0.271934 0.792142 0.374285
v 0.374285 0.792142 0.271934
v 0.439999 0.792142 0.142964
v 0.462642 0.792142 -0.000000
v 0.348473 0.666932 -0.113226
v 0.296429 0.666932 -0.215368
v 0.215368 0.666932 -0.296429
v 0.113226 0.666932 -0.348473
v -0.000000 0.666932 -0.366406
v -0.113226 0.666932 -0.348473
v -0.215368 0.666932 -0.296429
v -0.296429 0.666932 -0.215368
v -0.348473 0.666932 -0.113226
v -0.366406 0.666932 -0.000000
v -0.348473 0.666932 0.113226
v -0.296429 0.666932 0.215368
v -0.215368 0.666932 0.296429
v -0.113226 0.666932 0.348473
v -0.000000 0.666932 0.366406
v 0.113226 0.666932 0.348473
v 0.215368 0.666932 0.296429
v 0.296429 0.666932 0.215368
v 0.348473 0.666932 0.113226
v 0.366406 0.666932 -0.000000
v 0.234981 0.525389 -0.076350
v 0.199886 0.525389 -0.145226
v 0.145226 0.525389 -0.199887
v 0.076350 0.525389 -0.234981
v -0.000000 0.525389 -0.247073
v -0.076350 0.525389 -0.234981
v -0.145226 0.525389 -0.199887
v -0.199887 0.525389 -0.145226
v -0.234981 0.525389 -0.076350
v -0.247073 0.525389 -0.000000
v -0.234981 0.525389 0.076350
v -0.199887 0.525389 0.145226
v -0.145226 0.525389 0.199886
v -0.076350 0.525389 0.234980
v -0.000000 0.525389 0.247073
v 0.076350 0.525389 0.234980
v 0.145226 0.525389 0.199886
v 0.199886 0.525389 0.145226
v 0.234980 0.525389 0.076350
v 0.247073 0.525389 -0.000000
v 0.194709 0.525389 -0.063265
v 0.165629 0.525389 -0.120337
v 0.120337 0.525389 -0.165630
v 0.063265 0.525389 -0.194709
v -0.000000 0.525389 -0.204730
v -0.063265 0.525389 -0.194709
v -0.120337 0.525389 -0.165630
v -0.165630 0.525389 -0.120337
v -0.194709 0.525389 -0.063265
v -0.204729 0.525389 -0.000000
v -0.194709 0.525389 0.063265
v -0.165630 0.525389 0.120337
v -0.120337 0.525389 0.165629
v -0.063265 0.525389 0.194709
v -0.000000 0.525389 0.204729
v 0.063265 0.525389 0.194709
v 0.120337 0.525389 0.165629
v 0.165629 0.525389 0.120337
v 0.194709 0.525389 0.063265
v 0.204729 0.525389 -0.000000
v 0.194709 1.924481 -0.063265
v 0.165629 1.924481 -0.120337
v 0.120337 1.924481 -0.165630
v 0.063265 1.924481 -0.194709
v -0.000000 1.924481 -0.204730
v -0.063265 1.924481 -0.194709
v -0.120337 1.924481 -0.165630
v -0.165630 1.924481 -0.120337
v -0.194709 1.924481 -0.063265
v -0.204729 1.924481 -0.000000
v -0.194709 1.924481 0.063265
v -0.165630 1.924481 0.120337
v -0.120337 1.924481 0.165629
v -0.063265 1.924481 0.194709
v -0.000000 1.924481 0.204729
v 0.063265 1.924481 0.194709
v 0.120337 1.924481 0.165629
v 0.165629 1.924481 0.120337
v 0.194709 1.924481 0.063265
v 0.204729 1.924481 -0.000000
v 0.176404 1.924481 -0.057317
v 0.150058 1.924481 -0.109024
v 0.109024 1.924481 -0.150058
v 0.057317 1.924481 -0.176404
v -0.000000 1.924481 -0.185482
v -0.057317 1.924481 -0.176404
v -0.109024 1.924481 -0.150058
v -0.150058 1.924481 -0.109024
v -0.176404 1.924481 -0.057317
v -0.185482 1.924481 -0.000000
v -0.176404 1.924481 0.057317
v -0.150058 1.924481 0.109023
v -0.109024 1.924481 0.150058
v -0.057317 1.924481 0.176404
v -0.000000 1.924481 0.185482
v 0.057317 1.924481 0.176404
v 0.109023 1.924481 0.150058
v 0.150058 1.924481 0.109023
v 0.176404 1.924481 0.057317
v 0.185482 1.924481 -0.000000
v -0.000000 2.104804 -0.000000
v -0.000000 2.102905 0.872657
v -0.269666 2.102905 0.829946
v -0.512935 2.102905 0.705994
v -0.705995 2.102905 0.512935
v -0.829946 2.102905 0.269666
v -0.872657 2.102905 -0.000000
v -0.829946 2.102905 -0.269666
v -0.705995 2.102905 -0.512935
v -0.512935 2.102905 -0.705995
v -0.269666 2.102905 -0.829947
v -0.000000 2.102905 -0.872658
v 0.269666 2.102905 -0.829947
v 0.512935 2.102905 -0.705995
v 0.705995 2.102905 -0.512935
v 0.829947 2.102905 -0.269666
v 0.872657 2.102905 -0.000000
v 0.829946 2.102905 0.269666
v 0.705994 2.102905 0.512935
v 0.512935 2.102905 0.705994
v 0.269666 2.102905 0.829946
v 0.063265 1.916582 0.194709
v 0.120337 1.916582 0.165629
v 0.165629 1.916582 0.120337
v 0.194709 1.916582 0.063265
v 0.204729 1.916582 -0.000000
v 0.194709 1.916582 -0.063265
v 0.165629 1.916582 -0.120337
v 0.120337 1.916582 -0.165630
v 0.063265 1.916582 -0.194709
v -0.000000 1.916582 -0.204730
v -0.063265 1.916582 -0.194709
v -0.120337 1.916582 -0.165630
v -0.165630 1.916582 -0.120337
v -0.194709 1.916582 -0.063265
v -0.204729 1.916582 -0.000000
v -0.194709 1.916582 0.063265
v -0.165630 1.916582 0.120337
v -0.120337 1.916582 0.165629
v -0.063265 1.916582 0.194709
v -0.000000 1.916582 0.204729
v 0.063265 0.530044 0.194709
v 0.120337 0.530044 0.165629
v 0.165629 0.530044 0.120337
v 0.194709 0.530044 0.063265
v 0.204729 0.530044 -0.000000
v 0.194709 0.530044 -0.063265
v 0.165629 0.530044 -0.120337
v 0.120337 0.530044 -0.165630
v 0.063265 0.530044 -0.194709
v -0.000000 0.530044 -0.204730
v -0.063265 0.530044 -0.194709
v -0.120337 0.530044 -0.165630
v -0.165630 0.530044 -0.120337
v -0.194709 0.530044 -0.063265
v -0.204729 0.530044 -0.000000
v -0.194709 0.530044 0.063265
v -0.165630 0.530044 0.120337
v -0.120337 0.530044 0.165629
v -0.063265 0.530044 0.194709
v -0.000000 0.530044 0.204729
v 0.078166 0.532362 0.240571
v 0.148681 0.532362 0.204642
v 0.204642 0.532362 0.148681
v 0.240571 0.532362 0.078166
v 0.252952 0.532362 -0.000000
v 0.240571 0.532362 -0.078167
v 0.204642 0.532362 -0.148681
v 0.148681 0.532362 -0.204642
v 0.078166 0.532362 -0.240571
v -0.000000 0.532362 -0.252952
v -0.078166 0.532362 -0.240571
v -0.148681 0.532362 -0.204642
v -0.204642 0.532362 -0.148681
v -0.240571 0.532362 -0.078167
v -0.252952 0.532362 -0.000000
v -0.240571 0.532362 0.078166
v -0.204642 0.532362 0.148681
v -0.148681 0.532362 0.204642
v -0.078166 0.532362 0.240571
v -0.000000 0.532362 0.252952
v -0.343940 1.080885 0.473393
v -0.180820 1.080885 0.556506
v -0.000000 1.080885 0.585145
v 0.180820 1.080885 0.556506
v 0.343940 1.080885 0.473393
v 0.473393 1.080885 0.343940
v 0.556506 1.080885 0.180820
v 0.585145 1.080885 -0.000000
v 0.556507 1.080885 -0.180820
v 0.473393 1.080885 -0.343940
v 0.343940 1.080885 -0.473393
v 0.180820 1.080885 -0.556507
v -0.000000 1.080885 -0.585146
v -0.180820 1.080885 -0.556507
v -0.343940 1.080885 -0.473393
v -0.473393 1.080885 -0.343940
v -0.556507 1.080885 -0.180820
v -0.585146 1.080885 -0.000000
v -0.556507 1.080885 0.180820
v -0.473393 1.080885 0.343940
v -0.358422 1.132758 0.493326
v -0.493326 1.132758 0.358422
v -0.579940 1.132758 0.188434
v -0.609784 1.132758 -0.000000
v -0.579940 1.132758 -0.188434
v -0.493326 1.132758 -0.358422
v -0.358422 1.132758 -0.493326
v -0.188434 1.132758 -0.579940
v -0.000000 1.132758 -0.609785
v 0.188434 1.132758 -0.579940
v 0.358422 1.132758 -0.493326
v 0.493326 1.132758 -0.358422
v 0.579940 1.132758 -0.188434
v 0.609784 1.132758 -0.000000
v 0.579939 1.132758 0.188434
v 0.493326 1.132758 0.358422
v 0.358422 1.132758 0.493326
v 0.188434 1.132758 0.579939
v -0.000000 1.132758 0.609784
v -0.188434 1.132758 0.579939
v -0.510987 2.090670 0.703312
v -0.703313 2.090670 0.510986
v -0.826794 2.090670 0.268641
v -0.869342 2.090670 -0.000000
v -0.826794 2.090670 -0.268642
v -0.703313 2.090670 -0.510987
v -0.510987 2.090670 -0.703313
v -0.268642 2.090670 -0.826794
v -0.000000 2.090670 -0.869342
v 0.268642 2.090670 -0.826794
v 0.510987 2.090670 -0.703313
v 0.703313 2.090670 -0.510987
v 0.826794 2.090670 -0.268642
v 0.869342 2.090670 -0.000000
v 0.826793 2.090670 0.268641
v 0.703312 2.090670 0.510986
v 0.510986 2.090670 0.703312
v 0.268641 2.090670 0.826793
v -0.000000 2.090670 0.869342
v -0.268642 2.090670 0.826793
v 0.715187 12.031654 -0.232378
v 0.608375 12.031654 -0.442010
v 0.442010 12.031654 -0.608375
v 0.232378 12.031654 -0.715187
v -0.000000 12.031654 -0.751992
v -0.232378 12.031654 -0.715187
v -0.442010 12.031654 -0.608374
v -0.608374 12.031654 -0.442010
v -0.715187 12.031654 -0.232378
v -0.751992 12.031654 -0.000000
v -0.715187 12.031654 0.232378
v -0.608374 12.031654 0.442010
v -0.442010 12.031654 0.608374
v -0.232378 12.031654 0.715187
v -0.000000 12.031654 0.751992
v 0.232378 12.031654 0.715187
v 0.442010 12.031654 0.608374
v 0.608374 12.031654 0.442010
v 0.715187 12.031654 0.232378
v 0.751992 12.031654 -0.000000
v 0.727130 12.055985 -0.236259
v 0.618534 12.055985 -0.449391
v 0.449391 12.055985 -0.618534
v 0.236259 12.055985 -0.727130
v -0.000000 12.055985 -0.764550
v -0.236259 12.055985 -0.727130
v -0.449391 12.055985 -0.618534
v -0.618533 12.055985 -0.449391
v -0.727130 12.055985 -0.236259
v -0.764549 12.055985 -0.000000
v -0.727130 12.055985 0.236259
v -0.618533 12.055985 0.449391
v -0.449391 12.055985 0.618533
v -0.236259 12.055985 0.727130
v -0.000000 12.055985 0.764549
v 0.236259 12.055985 0.727129
v 0.449391 12.055985 0.618533
v 0.618533 12.055985 0.449391
v 0.727129 12.055985 0.236259
v 0.764549 12.055985 -0.000000
v 0.678339 16.072680 -0.220406
v 0.577029 16.072680 -0.419236
v 0.419236 16.072680 -0.577029
v 0.220405 16.072680 -0.678338
v -0.000000 16.072680 -0.713247
v -0.220406 16.072680 -0.678338
v -0.419236 16.072680 -0.577029
v -0.577029 16.072680 -0.419236
v -0.678338 16.072680 -0.220406
v -0.713247 16.072680 -0.000000
v -0.678338 16.072680 0.220405
v -0.577029 16.072680 0.419236
v -0.419236 16.072680 0.577029
v -0.220405 16.072680 0.678338
v -0.000000 16.072680 0.713247
v 0.220405 16.072680 0.678338
v 0.419236 16.072680 0.577029
v 0.577029 16.072680 0.419236
v 0.678338 16.072680 0.220405
v 0.713247 16.072680 -0.000000
v 0.654403 18.201080 -0.212628
v 0.556668 18.201080 -0.404443
v 0.404443 18.201080 -0.556668
v 0.212628 18.201080 -0.654403
v -0.000000 18.201080 -0.688080
v -0.212628 18.201080 -0.654403
v -0.404443 18.201080 -0.556668
v -0.556668 18.201080 -0.404443
v -0.654403 18.201080 -0.212628
v -0.688080 18.201080 -0.000000
v -0.654403 18.201080 0.212628
v -0.556668 18.201080 0.404443
v -0.404443 18.201080 0.556668
v -0.212628 18.201080 0.654403
v -0.000000 18.201080 0.688080
v 0.212628 18.201080 0.654402
v 0.404443 18.201080 0.556668
v 0.556668 18.201080 0.404443
v 0.654402 18.201080 0.212628
v 0.688079 18.201080 -0.000000
v 0.644829 18.521408 -0.209518
v 0.548524 18.521408 -0.398526
v 0.398526 18.521408 -0.548524
v 0.209517 18.521408 -0.644829
v -0.000000 18.521408 -0.678013
v -0.209518 18.521408 -0.644829
v -0.398526 18.521408 -0.548524
v -0.548524 18.521408 -0.398526
v -0.644828 18.521408 -0.209518
v -0.678013 18.521408 -0.000000
v -0.644828 18.521408 0.209517
v -0.548524 18.521408 0.398526
v -0.398526 18.521408 0.548524
v -0.209518 18.521408 0.644828
v -0.000000 18.521408 0.678013
v 0.209517 18.521408 0.644828
v 0.398526 18.521408 0.548524
v 0.548524 18.521408 0.398526
v 0.644828 18.521408 0.209517
v 0.678013 18.521408 -0.000000
v 0.628074 18.549881 -0.204074
v 0.534272 18.549881 -0.388171
v 0.388171 18.549881 -0.534272
v 0.204074 18.549881 -0.628074
v -0.000000 18.549881 -0.660396
v -0.204074 18.549881 -0.628074
v -0.388171 18.549881 -0.534271
v -0.534271 18.549881 -0.388171
v -0.628074 18.549881 -0.204074
v -0.660396 18.549881 -0.000000
v -0.628074 18.549881 0.204073
v -0.534271 18.549881 0.388171
v -0.388171 18.549881 0.534271
v -0.204074 18.549881 0.628073
v -0.000000 18.549881 0.660396
v 0.204073 18.549881 0.628073
v 0.388171 18.549881 0.534271
v 0.534271 18.549881 0.388171
v 0.628073 18.549881 0.204073
v 0.660395 18.549881 -0.000000
v -0.000000 18.549881 -0.000000
v -0.000000 12.031654 -0.000000
v -0.442785 12.034210 0.609442
v -0.609442 12.034210 0.442785
v -0.716442 12.034210 0.232786
v -0.753311 12.034210 -0.000000
v -0.716442 12.034210 -0.232786
v -0.609442 12.034210 -0.442785
v -0.442785 12.034210 -0.609442
v -0.232786 12.034210 -0.716442
v -0.000000 12.034210 -0.753311
v 0.232786 12.034210 -0.716442
v 0.442785 12.034210 -0.609442
v 0.609442 12.034210 -0.442786
v 0.716442 12.034210 -0.232786
v 0.753311 12.034210 -0.000000
v 0.716441 12.034210 0.232786
v 0.609441 12.034210 0.442785
v 0.442785 12.034210 0.609441
v 0.232786 12.034210 0.716441
v -0.000000 12.034210 0.753311
v -0.232786 12.034210 0.716441
v -0.000000 18.543598 0.664283
v -0.205275 18.543598 0.631771
v -0.390456 18.543598 0.537417
v -0.537417 18.543598 0.390456
v -0.631771 18.543598 0.205275
v -0.664283 18.543598 -0.000000
v -0.631771 18.543598 -0.205275
v -0.537417 18.543598 -0.390456
v -0.390456 18.543598 -0.537417
v -0.205275 18.543598 -0.631771
v -0.000000 18.543598 -0.664284
v 0.205275 18.543598 -0.631771
v 0.390456 18.543598 -0.537417
v 0.537417 18.543598 -0.390456
v 0.631771 18.543598 -0.205275
v 0.664283 18.543598 -0.000000
v 0.631771 18.543598 0.205275
v 0.537416 18.543598 0.390456
v 0.390456 18.543598 0.537416
v 0.205275 18.543598 0.631771
v 0.106794 0.185010 -0.034700
v 0.090844 0.185010 -0.066002
v 0.066002 0.185010 -0.090844
v 0.034699 0.185010 -0.106794
v -0.000000 0.185010 -0.112290
v -0.034700 0.185010 -0.106794
v -0.066002 0.185010 -0.090844
v -0.090844 0.185010 -0.066002
v -0.106794 0.185010 -0.034700
v -0.112290 0.185010 -0.000000
v -0.106794 0.185010 0.034699
v -0.090844 0.185010 0.066002
v -0.066002 0.185010 0.090844
v -0.034700 0.185010 0.106794
v -0.000000 0.185010 0.112290
v 0.034699 0.185010 0.106794
v 0.066002 0.185010 0.090844
v 0.090844 0.185010 0.066002
v 0.106794 0.185010 0.034699
v 0.112290 0.185010 -0.000000
v 0.278393 0.910222 -0.090456
v 0.236815 0.910222 -0.172057
v 0.172056 0.910222 -0.236815
v 0.090455 0.910222 -0.278393
v -0.000000 0.910222 -0.292719
v -0.090456 0.910222 -0.278393
v -0.172057 0.910222 -0.236815
v -0.236815 0.910222 -0.172057
v -0.278393 0.910222 -0.090456
v -0.292720 0.910222 -0.000000
v -0.278393 0.910222 0.090455
v -0.236815 0.910222 0.172056
v -0.172057 0.910222 0.236815
v -0.090456 0.910222 0.278392
v -0.000000 0.910222 0.292719
v 0.090455 0.910222 0.278393
v 0.172056 0.910222 0.236815
v 0.236815 0.910222 0.172056
v 0.278393 0.910222 0.090455
v 0.292720 0.910222 -0.000000
v 0.092774 0.150762 -0.030144
v 0.078918 0.150762 -0.057338
v 0.057337 0.150762 -0.078918
v 0.030144 0.150762 -0.092774
v -0.000000 0.150762 -0.097549
v -0.030144 0.150762 -0.092774
v -0.057338 0.150762 -0.078918
v -0.078918 0.150762 -0.057338
v -0.092774 0.150762 -0.030144
v -0.097549 0.150762 -0.000000
v -0.092774 0.150762 0.030144
v -0.078918 0.150762 0.057337
v -0.057338 0.150762 0.078918
v -0.030144 0.150762 0.092774
v -0.000000 0.150762 0.097549
v 0.030144 0.150762 0.092774
v 0.057337 0.150762 0.078918
v 0.078918 0.150762 0.057337
v 0.092774 0.150762 0.030144
v 0.097549 0.150762 -0.000000
v 0.075750 0.126936 -0.024613
v 0.064437 0.126936 -0.046816
v 0.046816 0.126936 -0.064437
v 0.024613 0.126936 -0.075751
v -0.000000 0.126936 -0.079649
v -0.024613 0.126936 -0.075751
v -0.046816 0.126936 -0.064437
v -0.064437 0.126936 -0.046816
v -0.075751 0.126936 -0.024613
v -0.079649 0.126936 -0.000000
v -0.075751 0.126936 0.024613
v -0.064437 0.126936 0.046816
v -0.046816 0.126936 0.064437
v -0.024613 0.126936 0.075750
v -0.000000 0.126936 0.079649
v 0.024613 0.126936 0.075750
v 0.046816 0.126936 0.064437
v 0.064437 0.126936 0.046816
v 0.075750 0.126936 0.024613
v 0.079649 0.126936 -0.000000
v 0.043706 0.110557 -0.014201
v 0.037178 0.110557 -0.027012
v 0.027012 0.110557 -0.037178
v 0.014201 0.110557 -0.043706
v -0.000000 0.110557 -0.045955
v -0.014201 0.110557 -0.043706
v -0.027012 0.110557 -0.037178
v -0.037178 0.110557 -0.027012
v -0.043706 0.110557 -0.014201
v -0.045955 0.110557 -0.000000
v -0.043706 0.110557 0.014201
v -0.037178 0.110557 0.027011
v -0.027012 0.110557 0.037178
v -0.014201 0.110557 0.043706
v -0.000000 0.110557 0.045955
v 0.014201 0.110557 0.043706
v 0.027012 0.110557 0.037178
v 0.037178 0.110557 0.027011
v 0.043706 0.110557 0.014201
v 0.045955 0.110557 -0.000000
v -0.000000 0.102943 -0.000000
v -0.000000 0.910221 -0.000000
v -0.236057 0.906455 -0.171506
v -0.171506 0.906455 -0.236057
v -0.090166 0.906455 -0.277502
v -0.000000 0.906455 -0.291782
v 0.090166 0.906455 -0.277501
v 0.171506 0.906455 -0.236057
v 0.236057 0.906455 -0.171506
v 0.277501 0.906455 -0.090166
v 0.291782 0.906455 -0.000000
v 0.277501 0.906455 0.090166
v 0.236057 0.906455 0.171505
v 0.171506 0.906455 0.236057
v 0.090166 0.906455 0.277501
v -0.000000 0.906455 0.291782
v -0.090166 0.906455 0.277501
v -0.171506 0.906455 0.236057
v -0.236057 0.906455 0.171505
v -0.277502 0.906455 0.090166
v -0.291783 0.906455 -0.000000
v -0.277502 0.906455 -0.090166
v 0.622166 18.548624 -0.202154
v 0.529246 18.548624 -0.384520
v 0.384520 18.548624 -0.529246
v 0.202154 18.548624 -0.622166
v -0.000000 18.548624 -0.654184
v -0.202154 18.548624 -0.622166
v -0.384520 18.548624 -0.529246
v -0.529246 18.548624 -0.384520
v -0.622166 18.548624 -0.202154
v -0.654184 18.548624 -0.000000
v -0.622166 18.548624 0.202154
v -0.529246 18.548624 0.384519
v -0.384520 18.548624 0.529245
v -0.202154 18.548624 0.622165
v -0.000000 18.548624 0.654183
v 0.202154 18.548624 0.622165
v 0.384519 18.548624 0.529245
v 0.529245 18.548624 0.384519
v 0.622165 18.548624 0.202154
v 0.654183 18.548624 -0.000000
v 0.622166 18.975132 -0.202154
v 0.529246 18.975132 -0.384520
v 0.384520 18.975132 -0.529246
v 0.202154 18.975132 -0.622166
v -0.000000 18.975132 -0.654184
v -0.202154 18.975132 -0.622166
v -0.384520 18.975132 -0.529246
v -0.529246 18.975132 -0.384520
v -0.622166 18.975132 -0.202154
v -0.654184 18.975132 -0.000000
v -0.622166 18.975132 0.202154
v -0.529246 18.975132 0.384520
v -0.384520 18.975132 0.529245
v -0.202154 18.975132 0.622165
v -0.000000 18.975132 0.654183
v 0.202154 18.975132 0.622165
v 0.384519 18.975132 0.529245
v 0.529245 18.975132 0.384519
v 0.622165 18.975132 0.202154
v 0.654183 18.975132 -0.000000
v 0.458122 18.975132 -0.148853
v 0.389702 18.975132 -0.283135
v 0.283135 18.975132 -0.389702
v 0.148853 18.975132 -0.458122
v -0.000000 18.975132 -0.481698
v -0.148853 18.975132 -0.458122
v -0.283135 18.975132 -0.389702
v -0.389702 18.975132 -0.283135
v -0.458122 18.975132 -0.148853
v -0.481698 18.975132 -0.000000
v -0.458122 18.975132 0.148853
v -0.389702 18.975132 0.283135
v -0.283135 18.975132 0.389702
v -0.148853 18.975132 0.458122
v -0.000000 18.975132 0.481698
v 0.148853 18.975132 0.458122
v 0.283135 18.975132 0.389702
v 0.389702 18.975132 0.283135
v 0.458122 18.975132 0.148853
v 0.481698 18.975132 -0.000000
v 0.458122 18.642611 -0.148853
v 0.389702 18.642611 -0.283135
v 0.283135 18.642611 -0.389702
v 0.148853 18.642611 -0.458122
v -0.000000 18.642611 -0.481698
v -0.148853 18.642611 -0.458122
v -0.283135 18.642611 -0.389702
v -0.389702 18.642611 -0.283135
v -0.458122 18.642611 -0.148853
v -0.481698 18.642611 -0.000000
v -0.458122 18.642611 0.148853
v -0.389702 18.642611 0.283135
v -0.283135 18.642611 0.389702
v -0.148853 18.642611 0.458122
v -0.000000 18.642611 0.481698
v 0.148853 18.642611 0.458122
v 0.283135 18.642611 0.389702
v 0.389702 18.642611 0.283135
v 0.458122 18.642611 0.148853
v 0.481698 18.642611 -0.000000
v -0.000000 18.642611 -0.000000
v 0.458122 18.963934 -0.148853
v 0.481698 18.963934 -0.000000
v 0.458122 18.963934 0.148853
v 0.389702 18.963934 0.283135
v 0.283135 18.963934 0.389702
v 0.148853 18.963934 0.458122
v -0.000000 18.963934 0.481698
v -0.148853 18.963934 0.458122
v -0.283135 18.963934 0.389702
v -0.389702 18.963934 0.283135
v -0.458122 18.963934 0.148853
v -0.481698 18.963934 -0.000000
v -0.458122 18.963934 -0.148853
v -0.389702 18.963934 -0.283135
v -0.283135 18.963934 -0.389702
v -0.148853 18.963934 -0.458122
v -0.000000 18.963934 -0.481698
v 0.148853 18.963934 -0.458122
v 0.283135 18.963934 -0.389702
v 0.389702 18.963934 -0.283135
v 0.458122 18.649862 -0.148853
v 0.481698 18.649862 -0.000000
v 0.458122 18.649862 0.148853
v 0.389702 18.649862 0.283135
v 0.283135 18.649862 0.389702
v 0.148853 18.649862 0.458122
v -0.000000 18.649862 0.481698
v -0.148853 18.649862 0.458122
v -0.283135 18.649862 0.389702
v -0.389702 18.649862 0.283135
v -0.458122 18.649862 0.148853
v -0.481698 18.649862 -0.000000
v -0.458122 18.649862 -0.148853
v -0.389702 18.649862 -0.283135
v -0.283135 18.649862 -0.389702
v -0.148853 18.649862 -0.458122
v -0.000000 18.649862 -0.481698
v 0.148853 18.649862 -0.458122
v 0.283135 18.649862 -0.389702
v 0.389702 18.649862 -0.283135
v -0.622166 18.966303 0.202154
v -0.654184 18.966303 -0.000000
v -0.622166 18.966303 -0.202154
v -0.529246 18.966303 -0.384520
v -0.384520 18.966303 -0.529246
v -0.202154 18.966303 -0.622166
v -0.000000 18.966303 -0.654184
v 0.202154 18.966303 -0.622166
v 0.384520 18.966303 -0.529246
v 0.529246 18.966303 -0.384520
v 0.622166 18.966303 -0.202154
v 0.654183 18.966303 -0.000000
v 0.622165 18.966303 0.202154
v 0.529245 18.966303 0.384519
v 0.384519 18.966303 0.529245
v 0.202154 18.966303 0.622165
v -0.000000 18.966303 0.654183
v -0.202154 18.966303 0.622165
v -0.384520 18.966303 0.529245
v -0.529246 18.966303 0.384520
v -0.622166 18.556818 0.202154
v -0.654184 18.556818 -0.000000
v -0.622166 18.556818 -0.202154
v -0.529246 18.556818 -0.384520
v -0.384520 18.556818 -0.529246
v -0.202154 18.556818 -0.622166
v -0.000000 18.556818 -0.654184
v 0.202154 18.556818 -0.622166
v 0.384520 18.556818 -0.529246
v 0.529246 18.556818 -0.384520
v 0.622166 18.556818 -0.202154
v 0.654183 18.556818 -0.000000
v 0.622165 18.556818 0.202154
v 0.529245 18.556818 0.384519
v 0.384519 18.556818 0.529245
v 0.202154 18.556818 0.622165
v -0.000000 18.556818 0.654183
v -0.202154 18.556818 0.622165
v -0.384520 18.556818 0.529245
v -0.529246 18.556818 0.384519
v -0.000000 18.548624 -0.000000
v -0.384520 18.561155 0.529245
v -0.529246 18.561155 0.384519
v -0.622166 18.561155 0.202154
v -0.654184 18.561155 -0.000000
v -0.622166 18.561155 -0.202154
v -0.529246 18.561155 -0.384520
v -0.384520 18.561155 -0.529246
v -0.202154 18.561155 -0.622166
v -0.000000 18.561155 -0.654184
v 0.202154 18.561155 -0.622166
v 0.384520 18.561155 -0.529246
v 0.529246 18.561155 -0.384520
v 0.622166 18.561155 -0.202154
v 0.654183 18.561155 -0.000000
v 0.622165 18.561155 0.202154
v 0.529245 18.561155 0.384519
v 0.384519 18.561155 0.529245
v 0.202154 18.561155 0.622165
v -0.000000 18.561155 0.654183
v -0.202154 18.561155 0.622165
v 0.425647 18.676224 -0.138301
v 0.362077 18.676224 -0.263064
v 0.263064 18.676224 -0.362077
v 0.138301 18.676224 -0.425647
v -0.000000 18.676224 -0.447552
v -0.138301 18.676224 -0.425647
v -0.263064 18.676224 -0.362077
v -0.362077 18.676224 -0.263064
v -0.425647 18.676224 -0.138301
v -0.447551 18.676224 -0.000000
v -0.425647 18.676224 0.138301
v -0.362076 18.676224 0.263064
v -0.263064 18.676224 0.362076
v -0.138301 18.676224 0.425647
v -0.000000 18.676224 0.447551
v 0.138301 18.676224 0.425646
v 0.263064 18.676224 0.362076
v 0.362076 18.676224 0.263064
v 0.425646 18.676224 0.138301
v 0.447551 18.676224 -0.000000
v 0.425589 19.126678 -0.138282
v 0.362028 19.126678 -0.263028
v 0.263028 19.126678 -0.362028
v 0.138282 19.126678 -0.425589
v -0.000000 19.126678 -0.447490
v -0.138282 19.126678 -0.425589
v -0.263028 19.126678 -0.362028
v -0.362027 19.126678 -0.263028
v -0.425589 19.126678 -0.138282
v -0.447490 19.126678 -0.000000
v -0.425589 19.126678 0.138282
v -0.362027 19.126678 0.263028
v -0.263028 19.126678 0.362027
v -0.138282 19.126678 0.425589
v -0.000000 19.126678 0.447490
v 0.138282 19.126678 0.425588
v 0.263028 19.126678 0.362027
v 0.362027 19.126678 0.263028
v 0.425588 19.126678 0.138282
v 0.447490 19.126678 -0.000000
v 0.369619 19.537067 -0.120096
v 0.314416 19.537067 -0.228437
v 0.228437 19.537067 -0.314416
v 0.120096 19.537067 -0.369619
v -0.000000 19.537067 -0.388640
v -0.120096 19.537067 -0.369619
v -0.228437 19.537067 -0.314416
v -0.314416 19.537067 -0.228437
v -0.369619 19.537067 -0.120096
v -0.388640 19.537067 -0.000000
v -0.369619 19.537067 0.120096
v -0.314416 19.537067 0.228437
v -0.228437 19.537067 0.314416
v -0.120096 19.537067 0.369618
v -0.000000 19.537067 0.388640
v 0.120096 19.537067 0.369618
v 0.228437 19.537067 0.314416
v 0.314416 19.537067 0.228437
v 0.369618 19.537067 0.120096
v 0.388640 19.537067 -0.000000
v 0.344717 19.703693 -0.112005
v 0.293234 19.703693 -0.213047
v 0.213047 19.703693 -0.293234
v 0.112005 19.703693 -0.344717
v -0.000000 19.703693 -0.362457
v -0.112005 19.703693 -0.344717
v -0.213047 19.703693 -0.293234
v -0.293234 19.703693 -0.213047
v -0.344717 19.703693 -0.112005
v -0.362457 19.703693 -0.000000
v -0.344717 19.703693 0.112005
v -0.293234 19.703693 0.213047
v -0.213047 19.703693 0.293234
v -0.112005 19.703693 0.344717
v -0.000000 19.703693 0.362457
v 0.112005 19.703693 0.344717
v 0.213047 19.703693 0.293234
v 0.293234 19.703693 0.213047
v 0.344717 19.703693 0.112005
v 0.362457 19.703693 -0.000000
v 0.292839 19.820950 -0.095149
v 0.249104 19.820950 -0.180985
v 0.180985 19.820950 -0.249104
v 0.095149 19.820950 -0.292839
v -0.000000 19.820950 -0.307910
v -0.095149 19.820950 -0.292839
v -0.180985 19.820950 -0.249104
v -0.249104 19.820950 -0.180985
v -0.292839 19.820950 -0.095149
v -0.307910 19.820950 -0.000000
v -0.292839 19.820950 0.095149
v -0.249104 19.820950 0.180985
v -0.180985 19.820950 0.249104
v -0.095149 19.820950 0.292839
v -0.000000 19.820950 0.307909
v 0.095149 19.820950 0.292839
v 0.180985 19.820950 0.249104
v 0.249104 19.820950 0.180985
v 0.292839 19.820950 0.095149
v 0.307909 19.820950 -0.000000
v 0.236811 19.907351 -0.076945
v 0.201444 19.907351 -0.146358
v 0.146358 19.907351 -0.201444
v 0.076945 19.907351 -0.236811
v -0.000000 19.907351 -0.248998
v -0.076945 19.907351 -0.236811
v -0.146358 19.907351 -0.201444
v -0.201444 19.907351 -0.146358
v -0.236811 19.907351 -0.076945
v -0.248998 19.907351 -0.000000
v -0.236811 19.907351 0.076945
v -0.201444 19.907351 0.146357
v -0.146357 19.907351 0.201444
v -0.076945 19.907351 0.236811
v -0.000000 19.907351 0.248998
v 0.076945 19.907351 0.236811
v 0.146357 19.907351 0.201444
v 0.201444 19.907351 0.146357
v 0.236811 19.907351 0.076945
v 0.248998 19.907351 -0.000000
v 0.168333 19.965979 -0.054695
v 0.143192 19.965979 -0.104035
v 0.104035 19.965979 -0.143192
v 0.054695 19.965979 -0.168333
v -0.000000 19.965979 -0.176995
v -0.054695 19.965979 -0.168333
v -0.104035 19.965979 -0.143192
v -0.143192 19.965979 -0.104035
v -0.168333 19.965979 -0.054695
v -0.176995 19.965979 -0.000000
v -0.168333 19.965979 0.054695
v -0.143192 19.965979 0.104035
v -0.104035 19.965979 0.143192
v -0.054695 19.965979 0.168333
v -0.000000 19.965979 0.176995
v 0.054695 19.965979 0.168333
v 0.104035 19.965979 0.143192
v 0.143192 19.965979 0.104035
v 0.168333 19.965979 0.054695
v 0.176995 19.965979 -0.000000
v 0.087403 20.003006 -0.028399
v 0.074350 20.003006 -0.054018
v 0.054018 20.003006 -0.074350
v 0.028399 20.003006 -0.087403
v -0.000000 20.003006 -0.091901
v -0.028399 20.003006 -0.087403
v -0.054018 20.003006 -0.074350
v -0.074350 20.003006 -0.054018
v -0.087403 20.003006 -0.028399
v -0.091901 20.003006 -0.000000
v -0.087403 20.003006 0.028399
v -0.074350 20.003006 0.054018
v -0.054018 20.003006 0.074350
v -0.028399 20.003006 0.087403
v -0.000000 20.003006 0.091901
v 0.028399 20.003006 0.087403
v 0.054018 20.003006 0.074350
v 0.074350 20.003006 0.054018
v 0.087403 20.003006 0.028399
v 0.091901 20.003006 -0.000000
v -0.000000 20.011402 -0.000000
v -0.143615 18.681309 0.442001
v -0.273171 18.681309 0.375988
v -0.375988 18.681309 0.273172
v -0.442001 18.681309 0.143615
v -0.464747 18.681309 0.000000
v -0.442001 18.681309 -0.143615
v -0.375989 18.681309 -0.273172
v -0.273172 18.681309 -0.375989
v -0.143615 18.681309 -0.442001
v -0.000000 18.681309 -0.464747
v 0.143615 18.681309 -0.442001
v 0.273172 18.681309 -0.375989
v 0.375989 18.681309 -0.273172
v 0.442001 18.681309 -0.143615
v 0.464747 18.681309 0.000000
v 0.442001 18.681309 0.143615
v 0.375988 18.681309 0.273172
v 0.273171 18.681309 0.375988
v 0.143615 18.681309 0.442001
v -0.000000 18.681309 0.464747
v -0.000000 18.676224 -0.000000
vt 0.375000 0.312500
vt 0.387500 0.312500
vt 0.400000 0.312500
vt 0.412500 0.312500
vt 0.425000 0.312500
vt 0.437500 0.312500
vt 0.450000 0.312500
vt 0.462500 0.312500
vt 0.475000 0.312500
vt 0.487500 0.312500
vt 0.500000 0.312500
vt 0.512500 0.312500
vt 0.525000 0.312500
vt 0.537500 0.312500
vt 0.550000 0.312500
vt 0.562500 0.312500
vt 0.575000 0.312500
vt 0.587500 0.312500
vt 0.600000 0.312500
vt 0.612500 0.312500
vt 0.625000 0.312500
vt 0.375000 0.688440
vt 0.387500 0.688440
vt 0.400000 0.688440
vt 0.412500 0.688440
vt 0.425000 0.688440
vt 0.437500 0.688440
vt 0.450000 0.688440
vt 0.462500 0.688440
vt 0.475000 0.688440
vt 0.487500 0.688440
vt 0.500000 0.688440
vt 0.512500 0.688440
vt 0.525000 0.688440
vt 0.537500 0.688440
vt 0.550000 0.688440
vt 0.562500 0.688440
vt 0.575000 0.688440
vt 0.587500 0.688440
vt 0.600000 0.688440
vt 0.612500 0.688440
vt 0.625000 0.688440
vt 0.000000 0.000000
vt 1.000000 0.000000
vt 1.000000 1.000000
vt 0.000000 1.000000
vt 0.000000 0.000000
vt 1.000000 0.000000
vt 1.000000 1.000000
vt 0.000000 1.000000
vt 0.000000 0.000000
vt 1.000000 0.000000
vt 1.000000 1.000000
vt 0.000000 1.000000
vt 0.000000 0.000000
vt 1.000000 0.000000
vt 1.000000 1.000000
vt 0.000000 1.000000
vt 0.000000 0.000000
vt 1.000000 0.000000
vt 1.000000 1.000000
vt 0.000000 1.000000
vt 0.000000 0.000000
vt 1.000000 0.000000
vt 1.000000 1.000000
vt 0.000000 1.000000
vt 0.000000 0.000000
vt 1.000000 0.000000
vt 1.000000 1.000000
vt 0.000000 1.000000
vt 0.000000 0.000000
vt 1.000000 0.000000
vt 1.000000 1.000000
vt 0.000000 1.000000
vt 0.000000 0.000000
vt 1.000000 0.000000
vt 1.000000 1.000000
vt 0.000000 1.000000
vt 0.000000 0.000000
vt 1.000000 0.000000
vt 1.000000 1.000000
vt 0.000000 1.000000
vt 0.000000 0.000000
vt 1.000000 0.000000
vt 1.000000 1.000000
vt 0.000000 1.000000
vt 0.000000 0.000000
vt 1.000000 0.000000
vt 1.000000 1.000000
vt 0.000000 1.000000
vt 0.000000 0.000000
vt 1.000000 0.000000
vt 1.000000 1.000000
vt 0.000000 1.000000
vt 0.000000 0.000000
vt 1.000000 0.000000
vt 1.000000 1.000000
vt 0.000000 1.000000
vt 0.000000 0.000000
vt 1.000000 0.000000
vt 1.000000 1.000000
vt 0.000000 1.000000
vt 0.000000 0.000000
vt 1.000000 0.000000
vt 1.000000 1.000000
vt 0.000000 1.000000
vt 0.000000 0.000000
vt 1.000000 0.000000
vt 1.000000 1.000000
vt 0.000000 1.000000
vt 0.000000 0.000000
vt 1.000000 0.000000
vt 1.000000 1.000000
vt 0.000000 1.000000
vt 0.000000 0.000000
vt 1.000000 0.000000
vt 1.000000 1.000000
vt 0.000000 1.000000
vt 0.000000 0.000000
vt 1.000000 0.000000
vt 1.000000 1.000000
vt 0.000000 1.000000
vt 0.000000 0.000000
vt 1.000000 0.000000
vt 1.000000 1.000000
vt 0.000000 1.000000
vt 0.000000 0.000000
vt 1.000000 0.000000
vt 1.000000 1.000000
vt 0.000000 1.000000
vt 0.000000 0.000000
vt 1.000000 0.000000
vt 1.000000 1.000000
vt 0.000000 1.000000
vt 0.000000 0.000000
vt 1.000000 0.000000
vt 1.000000 1.000000
vt 0.000000 1.000000
vt 0.000000 0.000000
vt 1.000000 0.000000
vt 1.000000 1.000000
vt 0.000000 1.000000
vt 0.000000 0.000000
vt 1.000000 0.000000
vt 1.000000 1.000000
vt 0.000000 1.000000
vt 0.000000 0.000000
vt 1.000000 0.000000
vt 1.000000 1.000000
vt 0.000000 1.000000
vt 0.000000 0.000000
vt 1.000000 0.000000
vt 1.000000 1.000000
vt 0.000000 1.000000
vt 0.000000 0.000000
vt 1.000000 0.000000
vt 1.000000 1.000000
vt 0.000000 1.000000
vt 0.000000 0.000000
vt 1.000000 0.000000
vt 1.000000 1.000000
vt 0.000000 1.000000
vt 0.000000 0.000000
vt 1.000000 0.000000
vt 1.000000 1.000000
vt 0.000000 1.000000
vt 0.000000 0.000000
vt 1.000000 0.000000
vt 1.000000 1.000000
vt 0.000000 1.000000
vt 0.000000 0.000000
vt 1.000000 0.000000
vt 1.000000 1.000000
vt 0.000000 1.000000
vt 0.000000 0.000000
vt 1.000000 0.000000
vt 1.000000 1.000000
vt 0.000000 1.000000
vt 0.000000 0.000000
vt 1.000000 0.000000
vt 1.000000 1.000000
vt 0.000000 1.000000
vt 0.000000 0.000000
vt 1.000000 0.000000
vt 1.000000 1.000000
vt 0.000000 1.000000
vt 0.000000 0.000000
vt 1.000000 0.000000
vt 1.000000 1.000000
vt 0.000000 1.000000
vt 0.000000 0.000000
vt 1.000000 0.000000
vt 1.000000 1.000000
vt 0.000000 1.000000
vt 0.000000 0.000000
vt 1.000000 0.000000
vt 1.000000 1.000000
vt 0.000000 1.000000
vt 0.000000 0.000000
vt 1.000000 0.000000
vt 1.000000 1.000000
vt 0.000000 1.000000
vt 0.000000 0.000000
vt 1.000000 0.000000
vt 1.000000 1.000000
vt 0.000000 1.000000
vt 0.000000 0.000000
vt 1.000000 0.000000
vt 1.000000 1.000000
vt 0.000000 1.000000
vt 0.000000 0.000000
vt 1.000000 0.000000
vt 1.000000 1.000000
vt 0.000000 1.000000
vt 0.000000 0.000000
vt 1.000000 0.000000
vt 1.000000 1.000000
vt 0.000000 1.000000
vt 0.000000 0.000000
vt 1.000000 0.000000
vt 1.000000 1.000000
vt 0.000000 1.000000
vt 0.000000 0.000000
vt 1.000000 0.000000
vt 1.000000 1.000000
vt 0.000000 1.000000
vt 0.000000 0.000000
vt 1.000000 0.000000
vt 1.000000 1.000000
vt 0.000000 1.000000
vt 0.000000 0.000000
vt 1.000000 0.000000
vt 1.000000 1.000000
vt 0.000000 1.000000
vt 0.000000 0.000000
vt 1.000000 0.000000
vt 1.000000 1.000000
vt 0.000000 1.000000
vt 0.000000 0.000000
vt 1.000000 0.000000
vt 1.000000 1.000000
vt 0.000000 1.000000
vt 0.000000 0.000000
vt 1.000000 0.000000
vt 1.000000 1.000000
vt 0.000000 1.000000
vt 0.000000 0.000000
vt 1.000000 0.000000
vt 1.000000 1.000000
vt 0.000000 1.000000
vt 0.000000 0.000000
vt 1.000000 0.000000
vt 1.000000 1.000000
vt 0.000000 1.000000
vt 0.000000 0.000000
vt 1.000000 0.000000
vt 1.000000 1.000000
vt 0.000000 1.000000
vt 0.000000 0.000000
vt 1.000000 0.000000
vt 1.000000 1.000000
vt 0.000000 1.000000
vt 0.000000 0.000000
vt 1.000000 0.000000
vt 1.000000 1.000000
vt 0.000000 1.000000
vt 0.000000 0.000000
vt 1.000000 0.000000
vt 1.000000 1.000000
vt 0.000000 1.000000
vt 0.000000 0.000000
vt 1.000000 0.000000
vt 1.000000 1.000000
vt 0.000000 1.000000
vt 0.000000 0.000000
vt 1.000000 0.000000
vt 1.000000 1.000000
vt 0.000000 1.000000
vt 0.000000 0.000000
vt 1.000000 0.000000
vt 1.000000 1.000000
vt 0.000000 1.000000
vt 0.000000 0.000000
vt 1.000000 0.000000
vt 1.000000 1.000000
vt 0.000000 1.000000
vt 0.000000 0.000000
vt 1.000000 0.000000
vt 1.000000 1.000000
vt 0.000000 1.000000
vt 0.000000 0.000000
vt 1.000000 0.000000
vt 1.000000 1.000000
vt 0.000000 1.000000
vt 0.000000 0.000000
vt 1.000000 0.000000
vt 1.000000 1.000000
vt 0.000000 1.000000
vt 0.000000 0.000000
vt 1.000000 0.000000
vt 1.000000 1.000000
vt 0.000000 1.000000
vt 0.000000 0.000000
vt 1.000000 0.000000
vt 1.000000 1.000000
vt 0.000000 1.000000
vt 0.000000 0.000000
vt 1.000000 0.000000
vt 1.000000 1.000000
vt 0.000000 1.000000
vt 0.000000 0.000000
vt 1.000000 0.000000
vt 1.000000 1.000000
vt 0.000000 1.000000
vt 0.000000 0.000000
vt 1.000000 0.000000
vt 1.000000 1.000000
vt 0.000000 1.000000
vt 0.000000 0.000000
vt 1.000000 0.000000
vt 1.000000 1.000000
vt 0.000000 1.000000
vt 0.000000 0.000000
vt 1.000000 0.000000
vt 1.000000 1.000000
vt 0.000000 1.000000
vt 0.000000 0.000000
vt 1.000000 0.000000
vt 1.000000 1.000000
vt 0.000000 1.000000
vt 0.000000 0.000000
vt 1.000000 0.000000
vt 1.000000 1.000000
vt 0.000000 1.000000
vt 0.000000 0.000000
vt 1.000000 0.000000
vt 1.000000 1.000000
vt 0.000000 1.000000
vt 0.000000 0.000000
vt 1.000000 0.000000
vt 1.000000 1.000000
vt 0.000000 1.000000
vt 0.000000 0.000000
vt 1.000000 0.000000
vt 1.000000 1.000000
vt 0.000000 1.000000
vt 0.000000 0.000000
vt 1.000000 0.000000
vt 1.000000 1.000000
vt 0.000000 1.000000
vt 0.000000 0.000000
vt 1.000000 0.000000
vt 1.000000 1.000000
vt 0.000000 1.000000
vt 0.000000 0.000000
vt 1.000000 0.000000
vt 1.000000 1.000000
vt 0.000000 1.000000
vt 0.000000 0.000000
vt 1.000000 0.000000
vt 1.000000 1.000000
vt 0.000000 1.000000
vt 0.000000 0.000000
vt 1.000000 0.000000
vt 1.000000 1.000000
vt 0.000000 1.000000
vt 0.000000 0.000000
vt 1.000000 0.000000
vt 1.000000 1.000000
vt 0.000000 1.000000
vt 0.000000 0.000000
vt 1.000000 0.000000
vt 1.000000 1.000000
vt 0.000000 1.000000
vt 0.000000 0.000000
vt 1.000000 0.000000
vt 1.000000 1.000000
vt 0.000000 1.000000
vt 0.000000 0.000000
vt 1.000000 0.000000
vt 1.000000 1.000000
vt 0.000000 1.000000
vt 0.000000 0.000000
vt 1.000000 0.000000
vt 1.000000 1.000000
vt 0.000000 1.000000
vt 0.000000 0.000000
vt 1.000000 0.000000
vt 1.000000 1.000000
vt 0.000000 1.000000
vt 0.000000 0.000000
vt 1.000000 0.000000
vt 1.000000 1.000000
vt 0.000000 1.000000
vt 0.000000 0.000000
vt 1.000000 0.000000
vt 1.000000 1.000000
vt 0.000000 1.000000
vt 0.000000 0.000000
vt 1.000000 0.000000
vt 1.000000 1.000000
vt 0.000000 1.000000
vt 0.000000 0.000000
vt 1.000000 0.000000
vt 1.000000 1.000000
vt 0.000000 1.000000
vt 0.000000 0.000000
vt 1.000000 0.000000
vt 1.000000 1.000000
vt 0.000000 1.000000
vt 0.000000 0.000000
vt 1.000000 0.000000
vt 1.000000 1.000000
vt 0.000000 1.000000
vt 0.000000 0.000000
vt 1.000000 0.000000
vt 1.000000 1.000000
vt 0.000000 1.000000
vt 0.000000 0.000000
vt 1.000000 0.000000
vt 1.000000 1.000000
vt 0.000000 1.000000
vt 0.000000 0.000000
vt 1.000000 0.000000
vt 1.000000 1.000000
vt 0.000000 1.000000
vt 0.000000 0.000000
vt 1.000000 0.000000
vt 1.000000 1.000000
vt 0.000000 1.000000
vt 0.000000 0.000000
vt 1.000000 0.000000
vt 1.000000 1.000000
vt 0.000000 1.000000
vt 0.000000 0.000000
vt 1.000000 0.000000
vt 1.000000 1.000000
vt 0.000000 1.000000
vt 0.000000 0.000000
vt 1.000000 0.000000
vt 1.000000 1.000000
vt 0.000000 1.000000
vt 0.000000 0.000000
vt 1.000000 0.000000
vt 1.000000 1.000000
vt 0.000000 1.000000
vt 0.000000 0.000000
vt 1.000000 0.000000
vt 1.000000 1.000000
vt 0.000000 1.000000
vt 0.000000 0.000000
vt 1.000000 0.000000
vt 1.000000 1.000000
vt 0.000000 1.000000
vt 0.000000 0.000000
vt 1.000000 0.000000
vt 1.000000 1.000000
vt 0.000000 1.000000
vt 0.000000 0.000000
vt 1.000000 0.000000
vt 1.000000 1.000000
vt 0.000000 1.000000
vt 0.000000 0.000000
vt 1.000000 0.000000
vt 1.000000 1.000000
vt 0.000000 1.000000
vt 0.000000 0.000000
vt 1.000000 0.000000
vt 1.000000 1.000000
vt 0.000000 1.000000
vt 0.000000 0.000000
vt 1.000000 0.000000
vt 1.000000 1.000000
vt 0.000000 1.000000
vt 0.000000 0.000000
vt 1.000000 0.000000
vt 1.000000 1.000000
vt 0.000000 1.000000
vt 0.000000 0.000000
vt 1.000000 0.000000
vt 1.000000 1.000000
vt 0.000000 1.000000
vt 0.000000 0.000000
vt 1.000000 0.000000
vt 1.000000 1.000000
vt 0.000000 1.000000
vt 0.000000 0.000000
vt 1.000000 0.000000
vt 1.000000 1.000000
vt 0.000000 1.000000
vt 0.000000 0.000000
vt 1.000000 0.000000
vt 1.000000 1.000000
vt 0.000000 1.000000
vt 0.000000 0.000000
vt 1.000000 0.000000
vt 1.000000 1.000000
vt 0.000000 1.000000
vt 0.000000 0.000000
vt 1.000000 0.000000
vt 1.000000 1.000000
vt 0.000000 1.000000
vt 0.000000 0.000000
vt 1.000000 0.000000
vt 1.000000 1.000000
vt 0.000000 1.000000
vt 0.000000 0.000000
vt 1.000000 0.000000
vt 1.000000 1.000000
vt 0.000000 1.000000
vt 0.000000 0.000000
vt 1.000000 0.000000
vt 1.000000 1.000000
vt 0.000000 1.000000
vt 0.000000 0.000000
vt 1.000000 0.000000
vt 1.000000 1.000000
vt 0.000000 1.000000
vt 0.000000 0.000000
vt 1.000000 0.000000
vt 1.000000 1.000000
vt 0.000000 1.000000
vt 0.000000 0.000000
vt 1.000000 0.000000
vt 1.000000 1.000000
vt 0.000000 1.000000
vt 0.000000 0.000000
vt 1.000000 0.000000
vt 1.000000 1.000000
vt 0.000000 1.000000
vt 0.000000 0.000000
vt 1.000000 0.000000
vt 1.000000 1.000000
vt 0.000000 1.000000
vt 0.000000 0.000000
vt 1.000000 0.000000
vt 1.000000 1.000000
vt 0.000000 1.000000
vt 0.000000 0.000000
vt 1.000000 0.000000
vt 1.000000 1.000000
vt 0.000000 1.000000
vt 0.000000 0.000000
vt 1.000000 0.000000
vt 1.000000 1.000000
vt 0.000000 1.000000
vt 0.000000 0.000000
vt 1.000000 0.000000
vt 1.000000 1.000000
vt 0.000000 1.000000
vt 0.000000 0.000000
vt 1.000000 0.000000
vt 1.000000 1.000000
vt 0.000000 1.000000
vt 0.000000 0.000000
vt 1.000000 0.000000
vt 1.000000 1.000000
vt 0.000000 1.000000
vt 0.000000 0.000000
vt 1.000000 0.000000
vt 1.000000 1.000000
vt 0.000000 1.000000
vt 0.000000 0.000000
vt 1.000000 0.000000
vt 1.000000 1.000000
vt 0.000000 1.000000
vt 0.000000 0.000000
vt 1.000000 0.000000
vt 1.000000 1.000000
vt 0.000000 1.000000
vt 0.000000 0.000000
vt 1.000000 0.000000
vt 1.000000 1.000000
vt 0.000000 1.000000
vt 0.000000 0.000000
vt 1.000000 0.000000
vt 1.000000 1.000000
vt 0.000000 1.000000
vt 0.000000 0.000000
vt 1.000000 0.000000
vt 1.000000 1.000000
vt 0.000000 1.000000
vt 0.000000 0.000000
vt 1.000000 0.000000
vt 1.000000 1.000000
vt 0.000000 1.000000
vt 0.000000 0.000000
vt 1.000000 0.000000
vt 1.000000 1.000000
vt 0.000000 1.000000
vt 0.000000 0.000000
vt 1.000000 0.000000
vt 1.000000 1.000000
vt 0.000000 1.000000
vt 0.000000 0.000000
vt 1.000000 0.000000
vt 1.000000 1.000000
vt 0.000000 1.000000
vt 0.000000 0.000000
vt 1.000000 0.000000
vt 1.000000 1.000000
vt 0.000000 1.000000
vt 0.000000 0.000000
vt 1.000000 0.000000
vt 1.000000 1.000000
vt 0.000000 1.000000
vt 0.000000 0.000000
vt 1.000000 0.000000
vt 1.000000 1.000000
vt 0.000000 1.000000
vt 0.000000 0.000000
vt 1.000000 0.000000
vt 1.000000 1.000000
vt 0.000000 1.000000
vt 0.000000 0.000000
vt 1.000000 0.000000
vt 1.000000 1.000000
vt 0.000000 1.000000
vt 0.000000 0.000000
vt 1.000000 0.000000
vt 1.000000 1.000000
vt 0.000000 1.000000
vt 0.000000 0.000000
vt 1.000000 0.000000
vt 1.000000 1.000000
vt 0.000000 1.000000
vt 0.000000 0.000000
vt 1.000000 0.000000
vt 1.000000 1.000000
vt 0.000000 1.000000
vt 0.000000 0.000000
vt 1.000000 0.000000
vt 1.000000 1.000000
vt 0.000000 1.000000
vt 0.000000 0.000000
vt 1.000000 0.000000
vt 1.000000 1.000000
vt 0.000000 1.000000
vt 0.000000 0.000000
vt 1.000000 0.000000
vt 1.000000 1.000000
vt 0.000000 1.000000
vt 0.000000 0.000000
vt 1.000000 0.000000
vt 1.000000 1.000000
vt 0.000000 1.000000
vt 0.000000 0.000000
vt 1.000000 0.000000
vt 1.000000 1.000000
vt 0.000000 1.000000
vt 0.000000 0.000000
vt 1.000000 0.000000
vt 1.000000 1.000000
vt 0.000000 1.000000
vt 0.000000 0.000000
vt 1.000000 0.000000
vt 1.000000 1.000000
vt 0.000000 1.000000
vt 0.000000 0.000000
vt 1.000000 0.000000
vt 1.000000 1.000000
vt 0.000000 1.000000
vt 0.000000 0.000000
vt 1.000000 0.000000
vt 1.000000 1.000000
vt 0.000000 1.000000
vt 0.000000 0.000000
vt 1.000000 0.000000
vt 1.000000 1.000000
vt 0.000000 1.000000
vt 0.000000 0.000000
vt 1.000000 0.000000
vt 1.000000 1.000000
vt 0.000000 1.000000
vt 0.000000 0.000000
vt 1.000000 0.000000
vt 1.000000 1.000000
vt 0.000000 1.000000
vt 0.000000 0.000000
vt 1.000000 0.000000
vt 1.000000 1.000000
vt 0.000000 1.000000
vt 0.000000 0.000000
vt 1.000000 0.000000
vt 1.000000 1.000000
vt 0.000000 1.000000
vt 0.000000 0.000000
vt 1.000000 0.000000
vt 1.000000 1.000000
vt 0.000000 1.000000
vt 0.000000 0.000000
vt 1.000000 0.000000
vt 1.000000 1.000000
vt 0.000000 1.000000
vt 0.000000 0.000000
vt 1.000000 0.000000
vt 1.000000 1.000000
vt 0.000000 1.000000
vt 0.000000 0.000000
vt 1.000000 0.000000
vt 1.000000 1.000000
vt 0.000000 1.000000
vt 0.000000 0.000000
vt 1.000000 0.000000
vt 1.000000 1.000000
vt 0.000000 1.000000
vt 0.000000 0.000000
vt 1.000000 0.000000
vt 1.000000 1.000000
vt 0.000000 1.000000
vt 0.000000 0.000000
vt 1.000000 0.000000
vt 1.000000 1.000000
vt 0.000000 1.000000
vt 0.000000 0.000000
vt 1.000000 0.000000
vt 1.000000 1.000000
vt 0.000000 1.000000
vt 0.000000 0.000000
vt 1.000000 0.000000
vt 1.000000 1.000000
vt 0.000000 1.000000
vt 0.000000 0.000000
vt 1.000000 0.000000
vt 1.000000 1.000000
vt 0.000000 1.000000
vt 0.000000 0.000000
vt 1.000000 0.000000
vt 1.000000 1.000000
vt 0.000000 1.000000
vt 0.000000 0.000000
vt 1.000000 0.000000
vt 1.000000 1.000000
vt 0.000000 1.000000
vt 0.000000 0.000000
vt 1.000000 0.000000
vt 1.000000 1.000000
vt 0.000000 1.000000
vt 0.000000 0.000000
vt 1.000000 0.000000
vt 1.000000 1.000000
vt 0.000000 1.000000
vt 0.000000 0.000000
vt 1.000000 0.000000
vt 1.000000 1.000000
vt 0.000000 1.000000
vt 0.000000 0.000000
vt 1.000000 0.000000
vt 1.000000 1.000000
vt 0.000000 1.000000
vt 0.000000 0.000000
vt 1.000000 0.000000
vt 1.000000 1.000000
vt 0.000000 1.000000
vt 0.000000 0.000000
vt 1.000000 0.000000
vt 0.500000 1.000000
vt 0.000000 0.000000
vt 1.000000 0.000000
vt 0.500000 1.000000
vt 0.000000 0.000000
vt 1.000000 0.000000
vt 0.500000 1.000000
vt 0.000000 0.000000
vt 1.000000 0.000000
vt 0.500000 1.000000
vt 0.000000 0.000000
vt 1.000000 0.000000
vt 0.500000 1.000000
vt 0.000000 0.000000
vt 1.000000 0.000000
vt 0.500000 1.000000
vt 0.000000 0.000000
vt 1.000000 0.000000
vt 0.500000 1.000000
vt 0.000000 0.000000
vt 1.000000 0.000000
vt 0.500000 1.000000
vt 0.000000 0.000000
vt 1.000000 0.000000
vt 0.500000 1.000000
vt 0.000000 0.000000
vt 1.000000 0.000000
vt 0.500000 1.000000
vt 0.000000 0.000000
vt 1.000000 0.000000
vt 0.500000 1.000000
vt 0.000000 0.000000
vt 1.000000 0.000000
vt 0.500000 1.000000
vt 0.000000 0.000000
vt 1.000000 0.000000
vt 0.500000 1.000000
vt 0.000000 0.000000
vt 1.000000 0.000000
vt 0.500000 1.000000
vt 0.000000 0.000000
vt 1.000000 0.000000
vt 0.500000 1.000000
vt 0.000000 0.000000
vt 1.000000 0.000000
vt 0.500000 1.000000
vt 0.000000 0.000000
vt 1.000000 0.000000
vt 0.500000 1.000000
vt 0.000000 0.000000
vt 1.000000 0.000000
vt 0.500000 1.000000
vt 0.000000 0.000000
vt 1.000000 0.000000
vt 0.500000 1.000000
vt 0.000000 0.000000
vt 1.000000 0.000000
vt 0.500000 1.000000
vt 0.000000 0.000000
vt 1.000000 0.000000
vt 1.000000 1.000000
vt 0.000000 1.000000
vt 0.000000 0.000000
vt 1.000000 0.000000
vt 1.000000 1.000000
vt 0.000000 1.000000
vt 0.000000 0.000000
vt 1.000000 0.000000
vt 1.000000 1.000000
vt 0.000000 1.000000
vt 0.000000 0.000000
vt 1.000000 0.000000
vt 1.000000 1.000000
vt 0.000000 1.000000
vt 0.000000 0.000000
vt 1.000000 0.000000
vt 1.000000 1.000000
vt 0.000000 1.000000
vt 0.000000 0.000000
vt 1.000000 0.000000
vt 1.000000 1.000000
vt 0.000000 1.000000
vt 0.000000 0.000000
vt 1.000000 0.000000
vt 1.000000 1.000000
vt 0.000000 1.000000
vt 0.000000 0.000000
vt 1.000000 0.000000
vt 1.000000 1.000000
vt 0.000000 1.000000
vt 0.000000 0.000000
vt 1.000000 0.000000
vt 1.000000 1.000000
vt 0.000000 1.000000
vt 0.000000 0.000000
vt 1.000000 0.000000
vt 1.000000 1.000000
vt 0.000000 1.000000
vt 0.000000 0.000000
vt 1.000000 0.000000
vt 1.000000 1.000000
vt 0.000000 1.000000
vt 0.000000 0.000000
vt 1.000000 0.000000
vt 1.000000 1.000000
vt 0.000000 1.000000
vt 0.000000 0.000000
vt 1.000000 0.000000
vt 1.000000 1.000000
vt 0.000000 1.000000
vt 0.000000 0.000000
vt 1.000000 0.000000
vt 1.000000 1.000000
vt 0.000000 1.000000
vt 0.000000 0.000000
vt 1.000000 0.000000
vt 1.000000 1.000000
vt 0.000000 1.000000
vt 0.000000 0.000000
vt 1.000000 0.000000
vt 1.000000 1.000000
vt 0.000000 1.000000
vt 0.000000 0.000000
vt 1.000000 0.000000
vt 1.000000 1.000000
vt 0.000000 1.000000
vt 0.000000 0.000000
vt 1.000000 0.000000
vt 1.000000 1.000000
vt 0.000000 1.000000
vt 0.000000 0.000000
vt 1.000000 0.000000
vt 1.000000 1.000000
vt 0.000000 1.000000
vt 0.000000 0.000000
vt 1.000000 0.000000
vt 1.000000 1.000000
vt 0.000000 1.000000
vt 0.000000 0.000000
vt 1.000000 0.000000
vt 1.000000 1.000000
vt 0.000000 1.000000
vt 0.000000 0.000000
vt 1.000000 0.000000
vt 1.000000 1.000000
vt 0.000000 1.000000
vt 0.000000 0.000000
vt 1.000000 0.000000
vt 1.000000 1.000000
vt 0.000000 1.000000
vt 0.000000 0.000000
vt 1.000000 0.000000
vt 1.000000 1.000000
vt 0.000000 1.000000
vt 0.000000 0.000000
vt 1.000000 0.000000
vt 1.000000 1.000000
vt 0.000000 1.000000
vt 0.000000 0.000000
vt 1.000000 0.000000
vt 1.000000 1.000000
vt 0.000000 1.000000
vt 0.000000 0.000000
vt 1.000000 0.000000
vt 1.000000 1.000000
vt 0.000000 1.000000
vt 0.000000 0.000000
vt 1.000000 0.000000
vt 1.000000 1.000000
vt 0.000000 1.000000
vt 0.000000 0.000000
vt 1.000000 0.000000
vt 1.000000 1.000000
vt 0.000000 1.000000
vt 0.000000 0.000000
vt 1.000000 0.000000
vt 1.000000 1.000000
vt 0.000000 1.000000
vt 0.000000 0.000000
vt 1.000000 0.000000
vt 1.000000 1.000000
vt 0.000000 1.000000
vt 0.000000 0.000000
vt 1.000000 0.000000
vt 1.000000 1.000000
vt 0.000000 1.000000
vt 0.000000 0.000000
vt 1.000000 0.000000
vt 1.000000 1.000000
vt 0.000000 1.000000
vt 0.000000 0.000000
vt 1.000000 0.000000
vt 1.000000 1.000000
vt 0.000000 1.000000
vt 0.000000 0.000000
vt 1.000000 0.000000
vt 1.000000 1.000000
vt 0.000000 1.000000
vt 0.000000 0.000000
vt 1.000000 0.000000
vt 1.000000 1.000000
vt 0.000000 1.000000
vt 0.000000 0.000000
vt 1.000000 0.000000
vt 1.000000 1.000000
vt 0.000000 1.000000
vt 0.000000 0.000000
vt 1.000000 0.000000
vt 1.000000 1.000000
vt 0.000000 1.000000
vt 0.000000 0.000000
vt 1.000000 0.000000
vt 1.000000 1.000000
vt 0.000000 1.000000
vt 0.000000 0.000000
vt 1.000000 0.000000
vt 1.000000 1.000000
vt 0.000000 1.000000
vt 0.000000 0.000000
vt 1.000000 0.000000
vt 0.500000 1.000000
vt 0.000000 0.000000
vt 1.000000 0.000000
vt 0.500000 1.000000
vt 0.000000 0.000000
vt 1.000000 0.000000
vt 0.500000 1.000000
vt 0.000000 0.000000
vt 1.000000 0.000000
vt 0.500000 1.000000
vt 0.000000 0.000000
vt 1.000000 0.000000
vt 0.500000 1.000000
vt 0.000000 0.000000
vt 1.000000 0.000000
vt 0.500000 1.000000
vt 0.000000 0.000000
vt 1.000000 0.000000
vt 0.500000 1.000000
vt 0.000000 0.000000
vt 1.000000 0.000000
vt 0.500000 1.000000
vt 0.000000 0.000000
vt 1.000000 0.000000
vt 0.500000 1.000000
vt 0.000000 0.000000
vt 1.000000 0.000000
vt 0.500000 1.000000
vt 0.000000 0.000000
vt 1.000000 0.000000
vt 0.500000 1.000000
vt 0.000000 0.000000
vt 1.000000 0.000000
vt 0.500000 1.000000
vt 0.000000 0.000000
vt 1.000000 0.000000
vt 0.500000 1.000000
vt 0.000000 0.000000
vt 1.000000 0.000000
vt 0.500000 1.000000
vt 0.000000 0.000000
vt 1.000000 0.000000
vt 0.500000 1.000000
vt 0.000000 0.000000
vt 1.000000 0.000000
vt 0.500000 1.000000
vt 0.000000 0.000000
vt 1.000000 0.000000
vt 0.500000 1.000000
vt 0.000000 0.000000
vt 1.000000 0.000000
vt 0.500000 1.000000
vt 0.000000 0.000000
vt 1.000000 0.000000
vt 0.500000 1.000000
vt 0.000000 0.000000
vt 1.000000 0.000000
vt 0.500000 1.000000
vt 1.000000 0.824176
vt 0.000000 0.824176
vt 1.000000 0.824176
vt 0.000000 0.824176
vt 1.000000 0.824176
vt 0.000000 0.824176
vt 1.000000 0.824176
vt 0.000000 0.824176
vt 1.000000 0.824176
vt 0.000000 0.824176
vt 1.000000 0.824176
vt 0.000000 0.824176
vt 1.000000 0.824176
vt 0.000000 0.824176
vt 1.000000 0.824176
vt 0.000000 0.824176
vt 1.000000 0.824176
vt 0.000000 0.824176
vt 1.000000 0.824176
vt 0.000000 0.824176
vt 1.000000 0.824176
vt 0.000000 0.824176
vt 1.000000 0.824176
vt 0.000000 0.824176
vt 1.000000 0.824176
vt 0.000000 0.824176
vt 1.000000 0.824176
vt 0.000000 0.824176
vt 1.000000 0.824176
vt 0.000000 0.824176
vt 1.000000 0.824176
vt 0.000000 0.824176
vt 1.000000 0.824176
vt 0.000000 0.824176
vt 1.000000 0.824176
vt 0.000000 0.824176
vt 1.000000 0.824176
vt 0.000000 0.824176
vt 1.000000 0.824176
vt 0.000000 0.824176
vt 1.000000 0.999942
vt 0.000000 0.999942
vt 1.000000 0.999942
vt 0.000000 0.999942
vt 1.000000 0.999942
vt 0.000000 0.999942
vt 1.000000 0.999942
vt 0.000000 0.999942
vt 1.000000 0.999942
vt 0.000000 0.999942
vt 1.000000 0.999942
vt 0.000000 0.999942
vt 1.000000 0.999942
vt 0.000000 0.999942
vt 1.000000 0.999942
vt 0.000000 0.999942
vt 1.000000 0.999942
vt 0.000000 0.999942
vt 1.000000 0.999942
vt 0.000000 0.999942
vt 1.000000 0.999942
vt 0.000000 0.999942
vt 1.000000 0.999942
vt 0.000000 0.999942
vt 1.000000 0.999942
vt 0.000000 0.999942
vt 1.000000 0.999942
vt 0.000000 0.999942
vt 1.000000 0.999942
vt 0.000000 0.999942
vt 1.000000 0.999942
vt 0.000000 0.999942
vt 1.000000 0.999942
vt 0.000000 0.999942
vt 1.000000 0.999942
vt 0.000000 0.999942
vt 1.000000 0.999942
vt 0.000000 0.999942
vt 1.000000 0.999942
vt 0.000000 0.999942
vt 0.000000 0.000000
vt 1.000000 0.000000
vt 1.000000 1.000000
vt 0.000000 1.000000
vt 0.000000 0.000000
vt 1.000000 0.000000
vt 1.000000 1.000000
vt 0.000000 1.000000
vt 0.000000 0.000000
vt 1.000000 0.000000
vt 1.000000 1.000000
vt 0.000000 1.000000
vt 0.000000 0.000000
vt 1.000000 0.000000
vt 1.000000 1.000000
vt 0.000000 1.000000
vt 0.000000 0.000000
vt 1.000000 0.000000
vt 1.000000 1.000000
vt 0.000000 1.000000
vt 0.000000 0.000000
vt 1.000000 0.000000
vt 1.000000 1.000000
vt 0.000000 1.000000
vt 0.000000 0.000000
vt 1.000000 0.000000
vt 1.000000 1.000000
vt 0.000000 1.000000
vt 0.000000 0.000000
vt 1.000000 0.000000
vt 1.000000 1.000000
vt 0.000000 1.000000
vt 0.000000 0.000000
vt 1.000000 0.000000
vt 1.000000 1.000000
vt 0.000000 1.000000
vt 0.000000 0.000000
vt 1.000000 0.000000
vt 1.000000 1.000000
vt 0.000000 1.000000
vt 0.000000 0.000000
vt 1.000000 0.000000
vt 1.000000 1.000000
vt 0.000000 1.000000
vt 0.000000 0.000000
vt 1.000000 0.000000
vt 1.000000 1.000000
vt 0.000000 1.000000
vt 0.000000 0.000000
vt 1.000000 0.000000
vt 1.000000 1.000000
vt 0.000000 1.000000
vt 0.000000 0.000000
vt 1.000000 0.000000
vt 1.000000 1.000000
vt 0.000000 1.000000
vt 0.000000 0.000000
vt 1.000000 0.000000
vt 1.000000 1.000000
vt 0.000000 1.000000
vt 0.000000 0.000000
vt 1.000000 0.000000
vt 1.000000 1.000000
vt 0.000000 1.000000
vt 0.000000 0.000000
vt 1.000000 0.000000
vt 1.000000 1.000000
vt 0.000000 1.000000
vt 0.000000 0.000000
vt 1.000000 0.000000
vt 1.000000 1.000000
vt 0.000000 1.000000
vt 0.000000 0.000000
vt 1.000000 0.000000
vt 1.000000 1.000000
vt 0.000000 1.000000
vt 0.000000 0.000000
vt 1.000000 0.000000
vt 1.000000 1.000000
vt 0.000000 1.000000
vt 0.000000 0.000000
vt 1.000000 0.000000
vt 1.000000 1.000000
vt 0.000000 1.000000
vt 0.000000 0.000000
vt 1.000000 0.000000
vt 1.000000 1.000000
vt 0.000000 1.000000
vt 0.000000 0.000000
vt 1.000000 0.000000
vt 1.000000 1.000000
vt 0.000000 1.000000
vt 0.000000 0.000000
vt 1.000000 0.000000
vt 1.000000 1.000000
vt 0.000000 1.000000
vt 1.000000 0.047123
vt 0.000000 0.047123
vt 1.000000 0.047123
vt 0.000000 0.047123
vt 1.000000 0.047123
vt 0.000000 0.047123
vt 1.000000 0.047123
vt 0.000000 0.047123
vt 1.000000 0.047123
vt 0.000000 0.047123
vt 1.000000 0.047123
vt 0.000000 0.047123
vt 1.000000 0.958763
vt 0.000000 0.958763
vt 1.000000 0.958763
vt 0.000000 0.958763
vt 1.000000 0.958763
vt 0.000000 0.958763
vt 1.000000 0.958763
vt 0.000000 0.958763
vt 1.000000 0.958763
vt 0.000000 0.958763
vt 1.000000 0.958763
vt 0.000000 0.958763
vt 1.000000 0.077177
vt 0.000000 0.077177
vt 1.000000 0.077177
vt 0.000000 0.077177
vt 1.000000 0.077177
vt 0.000000 0.077177
vt 1.000000 0.077177
vt 0.000000 0.077177
vt 1.000000 0.077177
vt 0.000000 0.077177
vt 1.000000 0.077177
vt 0.000000 0.077177
vt 1.000000 0.884398
vt 0.000000 0.884398
vt 1.000000 0.884398
vt 0.000000 0.884398
vt 1.000000 0.884398
vt 0.000000 0.884398
vt 1.000000 0.884398
vt 0.000000 0.884398
vt 1.000000 0.884398
vt 0.000000 0.884398
vt 1.000000 0.884398
vt 0.000000 0.884398
vt 1.000000 0.996707
vt 0.000000 0.996707
vt 1.000000 0.996707
vt 0.000000 0.996707
vt 1.000000 0.996707
vt 0.000000 0.996707
vt 1.000000 0.996707
vt 0.000000 0.996707
vt 1.000000 0.996707
vt 0.000000 0.996707
vt 1.000000 0.996707
vt 0.000000 0.996707
vt 1.000000 0.996707
vt 0.000000 0.996707
vt 1.000000 0.996707
vt 0.000000 0.996707
vt 1.000000 0.996707
vt 0.000000 0.996707
vt 1.000000 0.996707
vt 0.000000 0.996707
vt 1.000000 0.996707
vt 0.000000 0.996707
vt 1.000000 0.996707
vt 0.000000 0.996707
vt 1.000000 0.996707
vt 0.000000 0.996707
vt 1.000000 0.996707
vt 0.000000 0.996707
vt 1.000000 0.996707
vt 0.000000 0.996707
vt 1.000000 0.996707
vt 0.000000 0.996707
vt 1.000000 0.996707
vt 0.000000 0.996707
vt 1.000000 0.996707
vt 0.000000 0.996707
vt 1.000000 0.996707
vt 0.000000 0.996707
vt 1.000000 0.996707
vt 0.000000 0.996707
vt 1.000000 0.001016
vt 0.000000 0.001016
vt 1.000000 0.001016
vt 0.000000 0.001016
vt 1.000000 0.001016
vt 0.000000 0.001016
vt 1.000000 0.001016
vt 0.000000 0.001016
vt 1.000000 0.001016
vt 0.000000 0.001016
vt 1.000000 0.001016
vt 0.000000 0.001016
vt 1.000000 0.001016
vt 0.000000 0.001016
vt 1.000000 0.001016
vt 0.000000 0.001016
vt 1.000000 0.001016
vt 0.000000 0.001016
vt 1.000000 0.001016
vt 0.000000 0.001016
vt 1.000000 0.001016
vt 0.000000 0.001016
vt 1.000000 0.001016
vt 0.000000 0.001016
vt 1.000000 0.001016
vt 0.000000 0.001016
vt 1.000000 0.001016
vt 0.000000 0.001016
vt 1.000000 0.001016
vt 0.000000 0.001016
vt 1.000000 0.001016
vt 0.000000 0.001016
vt 1.000000 0.001016
vt 0.000000 0.001016
vt 1.000000 0.001016
vt 0.000000 0.001016
vt 1.000000 0.001016
vt 0.000000 0.001016
vt 1.000000 0.001016
vt 0.000000 0.001016
vt 0.375000 0.312500
vt 0.387500 0.312500
vt 0.387500 0.313728
vt 0.375000 0.313728
vt 0.400000 0.312500
vt 0.400000 0.313728
vt 0.412500 0.312500
vt 0.412500 0.313728
vt 0.425000 0.312500
vt 0.425000 0.313728
vt 0.437500 0.312500
vt 0.437500 0.313728
vt 0.450000 0.312500
vt 0.450000 0.313728
vt 0.462500 0.312500
vt 0.462500 0.313728
vt 0.475000 0.312500
vt 0.475000 0.313728
vt 0.487500 0.312500
vt 0.487500 0.313728
vt 0.500000 0.312500
vt 0.500000 0.313728
vt 0.512500 0.312500
vt 0.512500 0.313728
vt 0.525000 0.312500
vt 0.525000 0.313728
vt 0.537500 0.312500
vt 0.537500 0.313728
vt 0.550000 0.312500
vt 0.550000 0.313728
vt 0.562500 0.312500
vt 0.562500 0.313728
vt 0.575000 0.312500
vt 0.575000 0.313728
vt 0.587500 0.312500
vt 0.587500 0.313728
vt 0.600000 0.312500
vt 0.600000 0.313728
vt 0.612500 0.312500
vt 0.612500 0.313728
vt 0.625000 0.312500
vt 0.625000 0.313728
vt 0.000000 0.000000
vt 1.000000 0.000000
vt 1.000000 1.000000
vt 0.000000 1.000000
vt 0.000000 0.000000
vt 1.000000 0.000000
vt 1.000000 1.000000
vt 0.000000 1.000000
vt 0.000000 0.000000
vt 1.000000 0.000000
vt 1.000000 1.000000
vt 0.000000 1.000000
vt 0.000000 0.000000
vt 1.000000 0.000000
vt 1.000000 1.000000
vt 0.000000 1.000000
vt 0.000000 0.000000
vt 1.000000 0.000000
vt 1.000000 1.000000
vt 0.000000 1.000000
vt 0.000000 0.000000
vt 1.000000 0.000000
vt 1.000000 1.000000
vt 0.000000 1.000000
vt 0.000000 0.000000
vt 1.000000 0.000000
vt 1.000000 1.000000
vt 0.000000 1.000000
vt 0.000000 0.000000
vt 1.000000 0.000000
vt 1.000000 1.000000
vt 0.000000 1.000000
vt 0.000000 0.000000
vt 1.000000 0.000000
vt 1.000000 1.000000
vt 0.000000 1.000000
vt 0.000000 0.000000
vt 1.000000 0.000000
vt 1.000000 1.000000
vt 0.000000 1.000000
vt 0.000000 0.000000
vt 1.000000 0.000000
vt 1.000000 1.000000
vt 0.000000 1.000000
vt 0.000000 0.000000
vt 1.000000 0.000000
vt 1.000000 1.000000
vt 0.000000 1.000000
vt 0.000000 0.000000
vt 1.000000 0.000000
vt 1.000000 1.000000
vt 0.000000 1.000000
vt 0.000000 0.000000
vt 1.000000 0.000000
vt 1.000000 1.000000
vt 0.000000 1.000000
vt 0.000000 0.000000
vt 1.000000 0.000000
vt 1.000000 1.000000
vt 0.000000 1.000000
vt 0.000000 0.000000
vt 1.000000 0.000000
vt 1.000000 1.000000
vt 0.000000 1.000000
vt 0.000000 0.000000
vt 1.000000 0.000000
vt 1.000000 1.000000
vt 0.000000 1.000000
vt 0.000000 0.000000
vt 1.000000 0.000000
vt 1.000000 1.000000
vt 0.000000 1.000000
vt 0.000000 0.000000
vt 1.000000 0.000000
vt 1.000000 1.000000
vt 0.000000 1.000000
vt 0.000000 0.000000
vt 1.000000 0.000000
vt 1.000000 1.000000
vt 0.000000 1.000000
vt 0.000000 0.000000
vt 1.000000 0.000000
vt 1.000000 1.000000
vt 0.000000 1.000000
vt 0.000000 0.000000
vt 1.000000 0.000000
vt 1.000000 1.000000
vt 0.000000 1.000000
vt 0.000000 0.000000
vt 1.000000 0.000000
vt 1.000000 1.000000
vt 0.000000 1.000000
vt 0.000000 0.000000
vt 1.000000 0.000000
vt 1.000000 1.000000
vt 0.000000 1.000000
vt 0.000000 0.000000
vt 1.000000 0.000000
vt 1.000000 1.000000
vt 0.000000 1.000000
vt 0.000000 0.000000
vt 1.000000 0.000000
vt 1.000000 1.000000
vt 0.000000 1.000000
vt 0.000000 0.000000
vt 1.000000 0.000000
vt 1.000000 1.000000
vt 0.000000 1.000000
vt 0.000000 0.000000
vt 1.000000 0.000000
vt 1.000000 1.000000
vt 0.000000 1.000000
vt 0.000000 0.000000
vt 1.000000 0.000000
vt 1.000000 1.000000
vt 0.000000 1.000000
vt 0.000000 0.000000
vt 1.000000 0.000000
vt 1.000000 1.000000
vt 0.000000 1.000000
vt 0.000000 0.000000
vt 1.000000 0.000000
vt 1.000000 1.000000
vt 0.000000 1.000000
vt 0.000000 0.000000
vt 1.000000 0.000000
vt 1.000000 1.000000
vt 0.000000 1.000000
vt 0.000000 0.000000
vt 1.000000 0.000000
vt 1.000000 1.000000
vt 0.000000 1.000000
vt 0.000000 0.000000
vt 1.000000 0.000000
vt 1.000000 1.000000
vt 0.000000 1.000000
vt 0.000000 0.000000
vt 1.000000 0.000000
vt 1.000000 1.000000
vt 0.000000 1.000000
vt 0.000000 0.000000
vt 1.000000 0.000000
vt 1.000000 1.000000
vt 0.000000 1.000000
vt 0.000000 0.000000
vt 1.000000 0.000000
vt 1.000000 1.000000
vt 0.000000 1.000000
vt 0.000000 0.000000
vt 1.000000 0.000000
vt 1.000000 1.000000
vt 0.000000 1.000000
vt 0.000000 0.000000
vt 1.000000 0.000000
vt 1.000000 1.000000
vt 0.000000 1.000000
vt 0.000000 0.000000
vt 1.000000 0.000000
vt 1.000000 1.000000
vt 0.000000 1.000000
vt 0.000000 0.000000
vt 1.000000 0.000000
vt 1.000000 0.035648
vt 0.000000 0.035648
vt 0.000000 0.000000
vt 1.000000 0.000000
vt 1.000000 0.035648
vt 0.000000 0.035648
vt 0.000000 0.000000
vt 1.000000 0.000000
vt 1.000000 0.035648
vt 0.000000 0.035648
vt 0.000000 0.000000
vt 1.000000 0.000000
vt 1.000000 0.035648
vt 0.000000 0.035648
vt 0.000000 0.000000
vt 1.000000 0.000000
vt 1.000000 0.035648
vt 0.000000 0.035648
vt 0.000000 0.000000
vt 1.000000 0.000000
vt 1.000000 0.035648
vt 0.000000 0.035648
vt 0.000000 0.000000
vt 1.000000 0.000000
vt 1.000000 0.035648
vt 0.000000 0.035648
vt 0.000000 0.000000
vt 1.000000 0.000000
vt 1.000000 0.035648
vt 0.000000 0.035648
vt 0.000000 0.000000
vt 1.000000 0.000000
vt 1.000000 0.035648
vt 0.000000 0.035648
vt 0.000000 0.000000
vt 1.000000 0.000000
vt 1.000000 0.035648
vt 0.000000 0.035648
vt 0.000000 0.000000
vt 1.000000 0.000000
vt 1.000000 0.035648
vt 0.000000 0.035648
vt 0.000000 0.000000
vt 1.000000 0.000000
vt 1.000000 0.035648
vt 0.000000 0.035648
vt 0.000000 0.000000
vt 1.000000 0.000000
vt 1.000000 0.035648
vt 0.000000 0.035648
vt 0.000000 0.000000
vt 1.000000 0.000000
vt 1.000000 0.035648
vt 0.000000 0.035648
vt 0.000000 0.000000
vt 1.000000 0.000000
vt 1.000000 0.035648
vt 0.000000 0.035648
vt 0.000000 0.000000
vt 1.000000 0.000000
vt 1.000000 0.035648
vt 0.000000 0.035648
vt 0.000000 0.000000
vt 1.000000 0.000000
vt 1.000000 0.035648
vt 0.000000 0.035648
vt 0.000000 0.000000
vt 1.000000 0.000000
vt 1.000000 0.035648
vt 0.000000 0.035648
vt 0.000000 0.000000
vt 1.000000 0.000000
vt 1.000000 0.035648
vt 0.000000 0.035648
vt 0.000000 0.000000
vt 1.000000 0.000000
vt 1.000000 0.035648
vt 0.000000 0.035648
vt 0.000000 0.000000
vt 1.000000 0.000000
vt 1.000000 1.000000
vt 0.000000 1.000000
vt 0.000000 0.000000
vt 1.000000 0.000000
vt 1.000000 1.000000
vt 0.000000 1.000000
vt 0.000000 0.000000
vt 1.000000 0.000000
vt 1.000000 1.000000
vt 0.000000 1.000000
vt 0.000000 0.000000
vt 1.000000 0.000000
vt 1.000000 1.000000
vt 0.000000 1.000000
vt 0.000000 0.000000
vt 1.000000 0.000000
vt 1.000000 1.000000
vt 0.000000 1.000000
vt 0.000000 0.000000
vt 1.000000 0.000000
vt 1.000000 1.000000
vt 0.000000 1.000000
vt 0.000000 0.000000
vt 1.000000 0.000000
vt 1.000000 1.000000
vt 0.000000 1.000000
vt 0.000000 0.000000
vt 1.000000 0.000000
vt 1.000000 1.000000
vt 0.000000 1.000000
vt 0.000000 0.000000
vt 1.000000 0.000000
vt 1.000000 1.000000
vt 0.000000 1.000000
vt 0.000000 0.000000
vt 1.000000 0.000000
vt 1.000000 1.000000
vt 0.000000 1.000000
vt 0.000000 0.000000
vt 1.000000 0.000000
vt 1.000000 1.000000
vt 0.000000 1.000000
vt 0.000000 0.000000
vt 1.000000 0.000000
vt 1.000000 1.000000
vt 0.000000 1.000000
vt 0.000000 0.000000
vt 1.000000 0.000000
vt 1.000000 1.000000
vt 0.000000 1.000000
vt 0.000000 0.000000
vt 1.000000 0.000000
vt 1.000000 1.000000
vt 0.000000 1.000000
vt 0.000000 0.000000
vt 1.000000 0.000000
vt 1.000000 1.000000
vt 0.000000 1.000000
vt 0.000000 0.000000
vt 1.000000 0.000000
vt 1.000000 1.000000
vt 0.000000 1.000000
vt 0.000000 0.000000
vt 1.000000 0.000000
vt 1.000000 1.000000
vt 0.000000 1.000000
vt 0.000000 0.000000
vt 1.000000 0.000000
vt 1.000000 1.000000
vt 0.000000 1.000000
vt 0.000000 0.000000
vt 1.000000 0.000000
vt 1.000000 1.000000
vt 0.000000 1.000000
vt 0.000000 0.000000
vt 1.000000 0.000000
vt 1.000000 1.000000
vt 0.000000 1.000000
vt 0.000000 0.000000
vt 1.000000 0.000000
vt 1.000000 0.950739
vt 0.000000 0.950739
vt 0.000000 0.000000
vt 1.000000 0.000000
vt 1.000000 0.950739
vt 0.000000 0.950739
vt 0.000000 0.000000
vt 1.000000 0.000000
vt 1.000000 0.950739
vt 0.000000 0.950739
vt 0.000000 0.000000
vt 1.000000 0.000000
vt 1.000000 0.950739
vt 0.000000 0.950739
vt 0.000000 0.000000
vt 1.000000 0.000000
vt 1.000000 0.950739
vt 0.000000 0.950739
vt 0.000000 0.000000
vt 1.000000 0.000000
vt 1.000000 0.950739
vt 0.000000 0.950739
vt 0.000000 0.000000
vt 1.000000 0.000000
vt 1.000000 0.950739
vt 0.000000 0.950739
vt 0.000000 0.000000
vt 1.000000 0.000000
vt 1.000000 0.950739
vt 0.000000 0.950739
vt 0.000000 0.000000
vt 1.000000 0.000000
vt 1.000000 0.950739
vt 0.000000 0.950739
vt 0.000000 0.000000
vt 1.000000 0.000000
vt 1.000000 0.950739
vt 0.000000 0.950739
vt 0.000000 0.000000
vt 1.000000 0.000000
vt 1.000000 0.950739
vt 0.000000 0.950739
vt 0.000000 0.000000
vt 1.000000 0.000000
vt 1.000000 0.950739
vt 0.000000 0.950739
vt 0.000000 0.000000
vt 1.000000 0.000000
vt 1.000000 0.950739
vt 0.000000 0.950739
vt 0.000000 0.000000
vt 1.000000 0.000000
vt 1.000000 0.950739
vt 0.000000 0.950739
vt 0.000000 0.000000
vt 1.000000 0.000000
vt 1.000000 0.950739
vt 0.000000 0.950739
vt 0.000000 0.000000
vt 1.000000 0.000000
vt 1.000000 0.950739
vt 0.000000 0.950739
vt 0.000000 0.000000
vt 1.000000 0.000000
vt 1.000000 0.950739
vt 0.000000 0.950739
vt 0.000000 0.000000
vt 1.000000 0.000000
vt 1.000000 0.950739
vt 0.000000 0.950739
vt 0.000000 0.000000
vt 1.000000 0.000000
vt 1.000000 0.950739
vt 0.000000 0.950739
vt 0.000000 0.000000
vt 1.000000 0.000000
vt 1.000000 0.950739
vt 0.000000 0.950739
vt 0.000000 0.000000
vt 1.000000 0.000000
vt 1.000000 1.000000
vt 0.000000 1.000000
vt 0.000000 0.000000
vt 1.000000 0.000000
vt 1.000000 1.000000
vt 0.000000 1.000000
vt 0.000000 0.000000
vt 1.000000 0.000000
vt 1.000000 1.000000
vt 0.000000 1.000000
vt 0.000000 0.000000
vt 1.000000 0.000000
vt 1.000000 1.000000
vt 0.000000 1.000000
vt 0.000000 0.000000
vt 1.000000 0.000000
vt 1.000000 1.000000
vt 0.000000 1.000000
vt 0.000000 0.000000
vt 1.000000 0.000000
vt 1.000000 1.000000
vt 0.000000 1.000000
vt 0.000000 0.000000
vt 1.000000 0.000000
vt 1.000000 1.000000
vt 0.000000 1.000000
vt 0.000000 0.000000
vt 1.000000 0.000000
vt 1.000000 1.000000
vt 0.000000 1.000000
vt 0.000000 0.000000
vt 1.000000 0.000000
vt 1.000000 1.000000
vt 0.000000 1.000000
vt 0.000000 0.000000
vt 1.000000 0.000000
vt 1.000000 1.000000
vt 0.000000 1.000000
vt 0.000000 0.000000
vt 1.000000 0.000000
vt 1.000000 1.000000
vt 0.000000 1.000000
vt 0.000000 0.000000
vt 1.000000 0.000000
vt 1.000000 1.000000
vt 0.000000 1.000000
vt 0.000000 0.000000
vt 1.000000 0.000000
vt 1.000000 1.000000
vt 0.000000 1.000000
vt 0.000000 0.000000
vt 1.000000 0.000000
vt 1.000000 1.000000
vt 0.000000 1.000000
vt 0.000000 0.000000
vt 1.000000 0.000000
vt 1.000000 1.000000
vt 0.000000 1.000000
vt 0.000000 0.000000
vt 1.000000 0.000000
vt 1.000000 1.000000
vt 0.000000 1.000000
vt 0.000000 0.000000
vt 1.000000 0.000000
vt 1.000000 1.000000
vt 0.000000 1.000000
vt 0.000000 0.000000
vt 1.000000 0.000000
vt 1.000000 1.000000
vt 0.000000 1.000000
vt 0.000000 0.000000
vt 1.000000 0.000000
vt 1.000000 1.000000
vt 0.000000 1.000000
vt 0.000000 0.000000
vt 1.000000 0.000000
vt 1.000000 1.000000
vt 0.000000 1.000000
vt 0.000000 0.000000
vt 1.000000 0.000000
vt 1.000000 0.003327
vt 0.000000 0.003327
vt 0.000000 0.000000
vt 1.000000 0.000000
vt 1.000000 0.003327
vt 0.000000 0.003327
vt 0.000000 0.000000
vt 1.000000 0.000000
vt 1.000000 0.003327
vt 0.000000 0.003327
vt 0.000000 0.000000
vt 1.000000 0.000000
vt 1.000000 0.003327
vt 0.000000 0.003327
vt 0.000000 0.000000
vt 1.000000 0.000000
vt 1.000000 0.003327
vt 0.000000 0.003327
vt 0.000000 0.000000
vt 1.000000 0.000000
vt 1.000000 0.003327
vt 0.000000 0.003327
vt 0.000000 0.000000
vt 1.000000 0.000000
vt 1.000000 0.003327
vt 0.000000 0.003327
vt 0.000000 0.000000
vt 1.000000 0.000000
vt 1.000000 0.003327
vt 0.000000 0.003327
vt 0.000000 0.000000
vt 1.000000 0.000000
vt 1.000000 0.003327
vt 0.000000 0.003327
vt 0.000000 0.000000
vt 1.000000 0.000000
vt 1.000000 0.003327
vt 0.000000 0.003327
vt 0.000000 0.000000
vt 1.000000 0.000000
vt 1.000000 0.003327
vt 0.000000 0.003327
vt 0.000000 0.000000
vt 1.000000 0.000000
vt 1.000000 0.003327
vt 0.000000 0.003327
vt 0.000000 0.000000
vt 1.000000 0.000000
vt 1.000000 0.003327
vt 0.000000 0.003327
vt 0.000000 0.000000
vt 1.000000 0.000000
vt 1.000000 0.003327
vt 0.000000 0.003327
vt 0.000000 0.000000
vt 1.000000 0.000000
vt 1.000000 0.003327
vt 0.000000 0.003327
vt 0.000000 0.000000
vt 1.000000 0.000000
vt 1.000000 0.003327
vt 0.000000 0.003327
vt 0.000000 0.000000
vt 1.000000 0.000000
vt 1.000000 0.003327
vt 0.000000 0.003327
vt 0.000000 0.000000
vt 1.000000 0.000000
vt 1.000000 0.003327
vt 0.000000 0.003327
vt 0.000000 0.000000
vt 1.000000 0.000000
vt 1.000000 0.003327
vt 0.000000 0.003327
vt 0.000000 0.000000
vt 1.000000 0.000000
vt 1.000000 0.003327
vt 0.000000 0.003327
vt 0.000000 0.000000
vt 1.000000 0.000000
vt 1.000000 1.000000
vt 0.000000 1.000000
vt 0.000000 0.000000
vt 1.000000 0.000000
vt 1.000000 1.000000
vt 0.000000 1.000000
vt 0.000000 0.000000
vt 1.000000 0.000000
vt 1.000000 1.000000
vt 0.000000 1.000000
vt 0.000000 0.000000
vt 1.000000 0.000000
vt 1.000000 1.000000
vt 0.000000 1.000000
vt 0.000000 0.000000
vt 1.000000 0.000000
vt 1.000000 1.000000
vt 0.000000 1.000000
vt 0.000000 0.000000
vt 1.000000 0.000000
vt 1.000000 1.000000
vt 0.000000 1.000000
vt 0.000000 0.000000
vt 1.000000 0.000000
vt 1.000000 1.000000
vt 0.000000 1.000000
vt 0.000000 0.000000
vt 1.000000 0.000000
vt 1.000000 1.000000
vt 0.000000 1.000000
vt 0.000000 0.000000
vt 1.000000 0.000000
vt 1.000000 1.000000
vt 0.000000 1.000000
vt 0.000000 0.000000
vt 1.000000 0.000000
vt 1.000000 1.000000
vt 0.000000 1.000000
vt 0.000000 0.000000
vt 1.000000 0.000000
vt 1.000000 1.000000
vt 0.000000 1.000000
vt 0.000000 0.000000
vt 1.000000 0.000000
vt 1.000000 1.000000
vt 0.000000 1.000000
vt 0.000000 0.000000
vt 1.000000 0.000000
vt 1.000000 1.000000
vt 0.000000 1.000000
vt 0.000000 0.000000
vt 1.000000 0.000000
vt 1.000000 1.000000
vt 0.000000 1.000000
vt 0.000000 0.000000
vt 1.000000 0.000000
vt 1.000000 1.000000
vt 0.000000 1.000000
vt 0.000000 0.000000
vt 1.000000 0.000000
vt 1.000000 1.000000
vt 0.000000 1.000000
vt 0.000000 0.000000
vt 1.000000 0.000000
vt 1.000000 1.000000
vt 0.000000 1.000000
vt 0.000000 0.000000
vt 1.000000 0.000000
vt 1.000000 1.000000
vt 0.000000 1.000000
vt 0.000000 0.000000
vt 1.000000 0.000000
vt 1.000000 1.000000
vt 0.000000 1.000000
vt 0.000000 0.000000
vt 1.000000 0.000000
vt 1.000000 1.000000
vt 0.000000 1.000000
vt 0.000000 0.000000
vt 1.000000 0.000000
vt 0.500000 1.000000
vt 0.000000 0.000000
vt 1.000000 0.000000
vt 0.500000 1.000000
vt 0.000000 0.000000
vt 1.000000 0.000000
vt 0.500000 1.000000
vt 0.000000 0.000000
vt 1.000000 0.000000
vt 0.500000 1.000000
vt 0.000000 0.000000
vt 1.000000 0.000000
vt 0.500000 1.000000
vt 0.000000 0.000000
vt 1.000000 0.000000
vt 0.500000 1.000000
vt 0.000000 0.000000
vt 1.000000 0.000000
vt 0.500000 1.000000
vt 0.000000 0.000000
vt 1.000000 0.000000
vt 0.500000 1.000000
vt 0.000000 0.000000
vt 1.000000 0.000000
vt 0.500000 1.000000
vt 0.000000 0.000000
vt 1.000000 0.000000
vt 0.500000 1.000000
vt 0.000000 0.000000
vt 1.000000 0.000000
vt 0.500000 1.000000
vt 0.000000 0.000000
vt 1.000000 0.000000
vt 0.500000 1.000000
vt 0.000000 0.000000
vt 1.000000 0.000000
vt 0.500000 1.000000
vt 0.000000 0.000000
vt 1.000000 0.000000
vt 0.500000 1.000000
vt 0.000000 0.000000
vt 1.000000 0.000000
vt 0.500000 1.000000
vt 0.000000 0.000000
vt 1.000000 0.000000
vt 0.500000 1.000000
vt 0.000000 0.000000
vt 1.000000 0.000000
vt 0.500000 1.000000
vt 0.000000 0.000000
vt 1.000000 0.000000
vt 0.500000 1.000000
vt 0.000000 0.000000
vt 1.000000 0.000000
vt 0.500000 1.000000
vt 0.000000 0.000000
vt 1.000000 0.000000
vt 0.500000 1.000000
vt 0.537500 0.687686
vt 0.550000 0.687686
vt 0.550000 0.688440
vt 0.537500 0.688440
vt 0.525000 0.687686
vt 0.525000 0.688440
vt 0.512500 0.687686
vt 0.512500 0.688440
vt 0.500000 0.687686
vt 0.500000 0.688440
vt 0.487500 0.687686
vt 0.487500 0.688440
vt 0.475000 0.687686
vt 0.475000 0.688440
vt 0.462500 0.687686
vt 0.462500 0.688440
vt 0.450000 0.687686
vt 0.450000 0.688440
vt 0.437500 0.687686
vt 0.437500 0.688440
vt 0.425000 0.687686
vt 0.425000 0.688440
vt 0.412500 0.687686
vt 0.412500 0.688440
vt 0.400000 0.687686
vt 0.400000 0.688440
vt 0.387500 0.687686
vt 0.387500 0.688440
vt 0.375000 0.687686
vt 0.375000 0.688440
vt 0.612500 0.687686
vt 0.625000 0.687686
vt 0.625000 0.688440
vt 0.612500 0.688440
vt 0.600000 0.687686
vt 0.600000 0.688440
vt 0.587500 0.687686
vt 0.587500 0.688440
vt 0.575000 0.687686
vt 0.575000 0.688440
vt 0.562500 0.687686
vt 0.562500 0.688440
vt 0.000000 0.994354
vt 1.000000 0.994354
vt 1.000000 1.000000
vt 0.000000 1.000000
vt 0.000000 0.994354
vt 1.000000 0.994354
vt 1.000000 1.000000
vt 0.000000 1.000000
vt 0.000000 0.994354
vt 1.000000 0.994354
vt 1.000000 1.000000
vt 0.000000 1.000000
vt 0.000000 0.994354
vt 1.000000 0.994354
vt 1.000000 1.000000
vt 0.000000 1.000000
vt 0.000000 0.994354
vt 1.000000 0.994354
vt 1.000000 1.000000
vt 0.000000 1.000000
vt 0.000000 0.994354
vt 1.000000 0.994354
vt 1.000000 1.000000
vt 0.000000 1.000000
vt 0.000000 0.994354
vt 1.000000 0.994354
vt 1.000000 1.000000
vt 0.000000 1.000000
vt 0.000000 0.994354
vt 1.000000 0.994354
vt 1.000000 1.000000
vt 0.000000 1.000000
vt 0.000000 0.994354
vt 1.000000 0.994354
vt 1.000000 1.000000
vt 0.000000 1.000000
vt 0.000000 0.994354
vt 1.000000 0.994354
vt 1.000000 1.000000
vt 0.000000 1.000000
vt 0.000000 0.994354
vt 1.000000 0.994354
vt 1.000000 1.000000
vt 0.000000 1.000000
vt 0.000000 0.994354
vt 1.000000 0.994354
vt 1.000000 1.000000
vt 0.000000 1.000000
vt 0.000000 0.994354
vt 1.000000 0.994354
vt 1.000000 1.000000
vt 0.000000 1.000000
vt 0.000000 0.994354
vt 1.000000 0.994354
vt 1.000000 1.000000
vt 0.000000 1.000000
vt 0.000000 0.994354
vt 1.000000 0.994354
vt 1.000000 1.000000
vt 0.000000 1.000000
vt 0.000000 0.994354
vt 1.000000 0.994354
vt 1.000000 1.000000
vt 0.000000 1.000000
vt 0.000000 0.994354
vt 1.000000 0.994354
vt 1.000000 1.000000
vt 0.000000 1.000000
vt 0.000000 0.994354
vt 1.000000 0.994354
vt 1.000000 1.000000
vt 0.000000 1.000000
vt 0.000000 0.994354
vt 1.000000 0.994354
vt 1.000000 1.000000
vt 0.000000 1.000000
vt 0.000000 0.994354
vt 1.000000 0.994354
vt 1.000000 1.000000
vt 0.000000 1.000000
vt 1.000000 1.000000
vt 0.000000 1.000000
vt 1.000000 1.000000
vt 0.000000 1.000000
vt 1.000000 1.000000
vt 0.000000 1.000000
vt 1.000000 1.000000
vt 0.000000 1.000000
vt 1.000000 1.000000
vt 0.000000 1.000000
vt 1.000000 1.000000
vt 0.000000 1.000000
vt 1.000000 1.000000
vt 0.000000 1.000000
vt 1.000000 1.000000
vt 0.000000 1.000000
vt 1.000000 1.000000
vt 0.000000 1.000000
vt 1.000000 1.000000
vt 0.000000 1.000000
vt 1.000000 1.000000
vt 0.000000 1.000000
vt 1.000000 1.000000
vt 0.000000 1.000000
vt 1.000000 1.000000
vt 0.000000 1.000000
vt 1.000000 1.000000
vt 0.000000 1.000000
vt 1.000000 1.000000
vt 0.000000 1.000000
vt 1.000000 1.000000
vt 0.000000 1.000000
vt 1.000000 1.000000
vt 0.000000 1.000000
vt 1.000000 1.000000
vt 0.000000 1.000000
vt 1.000000 1.000000
vt 0.000000 1.000000
vt 1.000000 1.000000
vt 0.000000 1.000000
vt 1.000000 1.000000
vt 0.000000 1.000000
vt 1.000000 1.000000
vt 0.000000 1.000000
vt 1.000000 1.000000
vt 0.000000 1.000000
vt 1.000000 1.000000
vt 0.000000 1.000000
vt 1.000000 1.000000
vt 0.000000 1.000000
vt 1.000000 1.000000
vt 0.000000 1.000000
vt 1.000000 1.000000
vt 0.000000 1.000000
vt 1.000000 1.000000
vt 0.000000 1.000000
vt 1.000000 1.000000
vt 0.000000 1.000000
vt 1.000000 1.000000
vt 0.000000 1.000000
vt 1.000000 1.000000
vt 0.000000 1.000000
vt 1.000000 1.000000
vt 0.000000 1.000000
vt 1.000000 1.000000
vt 0.000000 1.000000
vt 1.000000 1.000000
vt 0.000000 1.000000
vt 1.000000 1.000000
vt 0.000000 1.000000
vt 1.000000 1.000000
vt 0.000000 1.000000
vt 1.000000 1.000000
vt 0.000000 1.000000
vt 1.000000 1.000000
vt 0.000000 1.000000
vt 1.000000 1.000000
vt 0.000000 1.000000
vt 1.000000 1.000000
vt 0.000000 1.000000
vt 0.525000 0.682970
vt 0.512500 0.682970
vt 0.500000 0.682970
vt 0.487500 0.682970
vt 0.475000 0.682970
vt 0.462500 0.682970
vt 0.450000 0.682970
vt 0.437500 0.682970
vt 0.425000 0.682970
vt 0.412500 0.682970
vt 0.400000 0.682970
vt 0.387500 0.682970
vt 0.375000 0.682970
vt 0.625000 0.682970
vt 0.612500 0.682970
vt 0.600000 0.682970
vt 0.587500 0.682970
vt 0.575000 0.682970
vt 0.562500 0.682970
vt 0.550000 0.682970
vt 0.537500 0.682970
vt 0.375000 0.312500
vt 0.387500 0.312500
vt 0.387500 0.351997
vt 0.375000 0.351997
vt 0.400000 0.312500
vt 0.400000 0.351997
vt 0.412500 0.312500
vt 0.412500 0.351997
vt 0.425000 0.312500
vt 0.425000 0.351997
vt 0.437500 0.312500
vt 0.437500 0.351997
vt 0.450000 0.312500
vt 0.450000 0.351997
vt 0.462500 0.312500
vt 0.462500 0.351997
vt 0.475000 0.312500
vt 0.475000 0.351997
vt 0.487500 0.312500
vt 0.487500 0.351997
vt 0.500000 0.312500
vt 0.500000 0.351997
vt 0.512500 0.312500
vt 0.512500 0.351997
vt 0.525000 0.312500
vt 0.525000 0.351997
vt 0.537500 0.312500
vt 0.537500 0.351997
vt 0.550000 0.312500
vt 0.550000 0.351997
vt 0.562500 0.312500
vt 0.562500 0.351997
vt 0.575000 0.312500
vt 0.575000 0.351997
vt 0.587500 0.312500
vt 0.587500 0.351997
vt 0.600000 0.312500
vt 0.600000 0.351997
vt 0.612500 0.312500
vt 0.612500 0.351997
vt 0.625000 0.312500
vt 0.625000 0.351997
vt 0.000000 0.000000
vt 1.000000 0.000000
vt 1.000000 1.000000
vt 0.000000 1.000000
vt 0.000000 0.000000
vt 1.000000 0.000000
vt 1.000000 1.000000
vt 0.000000 1.000000
vt 0.000000 0.000000
vt 1.000000 0.000000
vt 1.000000 1.000000
vt 0.000000 1.000000
vt 0.000000 0.000000
vt 1.000000 0.000000
vt 1.000000 1.000000
vt 0.000000 1.000000
vt 0.000000 0.000000
vt 1.000000 0.000000
vt 1.000000 1.000000
vt 0.000000 1.000000
vt 0.000000 0.000000
vt 1.000000 0.000000
vt 1.000000 1.000000
vt 0.000000 1.000000
vt 0.000000 0.000000
vt 1.000000 0.000000
vt 1.000000 1.000000
vt 0.000000 1.000000
vt 0.000000 0.000000
vt 1.000000 0.000000
vt 1.000000 1.000000
vt 0.000000 1.000000
vt 0.000000 0.000000
vt 1.000000 0.000000
vt 1.000000 1.000000
vt 0.000000 1.000000
vt 0.000000 0.000000
vt 1.000000 0.000000
vt 1.000000 1.000000
vt 0.000000 1.000000
vt 0.000000 0.000000
vt 1.000000 0.000000
vt 1.000000 1.000000
vt 0.000000 1.000000
vt 0.000000 0.000000
vt 1.000000 0.000000
vt 1.000000 1.000000
vt 0.000000 1.000000
vt 0.000000 0.000000
vt 1.000000 0.000000
vt 1.000000 1.000000
vt 0.000000 1.000000
vt 0.000000 0.000000
vt 1.000000 0.000000
vt 1.000000 1.000000
vt 0.000000 1.000000
vt 0.000000 0.000000
vt 1.000000 0.000000
vt 1.000000 1.000000
vt 0.000000 1.000000
vt 0.000000 0.000000
vt 1.000000 0.000000
vt 1.000000 1.000000
vt 0.000000 1.000000
vt 0.000000 0.000000
vt 1.000000 0.000000
vt 1.000000 1.000000
vt 0.000000 1.000000
vt 0.000000 0.000000
vt 1.000000 0.000000
vt 1.000000 1.000000
vt 0.000000 1.000000
vt 0.000000 0.000000
vt 1.000000 0.000000
vt 1.000000 1.000000
vt 0.000000 1.000000
vt 0.000000 0.000000
vt 1.000000 0.000000
vt 1.000000 1.000000
vt 0.000000 1.000000
vt 0.000000 0.000000
vt 1.000000 0.000000
vt 1.000000 1.000000
vt 0.000000 1.000000
vt 0.000000 0.000000
vt 1.000000 0.000000
vt 1.000000 1.000000
vt 0.000000 1.000000
vt 0.000000 0.000000
vt 1.000000 0.000000
vt 1.000000 1.000000
vt 0.000000 1.000000
vt 0.000000 0.000000
vt 1.000000 0.000000
vt 1.000000 1.000000
vt 0.000000 1.000000
vt 0.000000 0.000000
vt 1.000000 0.000000
vt 1.000000 1.000000
vt 0.000000 1.000000
vt 0.000000 0.000000
vt 1.000000 0.000000
vt 1.000000 1.000000
vt 0.000000 1.000000
vt 0.000000 0.000000
vt 1.000000 0.000000
vt 1.000000 1.000000
vt 0.000000 1.000000
vt 0.000000 0.000000
vt 1.000000 0.000000
vt 1.000000 1.000000
vt 0.000000 1.000000
vt 0.000000 0.000000
vt 1.000000 0.000000
vt 1.000000 1.000000
vt 0.000000 1.000000
vt 0.000000 0.000000
vt 1.000000 0.000000
vt 1.000000 1.000000
vt 0.000000 1.000000
vt 0.000000 0.000000
vt 1.000000 0.000000
vt 1.000000 1.000000
vt 0.000000 1.000000
vt 0.000000 0.000000
vt 1.000000 0.000000
vt 1.000000 1.000000
vt 0.000000 1.000000
vt 0.000000 0.000000
vt 1.000000 0.000000
vt 1.000000 1.000000
vt 0.000000 1.000000
vt 0.000000 0.000000
vt 1.000000 0.000000
vt 1.000000 1.000000
vt 0.000000 1.000000
vt 0.000000 0.000000
vt 1.000000 0.000000
vt 1.000000 1.000000
vt 0.000000 1.000000
vt 0.000000 0.000000
vt 1.000000 0.000000
vt 1.000000 1.000000
vt 0.000000 1.000000
vt 0.000000 0.000000
vt 1.000000 0.000000
vt 1.000000 1.000000
vt 0.000000 1.000000
vt 0.000000 0.000000
vt 1.000000 0.000000
vt 1.000000 1.000000
vt 0.000000 1.000000
vt 0.000000 0.000000
vt 1.000000 0.000000
vt 1.000000 1.000000
vt 0.000000 1.000000
vt 0.000000 0.000000
vt 1.000000 0.000000
vt 1.000000 1.000000
vt 0.000000 1.000000
vt 0.000000 0.000000
vt 1.000000 0.000000
vt 1.000000 1.000000
vt 0.000000 1.000000
vt 0.000000 0.000000
vt 1.000000 0.000000
vt 1.000000 1.000000
vt 0.000000 1.000000
vt 0.000000 0.000000
vt 1.000000 0.000000
vt 1.000000 1.000000
vt 0.000000 1.000000
vt 0.000000 0.000000
vt 1.000000 0.000000
vt 1.000000 1.000000
vt 0.000000 1.000000
vt 0.000000 0.000000
vt 1.000000 0.000000
vt 1.000000 1.000000
vt 0.000000 1.000000
vt 0.000000 0.000000
vt 1.000000 0.000000
vt 1.000000 1.000000
vt 0.000000 1.000000
vt 0.000000 0.000000
vt 1.000000 0.000000
vt 1.000000 1.000000
vt 0.000000 1.000000
vt 0.000000 0.000000
vt 1.000000 0.000000
vt 1.000000 1.000000
vt 0.000000 1.000000
vt 0.000000 0.000000
vt 1.000000 0.000000
vt 1.000000 1.000000
vt 0.000000 1.000000
vt 0.000000 0.000000
vt 1.000000 0.000000
vt 1.000000 1.000000
vt 0.000000 1.000000
vt 0.000000 0.000000
vt 1.000000 0.000000
vt 1.000000 1.000000
vt 0.000000 1.000000
vt 0.000000 0.000000
vt 1.000000 0.000000
vt 1.000000 1.000000
vt 0.000000 1.000000
vt 0.000000 0.000000
vt 1.000000 0.000000
vt 1.000000 1.000000
vt 0.000000 1.000000
vt 0.000000 0.000000
vt 1.000000 0.000000
vt 1.000000 1.000000
vt 0.000000 1.000000
vt 0.000000 0.000000
vt 1.000000 0.000000
vt 1.000000 1.000000
vt 0.000000 1.000000
vt 0.000000 0.000000
vt 1.000000 0.000000
vt 1.000000 1.000000
vt 0.000000 1.000000
vt 0.000000 0.000000
vt 1.000000 0.000000
vt 1.000000 1.000000
vt 0.000000 1.000000
vt 0.000000 0.000000
vt 1.000000 0.000000
vt 1.000000 1.000000
vt 0.000000 1.000000
vt 0.000000 0.000000
vt 1.000000 0.000000
vt 1.000000 1.000000
vt 0.000000 1.000000
vt 0.000000 0.000000
vt 1.000000 0.000000
vt 1.000000 1.000000
vt 0.000000 1.000000
vt 0.000000 0.000000
vt 1.000000 0.000000
vt 1.000000 0.779316
vt 0.000000 0.779316
vt 0.000000 0.000000
vt 1.000000 0.000000
vt 1.000000 0.779316
vt 0.000000 0.779316
vt 0.000000 0.000000
vt 1.000000 0.000000
vt 1.000000 0.779316
vt 0.000000 0.779316
vt 0.000000 0.000000
vt 1.000000 0.000000
vt 1.000000 0.779316
vt 0.000000 0.779316
vt 0.000000 0.000000
vt 1.000000 0.000000
vt 1.000000 0.779316
vt 0.000000 0.779316
vt 0.000000 0.000000
vt 1.000000 0.000000
vt 1.000000 0.779316
vt 0.000000 0.779316
vt 0.000000 0.000000
vt 1.000000 0.000000
vt 1.000000 0.779316
vt 0.000000 0.779316
vt 0.000000 0.000000
vt 1.000000 0.000000
vt 1.000000 0.779316
vt 0.000000 0.779316
vt 0.000000 0.000000
vt 1.000000 0.000000
vt 1.000000 0.779316
vt 0.000000 0.779316
vt 0.000000 0.000000
vt 1.000000 0.000000
vt 1.000000 0.779316
vt 0.000000 0.779316
vt 0.000000 0.000000
vt 1.000000 0.000000
vt 1.000000 0.779316
vt 0.000000 0.779316
vt 0.000000 0.000000
vt 1.000000 0.000000
vt 1.000000 0.779316
vt 0.000000 0.779316
vt 0.000000 0.000000
vt 1.000000 0.000000
vt 1.000000 0.779316
vt 0.000000 0.779316
vt 0.000000 0.000000
vt 1.000000 0.000000
vt 1.000000 0.779316
vt 0.000000 0.779316
vt 0.000000 0.000000
vt 1.000000 0.000000
vt 1.000000 0.779316
vt 0.000000 0.779316
vt 0.000000 0.000000
vt 1.000000 0.000000
vt 1.000000 0.779316
vt 0.000000 0.779316
vt 0.000000 0.000000
vt 1.000000 0.000000
vt 1.000000 0.779316
vt 0.000000 0.779316
vt 0.000000 0.000000
vt 1.000000 0.000000
vt 1.000000 0.779316
vt 0.000000 0.779316
vt 0.000000 0.000000
vt 1.000000 0.000000
vt 1.000000 0.779316
vt 0.000000 0.779316
vt 0.000000 0.000000
vt 1.000000 0.000000
vt 1.000000 0.779316
vt 0.000000 0.779316
vt 0.000000 0.000000
vt 1.000000 0.000000
vt 0.500000 1.000000
vt 0.000000 0.000000
vt 1.000000 0.000000
vt 0.500000 1.000000
vt 0.000000 0.000000
vt 1.000000 0.000000
vt 0.500000 1.000000
vt 0.000000 0.000000
vt 1.000000 0.000000
vt 0.500000 1.000000
vt 0.000000 0.000000
vt 1.000000 0.000000
vt 0.500000 1.000000
vt 0.000000 0.000000
vt 1.000000 0.000000
vt 0.500000 1.000000
vt 0.000000 0.000000
vt 1.000000 0.000000
vt 0.500000 1.000000
vt 0.000000 0.000000
vt 1.000000 0.000000
vt 0.500000 1.000000
vt 0.000000 0.000000
vt 1.000000 0.000000
vt 0.500000 1.000000
vt 0.000000 0.000000
vt 1.000000 0.000000
vt 0.500000 1.000000
vt 0.000000 0.000000
vt 1.000000 0.000000
vt 0.500000 1.000000
vt 0.000000 0.000000
vt 1.000000 0.000000
vt 0.500000 1.000000
vt 0.000000 0.000000
vt 1.000000 0.000000
vt 0.500000 1.000000
vt 0.000000 0.000000
vt 1.000000 0.000000
vt 0.500000 1.000000
vt 0.000000 0.000000
vt 1.000000 0.000000
vt 0.500000 1.000000
vt 0.000000 0.000000
vt 1.000000 0.000000
vt 0.500000 1.000000
vt 0.000000 0.000000
vt 1.000000 0.000000
vt 0.500000 1.000000
vt 0.000000 0.000000
vt 1.000000 0.000000
vt 0.500000 1.000000
vt 0.000000 0.000000
vt 1.000000 0.000000
vt 0.500000 1.000000
vt 0.000000 0.000000
vt 1.000000 0.000000
vt 0.500000 1.000000
vt 0.000000 0.000000
vt 1.000000 0.000000
vt 0.500000 1.000000
vt 0.000000 0.000000
vt 1.000000 0.000000
vt 0.500000 1.000000
vt 0.000000 0.000000
vt 1.000000 0.000000
vt 0.500000 1.000000
vt 0.000000 0.000000
vt 1.000000 0.000000
vt 0.500000 1.000000
vt 0.000000 0.000000
vt 1.000000 0.000000
vt 0.500000 1.000000
vt 0.000000 0.000000
vt 1.000000 0.000000
vt 0.500000 1.000000
vt 0.000000 0.000000
vt 1.000000 0.000000
vt 0.500000 1.000000
vt 0.000000 0.000000
vt 1.000000 0.000000
vt 0.500000 1.000000
vt 0.000000 0.000000
vt 1.000000 0.000000
vt 0.500000 1.000000
vt 0.000000 0.000000
vt 1.000000 0.000000
vt 0.500000 1.000000
vt 0.000000 0.000000
vt 1.000000 0.000000
vt 0.500000 1.000000
vt 0.000000 0.000000
vt 1.000000 0.000000
vt 0.500000 1.000000
vt 0.000000 0.000000
vt 1.000000 0.000000
vt 0.500000 1.000000
vt 0.000000 0.000000
vt 1.000000 0.000000
vt 0.500000 1.000000
vt 0.000000 0.000000
vt 1.000000 0.000000
vt 0.500000 1.000000
vt 0.000000 0.000000
vt 1.000000 0.000000
vt 0.500000 1.000000
vt 0.000000 0.000000
vt 1.000000 0.000000
vt 0.500000 1.000000
vt 0.000000 0.000000
vt 1.000000 0.000000
vt 0.500000 1.000000
vt 0.000000 0.000000
vt 1.000000 0.000000
vt 0.500000 1.000000
vt 0.000000 0.000000
vt 1.000000 0.000000
vt 0.500000 1.000000
vt 0.525000 0.688440
vt 0.512500 0.688440
vt 0.500000 0.688440
vt 0.487500 0.688440
vt 0.475000 0.688440
vt 0.462500 0.688440
vt 0.450000 0.688440
vt 0.437500 0.688440
vt 0.425000 0.688440
vt 0.412500 0.688440
vt 0.400000 0.688440
vt 0.387500 0.688440
vt 0.375000 0.688440
vt 0.625000 0.688440
vt 0.612500 0.688440
vt 0.600000 0.688440
vt 0.587500 0.688440
vt 0.575000 0.688440
vt 0.562500 0.688440
vt 0.550000 0.688440
vt 0.537500 0.688440
vt 1.000000 1.000000
vt 0.000000 1.000000
vt 1.000000 1.000000
vt 0.000000 1.000000
vt 1.000000 1.000000
vt 0.000000 1.000000
vt 1.000000 1.000000
vt 0.000000 1.000000
vt 1.000000 1.000000
vt 0.000000 1.000000
vt 1.000000 1.000000
vt 0.000000 1.000000
vt 1.000000 1.000000
vt 0.000000 1.000000
vt 1.000000 1.000000
vt 0.000000 1.000000
vt 1.000000 1.000000
vt 0.000000 1.000000
vt 1.000000 1.000000
vt 0.000000 1.000000
vt 1.000000 1.000000
vt 0.000000 1.000000
vt 1.000000 1.000000
vt 0.000000 1.000000
vt 1.000000 1.000000
vt 0.000000 1.000000
vt 1.000000 1.000000
vt 0.000000 1.000000
vt 1.000000 1.000000
vt 0.000000 1.000000
vt 1.000000 1.000000
vt 0.000000 1.000000
vt 1.000000 1.000000
vt 0.000000 1.000000
vt 1.000000 1.000000
vt 0.000000 1.000000
vt 1.000000 1.000000
vt 0.000000 1.000000
vt 1.000000 1.000000
vt 0.000000 1.000000
vt 0.375000 0.312500
vt 0.387500 0.312500
vt 0.387500 0.686487
vt 0.375000 0.686487
vt 0.400000 0.312500
vt 0.400000 0.686487
vt 0.412500 0.312500
vt 0.412500 0.686487
vt 0.425000 0.312500
vt 0.425000 0.686487
vt 0.437500 0.312500
vt 0.437500 0.686487
vt 0.450000 0.312500
vt 0.450000 0.686487
vt 0.462500 0.312500
vt 0.462500 0.686487
vt 0.475000 0.312500
vt 0.475000 0.686487
vt 0.487500 0.312500
vt 0.487500 0.686487
vt 0.500000 0.312500
vt 0.500000 0.686487
vt 0.512500 0.312500
vt 0.512500 0.686487
vt 0.525000 0.312500
vt 0.525000 0.686487
vt 0.537500 0.312500
vt 0.537500 0.686487
vt 0.550000 0.312500
vt 0.550000 0.686487
vt 0.562500 0.312500
vt 0.562500 0.686487
vt 0.575000 0.312500
vt 0.575000 0.686487
vt 0.587500 0.312500
vt 0.587500 0.686487
vt 0.600000 0.312500
vt 0.600000 0.686487
vt 0.612500 0.312500
vt 0.612500 0.686487
vt 0.625000 0.312500
vt 0.625000 0.686487
vt 0.000000 0.000000
vt 1.000000 0.000000
vt 1.000000 1.000000
vt 0.000000 1.000000
vt 0.000000 0.000000
vt 1.000000 0.000000
vt 1.000000 1.000000
vt 0.000000 1.000000
vt 0.000000 0.000000
vt 1.000000 0.000000
vt 1.000000 1.000000
vt 0.000000 1.000000
vt 0.000000 0.000000
vt 1.000000 0.000000
vt 1.000000 1.000000
vt 0.000000 1.000000
vt 0.000000 0.000000
vt 1.000000 0.000000
vt 1.000000 1.000000
vt 0.000000 1.000000
vt 0.000000 0.000000
vt 1.000000 0.000000
vt 1.000000 1.000000
vt 0.000000 1.000000
vt 0.000000 0.000000
vt 1.000000 0.000000
vt 1.000000 1.000000
vt 0.000000 1.000000
vt 0.000000 0.000000
vt 1.000000 0.000000
vt 1.000000 1.000000
vt 0.000000 1.000000
vt 0.000000 0.000000
vt 1.000000 0.000000
vt 1.000000 1.000000
vt 0.000000 1.000000
vt 0.000000 0.000000
vt 1.000000 0.000000
vt 1.000000 1.000000
vt 0.000000 1.000000
vt 0.000000 0.000000
vt 1.000000 0.000000
vt 1.000000 1.000000
vt 0.000000 1.000000
vt 0.000000 0.000000
vt 1.000000 0.000000
vt 1.000000 1.000000
vt 0.000000 1.000000
vt 0.000000 0.000000
vt 1.000000 0.000000
vt 1.000000 1.000000
vt 0.000000 1.000000
vt 0.000000 0.000000
vt 1.000000 0.000000
vt 1.000000 1.000000
vt 0.000000 1.000000
vt 0.000000 0.000000
vt 1.000000 0.000000
vt 1.000000 1.000000
vt 0.000000 1.000000
vt 0.000000 0.000000
vt 1.000000 0.000000
vt 1.000000 1.000000
vt 0.000000 1.000000
vt 0.000000 0.000000
vt 1.000000 0.000000
vt 1.000000 1.000000
vt 0.000000 1.000000
vt 0.000000 0.000000
vt 1.000000 0.000000
vt 1.000000 1.000000
vt 0.000000 1.000000
vt 0.000000 0.000000
vt 1.000000 0.000000
vt 1.000000 1.000000
vt 0.000000 1.000000
vt 0.000000 0.000000
vt 1.000000 0.000000
vt 1.000000 1.000000
vt 0.000000 1.000000
vt 0.000000 0.000000
vt 1.000000 0.000000
vt 1.000000 1.000000
vt 0.000000 1.000000
vt 0.000000 0.000000
vt 1.000000 0.000000
vt 1.000000 1.000000
vt 0.000000 1.000000
vt 0.000000 0.000000
vt 1.000000 0.000000
vt 1.000000 1.000000
vt 0.000000 1.000000
vt 0.000000 0.000000
vt 1.000000 0.000000
vt 1.000000 1.000000
vt 0.000000 1.000000
vt 0.000000 0.000000
vt 1.000000 0.000000
vt 1.000000 1.000000
vt 0.000000 1.000000
vt 0.000000 0.000000
vt 1.000000 0.000000
vt 1.000000 1.000000
vt 0.000000 1.000000
vt 0.000000 0.000000
vt 1.000000 0.000000
vt 1.000000 1.000000
vt 0.000000 1.000000
vt 0.000000 0.000000
vt 1.000000 0.000000
vt 1.000000 1.000000
vt 0.000000 1.000000
vt 0.000000 0.000000
vt 1.000000 0.000000
vt 1.000000 1.000000
vt 0.000000 1.000000
vt 0.000000 0.000000
vt 1.000000 0.000000
vt 1.000000 1.000000
vt 0.000000 1.000000
vt 0.000000 0.000000
vt 1.000000 0.000000
vt 1.000000 1.000000
vt 0.000000 1.000000
vt 0.000000 0.000000
vt 1.000000 0.000000
vt 1.000000 1.000000
vt 0.000000 1.000000
vt 0.000000 0.000000
vt 1.000000 0.000000
vt 1.000000 1.000000
vt 0.000000 1.000000
vt 0.000000 0.000000
vt 1.000000 0.000000
vt 1.000000 1.000000
vt 0.000000 1.000000
vt 0.000000 0.000000
vt 1.000000 0.000000
vt 1.000000 1.000000
vt 0.000000 1.000000
vt 0.000000 0.000000
vt 1.000000 0.000000
vt 1.000000 1.000000
vt 0.000000 1.000000
vt 0.000000 0.000000
vt 1.000000 0.000000
vt 1.000000 1.000000
vt 0.000000 1.000000
vt 0.000000 0.000000
vt 1.000000 0.000000
vt 1.000000 1.000000
vt 0.000000 1.000000
vt 0.000000 0.000000
vt 1.000000 0.000000
vt 1.000000 1.000000
vt 0.000000 1.000000
vt 0.000000 0.000000
vt 1.000000 0.000000
vt 1.000000 1.000000
vt 0.000000 1.000000
vt 0.000000 0.000000
vt 1.000000 0.000000
vt 1.000000 1.000000
vt 0.000000 1.000000
vt 0.000000 0.000000
vt 1.000000 0.000000
vt 1.000000 1.000000
vt 0.000000 1.000000
vt 0.000000 0.000000
vt 1.000000 0.000000
vt 1.000000 1.000000
vt 0.000000 1.000000
vt 0.000000 0.000000
vt 1.000000 0.000000
vt 1.000000 1.000000
vt 0.000000 1.000000
vt 0.000000 0.000000
vt 1.000000 0.000000
vt 1.000000 1.000000
vt 0.000000 1.000000
vt 0.000000 0.000000
vt 1.000000 0.000000
vt 1.000000 1.000000
vt 0.000000 1.000000
vt 0.000000 0.000000
vt 1.000000 0.000000
vt 1.000000 1.000000
vt 0.000000 1.000000
vt 0.000000 0.000000
vt 1.000000 0.000000
vt 1.000000 1.000000
vt 0.000000 1.000000
vt 0.000000 0.000000
vt 1.000000 0.000000
vt 1.000000 1.000000
vt 0.000000 1.000000
vt 0.000000 0.000000
vt 1.000000 0.000000
vt 1.000000 1.000000
vt 0.000000 1.000000
vt 0.000000 0.000000
vt 1.000000 0.000000
vt 1.000000 1.000000
vt 0.000000 1.000000
vt 0.000000 0.000000
vt 1.000000 0.000000
vt 1.000000 1.000000
vt 0.000000 1.000000
vt 0.000000 0.000000
vt 1.000000 0.000000
vt 1.000000 1.000000
vt 0.000000 1.000000
vt 0.000000 0.000000
vt 1.000000 0.000000
vt 1.000000 1.000000
vt 0.000000 1.000000
vt 0.000000 0.000000
vt 1.000000 0.000000
vt 1.000000 1.000000
vt 0.000000 1.000000
vt 0.000000 0.000000
vt 1.000000 0.000000
vt 1.000000 1.000000
vt 0.000000 1.000000
vt 0.000000 0.000000
vt 1.000000 0.000000
vt 1.000000 1.000000
vt 0.000000 1.000000
vt 0.000000 0.000000
vt 1.000000 0.000000
vt 1.000000 1.000000
vt 0.000000 1.000000
vt 0.000000 0.000000
vt 1.000000 0.000000
vt 1.000000 1.000000
vt 0.000000 1.000000
vt 0.000000 0.000000
vt 1.000000 0.000000
vt 1.000000 1.000000
vt 0.000000 1.000000
vt 0.000000 0.000000
vt 1.000000 0.000000
vt 0.500000 1.000000
vt 0.000000 0.000000
vt 1.000000 0.000000
vt 0.500000 1.000000
vt 0.000000 0.000000
vt 1.000000 0.000000
vt 0.500000 1.000000
vt 0.000000 0.000000
vt 1.000000 0.000000
vt 0.500000 1.000000
vt 0.000000 0.000000
vt 1.000000 0.000000
vt 0.500000 1.000000
vt 0.000000 0.000000
vt 1.000000 0.000000
vt 0.500000 1.000000
vt 0.000000 0.000000
vt 1.000000 0.000000
vt 0.500000 1.000000
vt 0.000000 0.000000
vt 1.000000 0.000000
vt 0.500000 1.000000
vt 0.000000 0.000000
vt 1.000000 0.000000
vt 0.500000 1.000000
vt 0.000000 0.000000
vt 1.000000 0.000000
vt 0.500000 1.000000
vt 0.000000 0.000000
vt 1.000000 0.000000
vt 0.500000 1.000000
vt 0.000000 0.000000
vt 1.000000 0.000000
vt 0.500000 1.000000
vt 0.000000 0.000000
vt 1.000000 0.000000
vt 0.500000 1.000000
vt 0.000000 0.000000
vt 1.000000 0.000000
vt 0.500000 1.000000
vt 0.000000 0.000000
vt 1.000000 0.000000
vt 0.500000 1.000000
vt 0.000000 0.000000
vt 1.000000 0.000000
vt 0.500000 1.000000
vt 0.000000 0.000000
vt 1.000000 0.000000
vt 0.500000 1.000000
vt 0.000000 0.000000
vt 1.000000 0.000000
vt 0.500000 1.000000
vt 0.000000 0.000000
vt 1.000000 0.000000
vt 0.500000 1.000000
vt 0.000000 0.000000
vt 1.000000 0.000000
vt 0.500000 1.000000
vt 0.000000 0.000000
vt 1.000000 0.000000
vt 0.500000 1.000000
vt 0.000000 0.000000
vt 1.000000 0.000000
vt 0.500000 1.000000
vt 0.000000 0.000000
vt 1.000000 0.000000
vt 0.500000 1.000000
vt 0.000000 0.000000
vt 1.000000 0.000000
vt 0.500000 1.000000
vt 0.000000 0.000000
vt 1.000000 0.000000
vt 0.500000 1.000000
vt 0.000000 0.000000
vt 1.000000 0.000000
vt 0.500000 1.000000
vt 0.000000 0.000000
vt 1.000000 0.000000
vt 0.500000 1.000000
vt 0.000000 0.000000
vt 1.000000 0.000000
vt 0.500000 1.000000
vt 0.000000 0.000000
vt 1.000000 0.000000
vt 0.500000 1.000000
vt 0.000000 0.000000
vt 1.000000 0.000000
vt 0.500000 1.000000
vt 0.000000 0.000000
vt 1.000000 0.000000
vt 0.500000 1.000000
vt 0.000000 0.000000
vt 1.000000 0.000000
vt 0.500000 1.000000
vt 0.000000 0.000000
vt 1.000000 0.000000
vt 0.500000 1.000000
vt 0.000000 0.000000
vt 1.000000 0.000000
vt 0.500000 1.000000
vt 0.000000 0.000000
vt 1.000000 0.000000
vt 0.500000 1.000000
vt 0.000000 0.000000
vt 1.000000 0.000000
vt 0.500000 1.000000
vt 0.000000 0.000000
vt 1.000000 0.000000
vt 0.500000 1.000000
vt 0.000000 0.000000
vt 1.000000 0.000000
vt 0.500000 1.000000
vt 0.000000 0.000000
vt 1.000000 0.000000
vt 0.500000 1.000000
vt 0.000000 0.000000
vt 1.000000 0.000000
vt 0.500000 1.000000
vt 0.462500 0.688440
vt 0.450000 0.688440
vt 0.437500 0.688440
vt 0.425000 0.688440
vt 0.412500 0.688440
vt 0.400000 0.688440
vt 0.387500 0.688440
vt 0.375000 0.688440
vt 0.625000 0.688440
vt 0.612500 0.688440
vt 0.600000 0.688440
vt 0.587500 0.688440
vt 0.575000 0.688440
vt 0.562500 0.688440
vt 0.550000 0.688440
vt 0.537500 0.688440
vt 0.525000 0.688440
vt 0.512500 0.688440
vt 0.500000 0.688440
vt 0.487500 0.688440
vt 0.475000 0.688440
vt 0.375000 0.312500
vt 0.387500 0.312500
vt 0.387500 0.319723
vt 0.375000 0.319723
vt 0.400000 0.312500
vt 0.400000 0.319723
vt 0.412500 0.312500
vt 0.412500 0.319723
vt 0.425000 0.312500
vt 0.425000 0.319723
vt 0.437500 0.312500
vt 0.437500 0.319723
vt 0.450000 0.312500
vt 0.450000 0.319723
vt 0.462500 0.312500
vt 0.462500 0.319723
vt 0.475000 0.312500
vt 0.475000 0.319723
vt 0.487500 0.312500
vt 0.487500 0.319723
vt 0.500000 0.312500
vt 0.500000 0.319723
vt 0.512500 0.312500
vt 0.512500 0.319723
vt 0.525000 0.312500
vt 0.525000 0.319723
vt 0.537500 0.312500
vt 0.537500 0.319723
vt 0.550000 0.312500
vt 0.550000 0.319723
vt 0.562500 0.312500
vt 0.562500 0.319723
vt 0.575000 0.312500
vt 0.575000 0.319723
vt 0.587500 0.312500
vt 0.587500 0.319723
vt 0.600000 0.312500
vt 0.600000 0.319723
vt 0.612500 0.312500
vt 0.612500 0.319723
vt 0.625000 0.312500
vt 0.625000 0.319723
vt 0.000000 0.000000
vt 1.000000 0.000000
vt 1.000000 1.000000
vt 0.000000 1.000000
vt 0.000000 0.000000
vt 1.000000 0.000000
vt 1.000000 1.000000
vt 0.000000 1.000000
vt 0.000000 0.000000
vt 1.000000 0.000000
vt 1.000000 1.000000
vt 0.000000 1.000000
vt 0.000000 0.000000
vt 1.000000 0.000000
vt 1.000000 1.000000
vt 0.000000 1.000000
vt 0.000000 0.000000
vt 1.000000 0.000000
vt 1.000000 1.000000
vt 0.000000 1.000000
vt 0.000000 0.000000
vt 1.000000 0.000000
vt 1.000000 1.000000
vt 0.000000 1.000000
vt 0.000000 0.000000
vt 1.000000 0.000000
vt 1.000000 1.000000
vt 0.000000 1.000000
vt 0.000000 0.000000
vt 1.000000 0.000000
vt 1.000000 1.000000
vt 0.000000 1.000000
vt 0.000000 0.000000
vt 1.000000 0.000000
vt 1.000000 1.000000
vt 0.000000 1.000000
vt 0.000000 0.000000
vt 1.000000 0.000000
vt 1.000000 1.000000
vt 0.000000 1.000000
vt 0.000000 0.000000
vt 1.000000 0.000000
vt 1.000000 1.000000
vt 0.000000 1.000000
vt 0.000000 0.000000
vt 1.000000 0.000000
vt 1.000000 1.000000
vt 0.000000 1.000000
vt 0.000000 0.000000
vt 1.000000 0.000000
vt 1.000000 1.000000
vt 0.000000 1.000000
vt 0.000000 0.000000
vt 1.000000 0.000000
vt 1.000000 1.000000
vt 0.000000 1.000000
vt 0.000000 0.000000
vt 1.000000 0.000000
vt 1.000000 1.000000
vt 0.000000 1.000000
vt 0.000000 0.000000
vt 1.000000 0.000000
vt 1.000000 1.000000
vt 0.000000 1.000000
vt 0.000000 0.000000
vt 1.000000 0.000000
vt 1.000000 1.000000
vt 0.000000 1.000000
vt 0.000000 0.000000
vt 1.000000 0.000000
vt 1.000000 1.000000
vt 0.000000 1.000000
vt 0.000000 0.000000
vt 1.000000 0.000000
vt 1.000000 1.000000
vt 0.000000 1.000000
vt 0.000000 0.000000
vt 1.000000 0.000000
vt 1.000000 1.000000
vt 0.000000 1.000000
vt 0.000000 0.000000
vt 1.000000 0.000000
vt 1.000000 0.033677
vt 0.000000 0.033677
vt 0.000000 0.000000
vt 1.000000 0.000000
vt 1.000000 0.033677
vt 0.000000 0.033677
vt 0.000000 0.000000
vt 1.000000 0.000000
vt 1.000000 0.033677
vt 0.000000 0.033677
vt 0.000000 0.000000
vt 1.000000 0.000000
vt 1.000000 0.033677
vt 0.000000 0.033677
vt 0.000000 0.000000
vt 1.000000 0.000000
vt 1.000000 0.033677
vt 0.000000 0.033677
vt 0.000000 0.000000
vt 1.000000 0.000000
vt 1.000000 0.033677
vt 0.000000 0.033677
vt 0.000000 0.000000
vt 1.000000 0.000000
vt 1.000000 0.033677
vt 0.000000 0.033677
vt 0.000000 0.000000
vt 1.000000 0.000000
vt 1.000000 0.033677
vt 0.000000 0.033677
vt 0.000000 0.000000
vt 1.000000 0.000000
vt 1.000000 0.033677
vt 0.000000 0.033677
vt 0.000000 0.000000
vt 1.000000 0.000000
vt 1.000000 0.033677
vt 0.000000 0.033677
vt 0.000000 0.000000
vt 1.000000 0.000000
vt 1.000000 0.033677
vt 0.000000 0.033677
vt 0.000000 0.000000
vt 1.000000 0.000000
vt 1.000000 0.033677
vt 0.000000 0.033677
vt 0.000000 0.000000
vt 1.000000 0.000000
vt 1.000000 0.033677
vt 0.000000 0.033677
vt 0.000000 0.000000
vt 1.000000 0.000000
vt 1.000000 0.033677
vt 0.000000 0.033677
vt 0.000000 0.000000
vt 1.000000 0.000000
vt 1.000000 0.033677
vt 0.000000 0.033677
vt 0.000000 0.000000
vt 1.000000 0.000000
vt 1.000000 0.033677
vt 0.000000 0.033677
vt 0.000000 0.000000
vt 1.000000 0.000000
vt 1.000000 0.033677
vt 0.000000 0.033677
vt 0.000000 0.000000
vt 1.000000 0.000000
vt 1.000000 0.033677
vt 0.000000 0.033677
vt 0.000000 0.000000
vt 1.000000 0.000000
vt 1.000000 0.033677
vt 0.000000 0.033677
vt 0.000000 0.000000
vt 1.000000 0.000000
vt 1.000000 0.033677
vt 0.000000 0.033677
vt 0.000000 0.000000
vt 1.000000 0.000000
vt 0.500000 1.000000
vt 0.000000 0.000000
vt 1.000000 0.000000
vt 0.500000 1.000000
vt 0.000000 0.000000
vt 1.000000 0.000000
vt 0.500000 1.000000
vt 0.000000 0.000000
vt 1.000000 0.000000
vt 0.500000 1.000000
vt 0.000000 0.000000
vt 1.000000 0.000000
vt 0.500000 1.000000
vt 0.000000 0.000000
vt 1.000000 0.000000
vt 0.500000 1.000000
vt 0.000000 0.000000
vt 1.000000 0.000000
vt 0.500000 1.000000
vt 0.000000 0.000000
vt 1.000000 0.000000
vt 0.500000 1.000000
vt 0.000000 0.000000
vt 1.000000 0.000000
vt 0.500000 1.000000
vt 0.000000 0.000000
vt 1.000000 0.000000
vt 0.500000 1.000000
vt 0.000000 0.000000
vt 1.000000 0.000000
vt 0.500000 1.000000
vt 0.000000 0.000000
vt 1.000000 0.000000
vt 0.500000 1.000000
vt 0.000000 0.000000
vt 1.000000 0.000000
vt 0.500000 1.000000
vt 0.000000 0.000000
vt 1.000000 0.000000
vt 0.500000 1.000000
vt 0.000000 0.000000
vt 1.000000 0.000000
vt 0.500000 1.000000
vt 0.000000 0.000000
vt 1.000000 0.000000
vt 0.500000 1.000000
vt 0.000000 0.000000
vt 1.000000 0.000000
vt 0.500000 1.000000
vt 0.000000 0.000000
vt 1.000000 0.000000
vt 0.500000 1.000000
vt 0.000000 0.000000
vt 1.000000 0.000000
vt 0.500000 1.000000
vt 0.000000 0.000000
vt 1.000000 0.000000
vt 0.500000 1.000000
vt 1.000000 0.978191
vt 0.000000 0.978191
vt 1.000000 0.978191
vt 0.000000 0.978191
vt 1.000000 0.978191
vt 0.000000 0.978191
vt 1.000000 0.978191
vt 0.000000 0.978191
vt 1.000000 0.978191
vt 0.000000 0.978191
vt 1.000000 0.978191
vt 0.000000 0.978191
vt 1.000000 0.978191
vt 0.000000 0.978191
vt 1.000000 0.978191
vt 0.000000 0.978191
vt 1.000000 0.978191
vt 0.000000 0.978191
vt 1.000000 0.978191
vt 0.000000 0.978191
vt 1.000000 0.978191
vt 0.000000 0.978191
vt 1.000000 0.978191
vt 0.000000 0.978191
vt 1.000000 0.978191
vt 0.000000 0.978191
vt 1.000000 0.978191
vt 0.000000 0.978191
vt 1.000000 0.978191
vt 0.000000 0.978191
vt 1.000000 0.978191
vt 0.000000 0.978191
vt 1.000000 0.978191
vt 0.000000 0.978191
vt 1.000000 0.978191
vt 0.000000 0.978191
vt 1.000000 0.978191
vt 0.000000 0.978191
vt 1.000000 0.978191
vt 0.000000 0.978191
vt 1.000000 1.000000
vt 0.000000 1.000000
vt 1.000000 1.000000
vt 0.000000 1.000000
vt 1.000000 1.000000
vt 0.000000 1.000000
vt 1.000000 1.000000
vt 0.000000 1.000000
vt 1.000000 1.000000
vt 0.000000 1.000000
vt 1.000000 1.000000
vt 0.000000 1.000000
vt 1.000000 1.000000
vt 0.000000 1.000000
vt 1.000000 1.000000
vt 0.000000 1.000000
vt 1.000000 1.000000
vt 0.000000 1.000000
vt 1.000000 1.000000
vt 0.000000 1.000000
vt 1.000000 1.000000
vt 0.000000 1.000000
vt 1.000000 1.000000
vt 0.000000 1.000000
vt 1.000000 1.000000
vt 0.000000 1.000000
vt 1.000000 1.000000
vt 0.000000 1.000000
vt 1.000000 1.000000
vt 0.000000 1.000000
vt 1.000000 1.000000
vt 0.000000 1.000000
vt 1.000000 1.000000
vt 0.000000 1.000000
vt 1.000000 1.000000
vt 0.000000 1.000000
vt 1.000000 1.000000
vt 0.000000 1.000000
vt 1.000000 1.000000
vt 0.000000 1.000000
vt 0.487500 0.680657
vt 0.500000 0.680657
vt 0.500000 0.688440
vt 0.487500 0.688440
vt 0.475000 0.680657
vt 0.475000 0.688440
vt 0.462500 0.680657
vt 0.462500 0.688440
vt 0.450000 0.680657
vt 0.450000 0.688440
vt 0.437500 0.680657
vt 0.437500 0.688440
vt 0.425000 0.680657
vt 0.425000 0.688440
vt 0.412500 0.680657
vt 0.412500 0.688440
vt 0.400000 0.680657
vt 0.400000 0.688440
vt 0.387500 0.680657
vt 0.387500 0.688440
vt 0.375000 0.680657
vt 0.375000 0.688440
vt 0.612500 0.680657
vt 0.625000 0.680657
vt 0.625000 0.688440
vt 0.612500 0.688440
vt 0.600000 0.680657
vt 0.600000 0.688440
vt 0.587500 0.680657
vt 0.587500 0.688440
vt 0.575000 0.680657
vt 0.575000 0.688440
vt 0.562500 0.680657
vt 0.562500 0.688440
vt 0.550000 0.680657
vt 0.550000 0.688440
vt 0.537500 0.680657
vt 0.537500 0.688440
vt 0.525000 0.680657
vt 0.525000 0.688440
vt 0.512500 0.680657
vt 0.512500 0.688440
vt 0.500000 0.323546
vt 0.487500 0.323546
vt 0.475000 0.323546
vt 0.462500 0.323546
vt 0.450000 0.323546
vt 0.437500 0.323546
vt 0.425000 0.323546
vt 0.412500 0.323546
vt 0.400000 0.323546
vt 0.387500 0.323546
vt 0.375000 0.323546
vt 0.625000 0.323546
vt 0.612500 0.323546
vt 0.600000 0.323546
vt 0.587500 0.323546
vt 0.575000 0.323546
vt 0.562500 0.323546
vt 0.550000 0.323546
vt 0.537500 0.323546
vt 0.525000 0.323546
vt 0.512500 0.323546
vt 0.000000 0.000000
vt 1.000000 0.000000
vt 0.500000 1.000000
vt 0.000000 0.000000
vt 1.000000 0.000000
vt 0.500000 1.000000
vt 0.000000 0.000000
vt 1.000000 0.000000
vt 0.500000 1.000000
vt 0.000000 0.000000
vt 1.000000 0.000000
vt 0.500000 1.000000
vt 0.000000 0.000000
vt 1.000000 0.000000
vt 0.500000 1.000000
vt 0.000000 0.000000
vt 1.000000 0.000000
vt 0.500000 1.000000
vt 0.000000 0.000000
vt 1.000000 0.000000
vt 0.500000 1.000000
vt 0.000000 0.000000
vt 1.000000 0.000000
vt 0.500000 1.000000
vt 0.000000 0.000000
vt 1.000000 0.000000
vt 0.500000 1.000000
vt 0.000000 0.000000
vt 1.000000 0.000000
vt 0.500000 1.000000
vt 0.000000 0.000000
vt 1.000000 0.000000
vt 0.500000 1.000000
vt 0.000000 0.000000
vt 1.000000 0.000000
vt 0.500000 1.000000
vt 0.000000 0.000000
vt 1.000000 0.000000
vt 0.500000 1.000000
vt 0.000000 0.000000
vt 1.000000 0.000000
vt 0.500000 1.000000
vt 0.000000 0.000000
vt 1.000000 0.000000
vt 0.500000 1.000000
vt 0.000000 0.000000
vt 1.000000 0.000000
vt 0.500000 1.000000
vt 0.000000 0.000000
vt 1.000000 0.000000
vt 0.500000 1.000000
vt 0.000000 0.000000
vt 1.000000 0.000000
vt 0.500000 1.000000
vt 0.000000 0.000000
vt 1.000000 0.000000
vt 0.500000 1.000000
vt 0.000000 0.000000
vt 1.000000 0.000000
vt 0.500000 1.000000
vt 0.375000 0.312500
vt 0.387500 0.312500
vt 0.387500 0.316744
vt 0.375000 0.316744
vt 0.400000 0.312500
vt 0.400000 0.316744
vt 0.412500 0.312500
vt 0.412500 0.316744
vt 0.425000 0.312500
vt 0.425000 0.316744
vt 0.437500 0.312500
vt 0.437500 0.316744
vt 0.450000 0.312500
vt 0.450000 0.316744
vt 0.462500 0.312500
vt 0.462500 0.316744
vt 0.475000 0.312500
vt 0.475000 0.316744
vt 0.487500 0.312500
vt 0.487500 0.316744
vt 0.500000 0.312500
vt 0.500000 0.316744
vt 0.512500 0.312500
vt 0.512500 0.316744
vt 0.525000 0.312500
vt 0.525000 0.316744
vt 0.537500 0.312500
vt 0.537500 0.316744
vt 0.550000 0.312500
vt 0.550000 0.316744
vt 0.562500 0.312500
vt 0.562500 0.316744
vt 0.575000 0.312500
vt 0.575000 0.316744
vt 0.587500 0.312500
vt 0.587500 0.316744
vt 0.600000 0.312500
vt 0.600000 0.316744
vt 0.612500 0.312500
vt 0.612500 0.316744
vt 0.625000 0.312500
vt 0.625000 0.316744
vt 0.000000 0.000000
vt 1.000000 0.000000
vt 1.000000 1.000000
vt 0.000000 1.000000
vt 0.000000 0.000000
vt 1.000000 0.000000
vt 1.000000 1.000000
vt 0.000000 1.000000
vt 0.000000 0.000000
vt 1.000000 0.000000
vt 1.000000 1.000000
vt 0.000000 1.000000
vt 0.000000 0.000000
vt 1.000000 0.000000
vt 1.000000 1.000000
vt 0.000000 1.000000
vt 0.000000 0.000000
vt 1.000000 0.000000
vt 1.000000 1.000000
vt 0.000000 1.000000
vt 0.000000 0.000000
vt 1.000000 0.000000
vt 1.000000 1.000000
vt 0.000000 1.000000
vt 0.000000 0.000000
vt 1.000000 0.000000
vt 1.000000 1.000000
vt 0.000000 1.000000
vt 0.000000 0.000000
vt 1.000000 0.000000
vt 1.000000 1.000000
vt 0.000000 1.000000
vt 0.000000 0.000000
vt 1.000000 0.000000
vt 1.000000 1.000000
vt 0.000000 1.000000
vt 0.000000 0.000000
vt 1.000000 0.000000
vt 1.000000 1.000000
vt 0.000000 1.000000
vt 0.000000 0.000000
vt 1.000000 0.000000
vt 1.000000 1.000000
vt 0.000000 1.000000
vt 0.000000 0.000000
vt 1.000000 0.000000
vt 1.000000 1.000000
vt 0.000000 1.000000
vt 0.000000 0.000000
vt 1.000000 0.000000
vt 1.000000 1.000000
vt 0.000000 1.000000
vt 0.000000 0.000000
vt 1.000000 0.000000
vt 1.000000 1.000000
vt 0.000000 1.000000
vt 0.000000 0.000000
vt 1.000000 0.000000
vt 1.000000 1.000000
vt 0.000000 1.000000
vt 0.000000 0.000000
vt 1.000000 0.000000
vt 1.000000 1.000000
vt 0.000000 1.000000
vt 0.000000 0.000000
vt 1.000000 0.000000
vt 1.000000 1.000000
vt 0.000000 1.000000
vt 0.000000 0.000000
vt 1.000000 0.000000
vt 1.000000 1.000000
vt 0.000000 1.000000
vt 0.000000 0.000000
vt 1.000000 0.000000
vt 1.000000 1.000000
vt 0.000000 1.000000
vt 0.000000 0.000000
vt 1.000000 0.000000
vt 1.000000 1.000000
vt 0.000000 1.000000
vt 0.000000 0.000000
vt 1.000000 0.000000
vt 1.000000 1.000000
vt 0.000000 1.000000
vt 0.000000 0.000000
vt 1.000000 0.000000
vt 1.000000 1.000000
vt 0.000000 1.000000
vt 0.000000 0.000000
vt 1.000000 0.000000
vt 1.000000 1.000000
vt 0.000000 1.000000
vt 0.000000 0.000000
vt 1.000000 0.000000
vt 1.000000 1.000000
vt 0.000000 1.000000
vt 0.000000 0.000000
vt 1.000000 0.000000
vt 1.000000 1.000000
vt 0.000000 1.000000
vt 0.000000 0.000000
vt 1.000000 0.000000
vt 1.000000 1.000000
vt 0.000000 1.000000
vt 0.000000 0.000000
vt 1.000000 0.000000
vt 1.000000 1.000000
vt 0.000000 1.000000
vt 0.000000 0.000000
vt 1.000000 0.000000
vt 1.000000 1.000000
vt 0.000000 1.000000
vt 0.000000 0.000000
vt 1.000000 0.000000
vt 1.000000 1.000000
vt 0.000000 1.000000
vt 0.000000 0.000000
vt 1.000000 0.000000
vt 1.000000 1.000000
vt 0.000000 1.000000
vt 0.000000 0.000000
vt 1.000000 0.000000
vt 1.000000 1.000000
vt 0.000000 1.000000
vt 0.000000 0.000000
vt 1.000000 0.000000
vt 1.000000 1.000000
vt 0.000000 1.000000
vt 0.000000 0.000000
vt 1.000000 0.000000
vt 1.000000 1.000000
vt 0.000000 1.000000
vt 0.000000 0.000000
vt 1.000000 0.000000
vt 1.000000 1.000000
vt 0.000000 1.000000
vt 0.000000 0.000000
vt 1.000000 0.000000
vt 1.000000 1.000000
vt 0.000000 1.000000
vt 0.000000 0.000000
vt 1.000000 0.000000
vt 1.000000 1.000000
vt 0.000000 1.000000
vt 0.000000 0.000000
vt 1.000000 0.000000
vt 1.000000 1.000000
vt 0.000000 1.000000
vt 0.000000 0.000000
vt 1.000000 0.000000
vt 1.000000 1.000000
vt 0.000000 1.000000
vt 0.000000 0.000000
vt 1.000000 0.000000
vt 1.000000 1.000000
vt 0.000000 1.000000
vt 0.000000 0.000000
vt 1.000000 0.000000
vt 1.000000 1.000000
vt 0.000000 1.000000
vt 0.000000 0.000000
vt 1.000000 0.000000
vt 1.000000 1.000000
vt 0.000000 1.000000
vt 0.000000 0.000000
vt 1.000000 0.000000
vt 1.000000 1.000000
vt 0.000000 1.000000
vt 0.000000 0.000000
vt 1.000000 0.000000
vt 1.000000 1.000000
vt 0.000000 1.000000
vt 0.000000 0.000000
vt 1.000000 0.000000
vt 1.000000 1.000000
vt 0.000000 1.000000
vt 0.000000 0.000000
vt 1.000000 0.000000
vt 1.000000 1.000000
vt 0.000000 1.000000
vt 0.000000 0.000000
vt 1.000000 0.000000
vt 1.000000 1.000000
vt 0.000000 1.000000
vt 0.000000 0.000000
vt 1.000000 0.000000
vt 1.000000 1.000000
vt 0.000000 1.000000
vt 0.000000 0.000000
vt 1.000000 0.000000
vt 1.000000 1.000000
vt 0.000000 1.000000
vt 0.000000 0.000000
vt 1.000000 0.000000
vt 1.000000 1.000000
vt 0.000000 1.000000
vt 0.000000 0.000000
vt 1.000000 0.000000
vt 1.000000 1.000000
vt 0.000000 1.000000
vt 0.000000 0.000000
vt 1.000000 0.000000
vt 1.000000 1.000000
vt 0.000000 1.000000
vt 0.000000 0.000000
vt 1.000000 0.000000
vt 1.000000 1.000000
vt 0.000000 1.000000
vt 0.000000 0.000000
vt 1.000000 0.000000
vt 1.000000 1.000000
vt 0.000000 1.000000
vt 0.000000 0.000000
vt 1.000000 0.000000
vt 1.000000 1.000000
vt 0.000000 1.000000
vt 0.000000 0.000000
vt 1.000000 0.000000
vt 1.000000 1.000000
vt 0.000000 1.000000
vt 0.000000 0.000000
vt 1.000000 0.000000
vt 1.000000 1.000000
vt 0.000000 1.000000
vt 0.000000 0.000000
vt 1.000000 0.000000
vt 1.000000 1.000000
vt 0.000000 1.000000
vt 0.000000 0.000000
vt 1.000000 0.000000
vt 1.000000 1.000000
vt 0.000000 1.000000
vt 0.000000 0.000000
vt 1.000000 0.000000
vt 1.000000 1.000000
vt 0.000000 1.000000
vt 0.000000 0.000000
vt 1.000000 0.000000
vt 1.000000 1.000000
vt 0.000000 1.000000
vt 0.000000 0.000000
vt 1.000000 0.000000
vt 1.000000 1.000000
vt 0.000000 1.000000
vt 0.000000 0.000000
vt 1.000000 0.000000
vt 1.000000 1.000000
vt 0.000000 1.000000
vt 0.000000 0.000000
vt 1.000000 0.000000
vt 1.000000 1.000000
vt 0.000000 1.000000
vt 0.000000 0.000000
vt 1.000000 0.000000
vt 1.000000 1.000000
vt 0.000000 1.000000
vt 0.000000 0.000000
vt 1.000000 0.000000
vt 1.000000 1.000000
vt 0.000000 1.000000
vt 0.000000 0.000000
vt 1.000000 0.000000
vt 1.000000 1.000000
vt 0.000000 1.000000
vt 0.000000 0.000000
vt 1.000000 0.000000
vt 1.000000 1.000000
vt 0.000000 1.000000
vt 0.000000 0.000000
vt 1.000000 0.000000
vt 1.000000 1.000000
vt 0.000000 1.000000
vt 0.000000 0.000000
vt 1.000000 0.000000
vt 1.000000 1.000000
vt 0.000000 1.000000
vt 0.000000 0.000000
vt 1.000000 0.000000
vt 1.000000 1.000000
vt 0.000000 1.000000
vt 0.000000 0.000000
vt 1.000000 0.000000
vt 1.000000 1.000000
vt 0.000000 1.000000
vt 0.000000 0.000000
vt 1.000000 0.000000
vt 1.000000 1.000000
vt 0.000000 1.000000
vt 0.000000 0.000000
vt 1.000000 0.000000
vt 1.000000 1.000000
vt 0.000000 1.000000
vt 0.000000 0.000000
vt 1.000000 0.000000
vt 1.000000 1.000000
vt 0.000000 1.000000
vt 0.000000 0.000000
vt 1.000000 0.000000
vt 1.000000 1.000000
vt 0.000000 1.000000
vt 0.000000 0.000000
vt 1.000000 0.000000
vt 1.000000 1.000000
vt 0.000000 1.000000
vt 0.000000 0.000000
vt 1.000000 0.000000
vt 1.000000 1.000000
vt 0.000000 1.000000
vt 0.000000 0.000000
vt 1.000000 0.000000
vt 1.000000 1.000000
vt 0.000000 1.000000
vt 0.000000 0.000000
vt 1.000000 0.000000
vt 1.000000 1.000000
vt 0.000000 1.000000
vt 0.000000 0.000000
vt 1.000000 0.000000
vt 1.000000 1.000000
vt 0.000000 1.000000
vt 0.000000 0.000000
vt 1.000000 0.000000
vt 1.000000 1.000000
vt 0.000000 1.000000
vt 0.000000 0.000000
vt 1.000000 0.000000
vt 1.000000 1.000000
vt 0.000000 1.000000
vt 0.000000 0.000000
vt 1.000000 0.000000
vt 1.000000 1.000000
vt 0.000000 1.000000
vt 0.000000 0.000000
vt 1.000000 0.000000
vt 1.000000 1.000000
vt 0.000000 1.000000
vt 0.000000 0.000000
vt 1.000000 0.000000
vt 1.000000 1.000000
vt 0.000000 1.000000
vt 0.000000 0.000000
vt 1.000000 0.000000
vt 1.000000 1.000000
vt 0.000000 1.000000
vt 0.000000 0.000000
vt 1.000000 0.000000
vt 1.000000 1.000000
vt 0.000000 1.000000
vt 0.000000 0.000000
vt 1.000000 0.000000
vt 1.000000 1.000000
vt 0.000000 1.000000
vt 0.000000 0.000000
vt 1.000000 0.000000
vt 1.000000 1.000000
vt 0.000000 1.000000
vt 0.000000 0.000000
vt 1.000000 0.000000
vt 1.000000 1.000000
vt 0.000000 1.000000
vt 0.000000 0.000000
vt 1.000000 0.000000
vt 1.000000 1.000000
vt 0.000000 1.000000
vt 0.000000 0.000000
vt 1.000000 0.000000
vt 1.000000 1.000000
vt 0.000000 1.000000
vt 0.000000 0.000000
vt 1.000000 0.000000
vt 1.000000 1.000000
vt 0.000000 1.000000
vt 0.000000 0.000000
vt 1.000000 0.000000
vt 1.000000 1.000000
vt 0.000000 1.000000
vt 0.000000 0.000000
vt 1.000000 0.000000
vt 1.000000 1.000000
vt 0.000000 1.000000
vt 0.000000 0.000000
vt 1.000000 0.000000
vt 1.000000 1.000000
vt 0.000000 1.000000
vt 0.000000 0.000000
vt 1.000000 0.000000
vt 1.000000 1.000000
vt 0.000000 1.000000
vt 0.000000 0.000000
vt 1.000000 0.000000
vt 1.000000 1.000000
vt 0.000000 1.000000
vt 0.000000 0.000000
vt 1.000000 0.000000
vt 1.000000 1.000000
vt 0.000000 1.000000
vt 0.000000 0.000000
vt 1.000000 0.000000
vt 1.000000 1.000000
vt 0.000000 1.000000
vt 0.000000 0.000000
vt 1.000000 0.000000
vt 1.000000 1.000000
vt 0.000000 1.000000
vt 0.000000 0.000000
vt 1.000000 0.000000
vt 1.000000 1.000000
vt 0.000000 1.000000
vt 0.000000 0.000000
vt 1.000000 0.000000
vt 1.000000 1.000000
vt 0.000000 1.000000
vt 0.000000 0.000000
vt 1.000000 0.000000
vt 1.000000 1.000000
vt 0.000000 1.000000
vt 0.000000 0.000000
vt 1.000000 0.000000
vt 1.000000 1.000000
vt 0.000000 1.000000
vt 0.000000 0.000000
vt 1.000000 0.000000
vt 1.000000 1.000000
vt 0.000000 1.000000
vt 0.000000 0.000000
vt 1.000000 0.000000
vt 1.000000 1.000000
vt 0.000000 1.000000
vt 0.000000 0.000000
vt 1.000000 0.000000
vt 1.000000 1.000000
vt 0.000000 1.000000
vt 0.000000 0.000000
vt 1.000000 0.000000
vt 1.000000 1.000000
vt 0.000000 1.000000
vt 0.000000 0.000000
vt 1.000000 0.000000
vt 1.000000 1.000000
vt 0.000000 1.000000
vt 0.000000 0.000000
vt 1.000000 0.000000
vt 1.000000 1.000000
vt 0.000000 1.000000
vt 0.000000 0.000000
vt 1.000000 0.000000
vt 1.000000 1.000000
vt 0.000000 1.000000
vt 0.000000 0.000000
vt 1.000000 0.000000
vt 1.000000 1.000000
vt 0.000000 1.000000
vt 0.000000 0.000000
vt 1.000000 0.000000
vt 1.000000 1.000000
vt 0.000000 1.000000
vt 0.000000 0.000000
vt 1.000000 0.000000
vt 1.000000 1.000000
vt 0.000000 1.000000
vt 0.000000 0.000000
vt 1.000000 0.000000
vt 1.000000 1.000000
vt 0.000000 1.000000
vt 0.000000 0.000000
vt 1.000000 0.000000
vt 1.000000 1.000000
vt 0.000000 1.000000
vt 0.000000 0.000000
vt 1.000000 0.000000
vt 1.000000 1.000000
vt 0.000000 1.000000
vt 0.000000 0.000000
vt 1.000000 0.000000
vt 1.000000 1.000000
vt 0.000000 1.000000
vt 0.000000 0.000000
vt 1.000000 0.000000
vt 1.000000 1.000000
vt 0.000000 1.000000
vt 0.000000 0.000000
vt 1.000000 0.000000
vt 0.500000 1.000000
vt 0.000000 0.000000
vt 1.000000 0.000000
vt 0.500000 1.000000
vt 0.000000 0.000000
vt 1.000000 0.000000
vt 0.500000 1.000000
vt 0.000000 0.000000
vt 1.000000 0.000000
vt 0.500000 1.000000
vt 0.000000 0.000000
vt 1.000000 0.000000
vt 0.500000 1.000000
vt 0.000000 0.000000
vt 1.000000 0.000000
vt 0.500000 1.000000
vt 0.000000 0.000000
vt 1.000000 0.000000
vt 0.500000 1.000000
vt 0.000000 0.000000
vt 1.000000 0.000000
vt 0.500000 1.000000
vt 0.000000 0.000000
vt 1.000000 0.000000
vt 0.500000 1.000000
vt 0.000000 0.000000
vt 1.000000 0.000000
vt 0.500000 1.000000
vt 0.000000 0.000000
vt 1.000000 0.000000
vt 0.500000 1.000000
vt 0.000000 0.000000
vt 1.000000 0.000000
vt 0.500000 1.000000
vt 0.000000 0.000000
vt 1.000000 0.000000
vt 0.500000 1.000000
vt 0.000000 0.000000
vt 1.000000 0.000000
vt 0.500000 1.000000
vt 0.000000 0.000000
vt 1.000000 0.000000
vt 0.500000 1.000000
vt 0.000000 0.000000
vt 1.000000 0.000000
vt 0.500000 1.000000
vt 0.000000 0.000000
vt 1.000000 0.000000
vt 0.500000 1.000000
vt 0.000000 0.000000
vt 1.000000 0.000000
vt 0.500000 1.000000
vt 0.000000 0.000000
vt 1.000000 0.000000
vt 0.500000 1.000000
vt 0.000000 0.000000
vt 1.000000 0.000000
vt 0.500000 1.000000
vt 0.537500 0.688440
vt 0.525000 0.688440
vt 0.512500 0.688440
vt 0.500000 0.688440
vt 0.487500 0.688440
vt 0.475000 0.688440
vt 0.462500 0.688440
vt 0.450000 0.688440
vt 0.437500 0.688440
vt 0.425000 0.688440
vt 0.412500 0.688440
vt 0.400000 0.688440
vt 0.387500 0.688440
vt 0.375000 0.688440
vt 0.625000 0.688440
vt 0.612500 0.688440
vt 0.600000 0.688440
vt 0.587500 0.688440
vt 0.575000 0.688440
vt 0.562500 0.688440
vt 0.550000 0.688440
vt 0.000000 0.000000
vt 1.000000 0.000000
vt 0.500000 1.000000
vt 0.000000 0.000000
vt 1.000000 0.000000
vt 0.500000 1.000000
vt 0.000000 0.000000
vt 1.000000 0.000000
vt 0.500000 1.000000
vt 0.000000 0.000000
vt 1.000000 0.000000
vt 0.500000 1.000000
vt 0.000000 0.000000
vt 1.000000 0.000000
vt 0.500000 1.000000
vt 0.000000 0.000000
vt 1.000000 0.000000
vt 0.500000 1.000000
vt 0.000000 0.000000
vt 1.000000 0.000000
vt 0.500000 1.000000
vt 0.000000 0.000000
vt 1.000000 0.000000
vt 0.500000 1.000000
vt 0.000000 0.000000
vt 1.000000 0.000000
vt 0.500000 1.000000
vt 0.000000 0.000000
vt 1.000000 0.000000
vt 0.500000 1.000000
vt 0.000000 0.000000
vt 1.000000 0.000000
vt 0.500000 1.000000
vt 0.000000 0.000000
vt 1.000000 0.000000
vt 0.500000 1.000000
vt 0.000000 0.000000
vt 1.000000 0.000000
vt 0.500000 1.000000
vt 0.000000 0.000000
vt 1.000000 0.000000
vt 0.500000 1.000000
vt 0.000000 0.000000
vt 1.000000 0.000000
vt 0.500000 1.000000
vt 0.000000 0.000000
vt 1.000000 0.000000
vt 0.500000 1.000000
vt 0.000000 0.000000
vt 1.000000 0.000000
vt 0.500000 1.000000
vt 0.000000 0.000000
vt 1.000000 0.000000
vt 0.500000 1.000000
vt 0.000000 0.000000
vt 1.000000 0.000000
vt 0.500000 1.000000
vt 0.000000 0.000000
vt 1.000000 0.000000
vt 0.500000 1.000000
vn 0.899665 -0.324274 -0.292318
vn 0.765300 -0.324274 -0.556023
vn 0.765300 -0.324274 -0.556023
vn 0.899665 -0.324274 -0.292318
vn 0.556023 -0.324274 -0.765301
vn 0.556023 -0.324274 -0.765300
vn 0.292319 -0.324274 -0.899665
vn 0.292318 -0.324274 -0.899665
vn -0.000000 -0.324274 -0.945963
vn -0.000000 -0.324274 -0.945963
vn -0.292319 -0.324274 -0.899664
vn -0.292319 -0.324274 -0.899664
vn -0.556024 -0.324274 -0.765300
vn -0.556024 -0.324274 -0.765300
vn -0.765301 -0.324274 -0.556023
vn -0.765301 -0.324274 -0.556023
vn -0.899665 -0.324273 -0.292319
vn -0.899665 -0.324273 -0.292318
vn -0.945964 -0.324273 0.000000
vn -0.945963 -0.324273 0.000000
vn -0.899665 -0.324274 0.292318
vn -0.899665 -0.324274 0.292318
vn -0.765301 -0.324274 0.556023
vn -0.765300 -0.324274 0.556023
vn -0.556023 -0.324274 0.765301
vn -0.556023 -0.324274 0.765301
vn -0.292319 -0.324274 0.899665
vn -0.292319 -0.324274 0.899665
vn 0.000000 -0.324274 0.945963
vn 0.000000 -0.324274 0.945963
vn 0.292319 -0.324274 0.899665
vn 0.292319 -0.324274 0.899664
vn 0.556024 -0.324274 0.765300
vn 0.556024 -0.324274 0.765300
vn 0.765301 -0.324274 0.556023
vn 0.765301 -0.324274 0.556023
vn 0.899665 -0.324274 0.292319
vn 0.899665 -0.324274 0.292319
vn 0.945963 -0.324274 0.000001
vn 0.945963 -0.324274 0.000001
vn 0.872783 -0.201211 -0.444706
vn 0.872783 -0.201211 -0.444706
vn 0.872783 -0.201211 -0.444706
vn 0.872783 -0.201211 -0.444706
vn 0.692646 -0.201211 -0.692644
vn 0.692646 -0.201212 -0.692644
vn 0.692646 -0.201212 -0.692644
vn 0.692646 -0.201212 -0.692644
vn 0.444705 -0.201210 -0.872784
vn 0.444705 -0.201210 -0.872784
vn 0.444705 -0.201210 -0.872784
vn 0.444705 -0.201210 -0.872784
vn 0.153235 -0.201211 -0.967488
vn 0.153235 -0.201211 -0.967488
vn 0.153235 -0.201211 -0.967488
vn 0.153235 -0.201211 -0.967488
vn -0.153236 -0.201211 -0.967488
vn -0.153236 -0.201211 -0.967488
vn -0.153236 -0.201211 -0.967488
vn -0.153236 -0.201211 -0.967488
vn -0.444705 -0.201210 -0.872784
vn -0.444705 -0.201210 -0.872784
vn -0.444705 -0.201210 -0.872784
vn -0.444705 -0.201210 -0.872784
vn -0.692644 -0.201211 -0.692646
vn -0.692644 -0.201211 -0.692646
vn -0.692644 -0.201211 -0.692646
vn -0.692644 -0.201211 -0.692646
vn -0.872784 -0.201210 -0.444705
vn -0.872784 -0.201210 -0.444705
vn -0.872784 -0.201210 -0.444705
vn -0.872784 -0.201210 -0.444705
vn -0.967488 -0.201212 -0.153235
vn -0.967488 -0.201212 -0.153235
vn -0.967488 -0.201212 -0.153235
vn -0.967488 -0.201212 -0.153235
vn -0.967488 -0.201212 0.153235
vn -0.967488 -0.201212 0.153235
vn -0.967488 -0.201212 0.153235
vn -0.967488 -0.201212 0.153235
vn -0.872783 -0.201211 0.444706
vn -0.872783 -0.201211 0.444706
vn -0.872783 -0.201211 0.444706
vn -0.872783 -0.201211 0.444706
vn -0.692645 -0.201211 0.692644
vn -0.692645 -0.201211 0.692645
vn -0.692645 -0.201211 0.692645
vn -0.692645 -0.201211 0.692645
vn -0.444705 -0.201211 0.872784
vn -0.444705 -0.201211 0.872784
vn -0.444705 -0.201211 0.872784
vn -0.444705 -0.201211 0.872784
vn -0.153235 -0.201211 0.967488
vn -0.153235 -0.201211 0.967488
vn -0.153235 -0.201211 0.967488
vn -0.153235 -0.201211 0.967488
vn 0.153235 -0.201211 0.967488
vn 0.153235 -0.201211 0.967488
vn 0.153235 -0.201211 0.967488
vn 0.153235 -0.201211 0.967488
vn 0.444706 -0.201211 0.872783
vn 0.444706 -0.201211 0.872783
vn 0.444706 -0.201211 0.872783
vn 0.444706 -0.201211 0.872783
vn 0.692644 -0.201211 0.692646
vn 0.692644 -0.201211 0.692646
vn 0.692644 -0.201211 0.692646
vn 0.692644 -0.201211 0.692646
vn 0.872784 -0.201211 0.444705
vn 0.872784 -0.201211 0.444705
vn 0.872784 -0.201211 0.444705
vn 0.872784 -0.201211 0.444705
vn 0.967488 -0.201212 0.153235
vn 0.967488 -0.201212 0.153235
vn 0.967488 -0.201212 0.153235
vn 0.967488 -0.201212 0.153235
vn 0.967489 -0.201209 -0.153233
vn 0.967489 -0.201209 -0.153233
vn 0.967489 -0.201209 -0.153233
vn 0.967489 -0.201209 -0.153233
vn 0.882976 0.133956 -0.449899
vn 0.882976 0.133956 -0.449899
vn 0.882976 0.133956 -0.449899
vn 0.882976 0.133956 -0.449899
vn 0.700733 0.133956 -0.700734
vn 0.700733 0.133956 -0.700734
vn 0.700733 0.133956 -0.700734
vn 0.700733 0.133956 -0.700734
vn 0.449899 0.133956 -0.882976
vn 0.449899 0.133956 -0.882976
vn 0.449899 0.133956 -0.882976
vn 0.449899 0.133956 -0.882976
vn 0.155024 0.133956 -0.978787
vn 0.155024 0.133956 -0.978787
vn 0.155024 0.133956 -0.978787
vn 0.155024 0.133956 -0.978787
vn -0.155025 0.133956 -0.978787
vn -0.155025 0.133956 -0.978787
vn -0.155025 0.133956 -0.978787
vn -0.155025 0.133956 -0.978787
vn -0.449899 0.133956 -0.882976
vn -0.449899 0.133956 -0.882976
vn -0.449899 0.133956 -0.882976
vn -0.449899 0.133956 -0.882976
vn -0.700734 0.133956 -0.700733
vn -0.700734 0.133956 -0.700733
vn -0.700734 0.133956 -0.700733
vn -0.700734 0.133956 -0.700733
vn -0.882976 0.133956 -0.449899
vn -0.882976 0.133956 -0.449899
vn -0.882976 0.133956 -0.449899
vn -0.882976 0.133956 -0.449899
vn -0.978787 0.133956 -0.155025
vn -0.978787 0.133956 -0.155025
vn -0.978787 0.133956 -0.155025
vn -0.978787 0.133956 -0.155025
vn -0.978787 0.133956 0.155025
vn -0.978787 0.133956 0.155025
vn -0.978787 0.133956 0.155025
vn -0.978787 0.133956 0.155025
vn -0.882976 0.133956 0.449899
vn -0.882976 0.133956 0.449899
vn -0.882976 0.133956 0.449899
vn -0.882976 0.133956 0.449899
vn -0.700734 0.133956 0.700734
vn -0.700734 0.133956 0.700734
vn -0.700734 0.133956 0.700734
vn -0.700734 0.133956 0.700734
vn -0.449899 0.133956 0.882976
vn -0.449899 0.133956 0.882976
vn -0.449899 0.133956 0.882976
vn -0.449899 0.133956 0.882976
vn -0.155025 0.133956 0.978787
vn -0.155025 0.133956 0.978787
vn -0.155025 0.133956 0.978787
vn -0.155025 0.133956 0.978787
vn 0.155025 0.133956 0.978787
vn 0.155025 0.133956 0.978787
vn 0.155025 0.133956 0.978787
vn 0.155025 0.133956 0.978787
vn 0.449899 0.133956 0.882976
vn 0.449899 0.133956 0.882976
vn 0.449899 0.133956 0.882976
vn 0.449899 0.133956 0.882976
vn 0.700734 0.133956 0.700733
vn 0.700734 0.133956 0.700733
vn 0.700734 0.133956 0.700733
vn 0.700734 0.133956 0.700733
vn 0.882976 0.133956 0.449899
vn 0.882976 0.133956 0.449899
vn 0.882976 0.133956 0.449899
vn 0.882976 0.133956 0.449899
vn 0.978787 0.133956 0.155025
vn 0.978787 0.133956 0.155025
vn 0.978787 0.133956 0.155025
vn 0.978787 0.133956 0.155025
vn 0.978787 0.133956 -0.155023
vn 0.978787 0.133956 -0.155023
vn 0.978787 0.133956 -0.155023
vn 0.978787 0.133956 -0.155023
vn 0.876819 0.177745 -0.446761
vn 0.876819 0.177745 -0.446761
vn 0.876819 0.177745 -0.446761
vn 0.876819 0.177745 -0.446761
vn 0.695847 0.177745 -0.695847
vn 0.695847 0.177745 -0.695847
vn 0.695847 0.177745 -0.695847
vn 0.695847 0.177745 -0.695847
vn 0.446761 0.177745 -0.876819
vn 0.446761 0.177745 -0.876819
vn 0.446761 0.177745 -0.876819
vn 0.446761 0.177745 -0.876819
vn 0.153944 0.177745 -0.971961
vn 0.153944 0.177745 -0.971961
vn 0.153944 0.177745 -0.971961
vn 0.153944 0.177745 -0.971961
vn -0.153944 0.177745 -0.971961
vn -0.153944 0.177745 -0.971961
vn -0.153944 0.177745 -0.971961
vn -0.153944 0.177745 -0.971961
vn -0.446761 0.177745 -0.876819
vn -0.446761 0.177745 -0.876819
vn -0.446761 0.177745 -0.876819
vn -0.446761 0.177745 -0.876819
vn -0.695847 0.177745 -0.695847
vn -0.695847 0.177745 -0.695847
vn -0.695847 0.177745 -0.695847
vn -0.695847 0.177745 -0.695847
vn -0.876819 0.177745 -0.446761
vn -0.876819 0.177745 -0.446761
vn -0.876819 0.177745 -0.446761
vn -0.876819 0.177745 -0.446761
vn -0.971961 0.177744 -0.153944
vn -0.971961 0.177744 -0.153944
vn -0.971961 0.177744 -0.153944
vn -0.971961 0.177744 -0.153944
vn -0.971961 0.177745 0.153943
vn -0.971961 0.177745 0.153943
vn -0.971961 0.177745 0.153944
vn -0.971961 0.177745 0.153944
vn -0.876819 0.177745 0.446762
vn -0.876819 0.177745 0.446762
vn -0.876819 0.177745 0.446762
vn -0.876819 0.177745 0.446762
vn -0.695847 0.177745 0.695848
vn -0.695847 0.177745 0.695848
vn -0.695847 0.177745 0.695848
vn -0.695847 0.177745 0.695848
vn -0.446761 0.177745 0.876819
vn -0.446761 0.177745 0.876819
vn -0.446761 0.177745 0.876819
vn -0.446761 0.177745 0.876819
vn -0.153944 0.177745 0.971961
vn -0.153944 0.177745 0.971961
vn -0.153944 0.177745 0.971961
vn -0.153944 0.177745 0.971961
vn 0.153944 0.177745 0.971961
vn 0.153944 0.177745 0.971961
vn 0.153944 0.177745 0.971961
vn 0.153944 0.177745 0.971961
vn 0.446761 0.177745 0.876819
vn 0.446761 0.177745 0.876819
vn 0.446761 0.177745 0.876819
vn 0.446761 0.177745 0.876819
vn 0.695847 0.177745 0.695848
vn 0.695847 0.177745 0.695848
vn 0.695847 0.177745 0.695848
vn 0.695847 0.177745 0.695848
vn 0.876819 0.177745 0.446761
vn 0.876819 0.177745 0.446761
vn 0.876819 0.177745 0.446761
vn 0.876819 0.177745 0.446761
vn 0.971961 0.177745 0.153944
vn 0.971961 0.177745 0.153944
vn 0.971961 0.177745 0.153944
vn 0.971961 0.177745 0.153944
vn 0.971961 0.177745 -0.153942
vn 0.971961 0.177745 -0.153942
vn 0.971961 0.177745 -0.153942
vn 0.971961 0.177745 -0.153942
vn 0.887283 0.091326 -0.452093
vn 0.887283 0.091326 -0.452093
vn 0.887283 0.091326 -0.452093
vn 0.887283 0.091326 -0.452093
vn 0.704152 0.091326 -0.704152
vn 0.704152 0.091326 -0.704152
vn 0.704152 0.091326 -0.704152
vn 0.704152 0.091326 -0.704152
vn 0.452093 0.091326 -0.887283
vn 0.452093 0.091326 -0.887283
vn 0.452093 0.091326 -0.887283
vn 0.452093 0.091326 -0.887283
vn 0.155781 0.091326 -0.983561
vn 0.155781 0.091326 -0.983561
vn 0.155781 0.091326 -0.983561
vn 0.155781 0.091326 -0.983561
vn -0.155781 0.091326 -0.983561
vn -0.155781 0.091326 -0.983561
vn -0.155781 0.091326 -0.983561
vn -0.155781 0.091326 -0.983561
vn -0.452094 0.091326 -0.887283
vn -0.452093 0.091326 -0.887283
vn -0.452094 0.091326 -0.887283
vn -0.452094 0.091326 -0.887283
vn -0.704152 0.091326 -0.704152
vn -0.704152 0.091326 -0.704152
vn -0.704152 0.091326 -0.704152
vn -0.704152 0.091326 -0.704152
vn -0.887283 0.091326 -0.452093
vn -0.887283 0.091326 -0.452093
vn -0.887283 0.091326 -0.452093
vn -0.887283 0.091326 -0.452093
vn -0.983561 0.091326 -0.155781
vn -0.983561 0.091326 -0.155781
vn -0.983561 0.091326 -0.155781
vn -0.983561 0.091326 -0.155781
vn -0.983561 0.091326 0.155781
vn -0.983561 0.091326 0.155781
vn -0.983561 0.091326 0.155781
vn -0.983561 0.091326 0.155781
vn -0.887283 0.091326 0.452093
vn -0.887283 0.091326 0.452093
vn -0.887283 0.091326 0.452093
vn -0.887283 0.091326 0.452093
vn -0.704152 0.091326 0.704152
vn -0.704152 0.091326 0.704152
vn -0.704152 0.091326 0.704152
vn -0.704152 0.091326 0.704152
vn -0.452093 0.091326 0.887283
vn -0.452093 0.091326 0.887283
vn -0.452093 0.091326 0.887283
vn -0.452093 0.091326 0.887283
vn -0.155781 0.091326 0.983561
vn -0.155781 0.091326 0.983561
vn -0.155781 0.091326 0.983561
vn -0.155781 0.091326 0.983561
vn 0.155782 0.091326 0.983561
vn 0.155782 0.091326 0.983561
vn 0.155782 0.091326 0.983561
vn 0.155782 0.091326 0.983561
vn 0.452093 0.091326 0.887283
vn 0.452093 0.091326 0.887283
vn 0.452093 0.091326 0.887283
vn 0.452093 0.091326 0.887283
vn 0.704152 0.091326 0.704152
vn 0.704152 0.091326 0.704152
vn 0.704152 0.091326 0.704152
vn 0.704152 0.091326 0.704152
vn 0.887283 0.091326 0.452093
vn 0.887283 0.091326 0.452093
vn 0.887283 0.091326 0.452093
vn 0.887283 0.091326 0.452093
vn 0.983561 0.091326 0.155781
vn 0.983561 0.091326 0.155781
vn 0.983561 0.091326 0.155781
vn 0.983561 0.091326 0.155781
vn 0.983561 0.091326 -0.155779
vn 0.983561 0.091326 -0.155779
vn 0.983561 0.091326 -0.155779
vn 0.983561 0.091326 -0.155779
vn 0.887911 0.083279 -0.452414
vn 0.887911 0.083279 -0.452414
vn 0.887911 0.083279 -0.452414
vn 0.887911 0.083279 -0.452414
vn 0.704650 0.083279 -0.704651
vn 0.704650 0.083279 -0.704651
vn 0.704650 0.083279 -0.704651
vn 0.704650 0.083279 -0.704651
vn 0.452413 0.083279 -0.887912
vn 0.452413 0.083279 -0.887912
vn 0.452413 0.083279 -0.887912
vn 0.452413 0.083279 -0.887912
vn 0.155891 0.083279 -0.984257
vn 0.155891 0.083279 -0.984257
vn 0.155891 0.083279 -0.984257
vn 0.155891 0.083279 -0.984257
vn -0.155892 0.083279 -0.984257
vn -0.155892 0.083279 -0.984257
vn -0.155892 0.083279 -0.984257
vn -0.155892 0.083279 -0.984257
vn -0.452414 0.083279 -0.887911
vn -0.452414 0.083279 -0.887911
vn -0.452414 0.083279 -0.887911
vn -0.452414 0.083279 -0.887911
vn -0.704651 0.083279 -0.704650
vn -0.704651 0.083279 -0.704650
vn -0.704651 0.083279 -0.704651
vn -0.704651 0.083279 -0.704650
vn -0.887911 0.083279 -0.452413
vn -0.887911 0.083279 -0.452413
vn -0.887911 0.083279 -0.452413
vn -0.887911 0.083279 -0.452413
vn -0.984257 0.083279 -0.155891
vn -0.984257 0.083279 -0.155891
vn -0.984257 0.083279 -0.155891
vn -0.984257 0.083279 -0.155891
vn -0.984257 0.083279 0.155891
vn -0.984257 0.083279 0.155891
vn -0.984257 0.083279 0.155891
vn -0.984257 0.083279 0.155891
vn -0.887911 0.083279 0.452414
vn -0.887911 0.083279 0.452414
vn -0.887911 0.083279 0.452414
vn -0.887911 0.083279 0.452414
vn -0.704651 0.083279 0.704651
vn -0.704651 0.083279 0.704651
vn -0.704651 0.083279 0.704651
vn -0.704651 0.083279 0.704651
vn -0.452413 0.083279 0.887912
vn -0.452413 0.083279 0.887912
vn -0.452413 0.083279 0.887912
vn -0.452413 0.083279 0.887912
vn -0.155891 0.083279 0.984257
vn -0.155891 0.083279 0.984257
vn -0.155891 0.083279 0.984257
vn -0.155891 0.083279 0.984257
vn 0.155892 0.083279 0.984257
vn 0.155892 0.083279 0.984257
vn 0.155892 0.083279 0.984257
vn 0.155892 0.083279 0.984257
vn 0.452413 0.083279 0.887911
vn 0.452413 0.083279 0.887911
vn 0.452413 0.083279 0.887911
vn 0.452413 0.083279 0.887911
vn 0.704650 0.083279 0.704651
vn 0.704650 0.083279 0.704651
vn 0.704650 0.083279 0.704651
vn 0.704650 0.083279 0.704651
vn 0.887911 0.083279 0.452413
vn 0.887911 0.083279 0.452413
vn 0.887911 0.083279 0.452413
vn 0.887911 0.083279 0.452413
vn 0.984257 0.083279 0.155891
vn 0.984257 0.083279 0.155891
vn 0.984257 0.083279 0.155891
vn 0.984257 0.083279 0.155891
vn 0.984258 0.083279 -0.155889
vn 0.984258 0.083279 -0.155889
vn 0.984258 0.083279 -0.155889
vn 0.984258 0.083279 -0.155889
vn 0.891007 0.000000 -0.453991
vn 0.891007 0.000000 -0.453991
vn 0.891007 0.000000 -0.453990
vn 0.891007 0.000000 -0.453990
vn 0.707107 0.000000 -0.707107
vn 0.707107 0.000000 -0.707107
vn 0.707107 0.000000 -0.707107
vn 0.707107 0.000000 -0.707107
vn 0.453990 0.000000 -0.891007
vn 0.453990 0.000000 -0.891007
vn 0.453990 0.000000 -0.891007
vn 0.453990 0.000000 -0.891007
vn 0.156435 0.000000 -0.987688
vn 0.156435 0.000000 -0.987688
vn 0.156435 0.000000 -0.987688
vn 0.156435 0.000000 -0.987688
vn -0.156435 0.000000 -0.987688
vn -0.156435 0.000000 -0.987688
vn -0.156435 0.000000 -0.987688
vn -0.156435 0.000000 -0.987688
vn -0.453990 0.000000 -0.891007
vn -0.453990 0.000000 -0.891007
vn -0.453991 0.000000 -0.891007
vn -0.453991 0.000000 -0.891007
vn -0.707107 0.000000 -0.707107
vn -0.707107 0.000000 -0.707107
vn -0.707107 0.000000 -0.707107
vn -0.707107 0.000000 -0.707107
vn -0.891007 0.000000 -0.453990
vn -0.891007 0.000000 -0.453990
vn -0.891007 0.000000 -0.453990
vn -0.891007 0.000000 -0.453990
vn -0.987688 0.000000 -0.156434
vn -0.987688 0.000000 -0.156434
vn -0.987688 0.000000 -0.156434
vn -0.987688 0.000000 -0.156434
vn -0.987688 0.000000 0.156434
vn -0.987688 0.000000 0.156434
vn -0.987688 0.000000 0.156434
vn -0.987688 0.000000 0.156434
vn -0.891007 0.000000 0.453991
vn -0.891007 0.000000 0.453991
vn -0.891007 0.000000 0.453991
vn -0.891007 0.000000 0.453991
vn -0.707107 0.000000 0.707107
vn -0.707107 0.000000 0.707107
vn -0.707107 0.000000 0.707107
vn -0.707107 0.000000 0.707107
vn -0.453990 0.000000 0.891007
vn -0.453990 0.000000 0.891007
vn -0.453990 0.000000 0.891007
vn -0.453990 0.000000 0.891007
vn -0.156435 0.000000 0.987688
vn -0.156435 0.000000 0.987688
vn -0.156435 0.000000 0.987688
vn -0.156435 0.000000 0.987688
vn 0.156435 0.000000 0.987688
vn 0.156435 0.000000 0.987688
vn 0.156435 0.000000 0.987688
vn 0.156435 0.000000 0.987688
vn 0.453991 0.000000 0.891007
vn 0.453991 0.000000 0.891007
vn 0.453990 0.000000 0.891007
vn 0.453990 0.000000 0.891007
vn 0.707107 0.000000 0.707107
vn 0.707107 0.000000 0.707107
vn 0.707107 0.000000 0.707107
vn 0.707107 0.000000 0.707107
vn 0.891007 0.000000 0.453990
vn 0.891007 0.000000 0.453990
vn 0.891007 0.000000 0.453990
vn 0.891007 0.000000 0.453990
vn 0.987688 0.000000 0.156434
vn 0.987688 0.000000 0.156434
vn 0.987688 0.000000 0.156434
vn 0.987688 0.000000 0.156434
vn 0.987689 0.000000 -0.156433
vn 0.987689 0.000000 -0.156433
vn 0.987689 0.000000 -0.156433
vn 0.987689 0.000000 -0.156433
vn 0.890895 0.015791 -0.453934
vn 0.890895 0.015791 -0.453934
vn 0.890895 0.015791 -0.453934
vn 0.890895 0.015791 -0.453934
vn 0.707019 0.015791 -0.707019
vn 0.707019 0.015791 -0.707019
vn 0.707019 0.015791 -0.707019
vn 0.707019 0.015791 -0.707019
vn 0.453934 0.015791 -0.890896
vn 0.453934 0.015791 -0.890896
vn 0.453934 0.015791 -0.890896
vn 0.453934 0.015791 -0.890896
vn 0.156415 0.015791 -0.987565
vn 0.156415 0.015791 -0.987565
vn 0.156415 0.015791 -0.987565
vn 0.156415 0.015791 -0.987565
vn -0.156415 0.015791 -0.987565
vn -0.156415 0.015791 -0.987565
vn -0.156415 0.015791 -0.987565
vn -0.156415 0.015791 -0.987565
vn -0.453934 0.015791 -0.890895
vn -0.453934 0.015791 -0.890895
vn -0.453934 0.015791 -0.890896
vn -0.453934 0.015791 -0.890896
vn -0.707019 0.015791 -0.707018
vn -0.707019 0.015791 -0.707018
vn -0.707019 0.015791 -0.707018
vn -0.707019 0.015791 -0.707018
vn -0.890895 0.015791 -0.453934
vn -0.890895 0.015791 -0.453934
vn -0.890895 0.015791 -0.453934
vn -0.890895 0.015791 -0.453934
vn -0.987565 0.015791 -0.156415
vn -0.987565 0.015791 -0.156415
vn -0.987565 0.015791 -0.156415
vn -0.987565 0.015791 -0.156415
vn -0.987565 0.015791 0.156415
vn -0.987565 0.015791 0.156415
vn -0.987565 0.015791 0.156415
vn -0.987565 0.015791 0.156415
vn -0.890895 0.015791 0.453934
vn -0.890895 0.015791 0.453934
vn -0.890895 0.015791 0.453934
vn -0.890895 0.015791 0.453934
vn -0.707018 0.015791 0.707019
vn -0.707018 0.015791 0.707019
vn -0.707018 0.015791 0.707019
vn -0.707018 0.015791 0.707019
vn -0.453934 0.015791 0.890896
vn -0.453934 0.015791 0.890896
vn -0.453934 0.015791 0.890896
vn -0.453934 0.015791 0.890896
vn 0.453934 0.015791 0.890895
vn 0.453934 0.015791 0.890895
vn 0.453934 0.015791 0.890895
vn 0.453934 0.015791 0.890895
vn 0.707018 0.015791 0.707019
vn 0.707018 0.015791 0.707019
vn 0.707018 0.015791 0.707019
vn 0.707018 0.015791 0.707019
vn 0.890895 0.015791 0.453934
vn 0.890895 0.015791 0.453934
vn 0.890895 0.015791 0.453934
vn 0.890895 0.015791 0.453934
vn 0.987565 0.015791 0.156415
vn 0.987565 0.015791 0.156415
vn 0.987565 0.015791 0.156415
vn 0.987565 0.015791 0.156415
vn 0.987566 0.015791 -0.156413
vn 0.987566 0.015791 -0.156413
vn 0.987566 0.015791 -0.156413
vn 0.987566 0.015791 -0.156413
vn 0.890960 0.010038 -0.453971
vn 0.890960 0.010038 -0.453971
vn 0.890962 0.010012 -0.453968
vn 0.890962 0.010012 -0.453968
vn 0.707037 0.010029 -0.707106
vn 0.707037 0.010029 -0.707106
vn 0.707071 0.010012 -0.707071
vn 0.707071 0.010012 -0.707071
vn 0.453969 0.010016 -0.890961
vn 0.453969 0.010016 -0.890961
vn 0.453968 0.010012 -0.890962
vn 0.453968 0.010012 -0.890962
vn 0.156440 0.010014 -0.987637
vn 0.156440 0.010014 -0.987637
vn 0.156427 0.010012 -0.987639
vn 0.156427 0.010012 -0.987639
vn -0.156422 0.010013 -0.987640
vn -0.156422 0.010013 -0.987640
vn -0.156427 0.010012 -0.987639
vn -0.156427 0.010012 -0.987639
vn -0.453999 0.010017 -0.890946
vn -0.453999 0.010017 -0.890946
vn -0.453968 0.010012 -0.890962
vn -0.453968 0.010012 -0.890962
vn -0.707169 0.010024 -0.706974
vn -0.707169 0.010024 -0.706974
vn -0.707072 0.010012 -0.707071
vn -0.707072 0.010012 -0.707071
vn -0.890945 0.010040 -0.454000
vn -0.890945 0.010040 -0.454000
vn -0.890962 0.010012 -0.453968
vn -0.890962 0.010012 -0.453968
vn -0.987643 0.010011 -0.156403
vn -0.987643 0.010011 -0.156403
vn -0.987639 0.010012 -0.156426
vn -0.987639 0.010012 -0.156426
vn -0.987647 0.010003 0.156374
vn -0.987647 0.010003 0.156374
vn -0.987639 0.010012 0.156426
vn -0.987639 0.010012 0.156426
vn -0.890961 0.009995 0.453971
vn -0.890961 0.009995 0.453971
vn -0.890962 0.010012 0.453968
vn -0.890962 0.010012 0.453968
vn -0.707121 0.010028 0.707022
vn -0.707121 0.010028 0.707022
vn -0.707071 0.010012 0.707072
vn -0.707071 0.010012 0.707072
vn -0.453969 0.010016 0.890961
vn -0.453969 0.010016 0.890961
vn -0.453968 0.010012 0.890962
vn -0.453968 0.010012 0.890962
vn -0.156440 0.010013 0.987637
vn -0.156440 0.010013 0.987637
vn -0.156427 0.010012 0.987639
vn -0.156427 0.010012 0.987639
vn 0.156421 0.010012 0.987640
vn 0.156421 0.010012 0.987640
vn 0.156427 0.010012 0.987639
vn 0.156427 0.010012 0.987639
vn 0.453999 0.010011 0.890946
vn 0.453999 0.010011 0.890946
vn 0.453968 0.010012 0.890962
vn 0.453968 0.010012 0.890962
vn 0.707168 0.010024 0.706974
vn 0.707168 0.010024 0.706974
vn 0.707071 0.010012 0.707071
vn 0.707071 0.010012 0.707071
vn 0.890945 0.010032 0.454000
vn 0.890945 0.010032 0.454000
vn 0.890962 0.010012 0.453968
vn 0.890962 0.010012 0.453968
vn 0.987643 0.010011 0.156403
vn 0.987643 0.010011 0.156403
vn 0.987639 0.010012 0.156426
vn 0.987639 0.010012 0.156426
vn 0.987641 0.010003 -0.156415
vn 0.987641 0.010003 -0.156415
vn 0.987639 0.010012 -0.156425
vn 0.987639 0.010012 -0.156425
vn 0.890958 0.010423 -0.453966
vn 0.890958 0.010423 -0.453966
vn 0.890958 0.010423 -0.453966
vn 0.890958 0.010423 -0.453966
vn 0.707068 0.010423 -0.707069
vn 0.707068 0.010423 -0.707069
vn 0.707068 0.010423 -0.707069
vn 0.707068 0.010423 -0.707069
vn 0.453966 0.010423 -0.890958
vn 0.453966 0.010423 -0.890958
vn 0.453966 0.010423 -0.890958
vn 0.453966 0.010423 -0.890958
vn 0.156426 0.010423 -0.987635
vn 0.156426 0.010423 -0.987635
vn 0.156426 0.010423 -0.987635
vn 0.156426 0.010423 -0.987635
vn -0.156426 0.010423 -0.987635
vn -0.156426 0.010423 -0.987635
vn -0.156426 0.010423 -0.987635
vn -0.156426 0.010423 -0.987635
vn -0.453966 0.010423 -0.890958
vn -0.453966 0.010423 -0.890958
vn -0.453966 0.010423 -0.890958
vn -0.453966 0.010423 -0.890958
vn -0.707069 0.010423 -0.707068
vn -0.707069 0.010423 -0.707068
vn -0.707069 0.010423 -0.707068
vn -0.707069 0.010423 -0.707068
vn -0.890958 0.010423 -0.453966
vn -0.890958 0.010423 -0.453966
vn -0.890958 0.010423 -0.453966
vn -0.890958 0.010423 -0.453966
vn -0.987635 0.010423 -0.156426
vn -0.987635 0.010423 -0.156426
vn -0.987635 0.010423 -0.156426
vn -0.987635 0.010423 -0.156426
vn -0.987635 0.010423 0.156426
vn -0.987635 0.010423 0.156426
vn -0.987635 0.010423 0.156426
vn -0.987635 0.010423 0.156426
vn -0.890958 0.010423 0.453966
vn -0.890958 0.010423 0.453966
vn -0.890958 0.010423 0.453966
vn -0.890958 0.010423 0.453966
vn -0.707068 0.010423 0.707069
vn -0.707068 0.010423 0.707069
vn -0.707068 0.010423 0.707069
vn -0.707068 0.010423 0.707069
vn -0.453966 0.010423 0.890958
vn -0.453966 0.010423 0.890958
vn -0.453966 0.010423 0.890958
vn -0.453966 0.010423 0.890958
vn -0.156426 0.010423 0.987635
vn -0.156426 0.010423 0.987635
vn -0.156426 0.010423 0.987635
vn -0.156426 0.010423 0.987635
vn 0.156426 0.010423 0.987635
vn 0.156426 0.010423 0.987635
vn 0.156426 0.010423 0.987635
vn 0.156426 0.010423 0.987635
vn 0.453966 0.010423 0.890958
vn 0.453966 0.010423 0.890958
vn 0.453966 0.010423 0.890958
vn 0.453966 0.010423 0.890958
vn 0.707068 0.010423 0.707069
vn 0.707068 0.010423 0.707069
vn 0.707068 0.010423 0.707069
vn 0.707068 0.010423 0.707069
vn 0.890958 0.010423 0.453966
vn 0.890958 0.010423 0.453966
vn 0.890958 0.010423 0.453966
vn 0.890958 0.010423 0.453966
vn 0.987635 0.010423 0.156426
vn 0.987635 0.010423 0.156426
vn 0.987635 0.010423 0.156426
vn 0.987635 0.010423 0.156426
vn 0.987635 0.010423 -0.156424
vn 0.987635 0.010423 -0.156424
vn 0.987635 0.010423 -0.156424
vn 0.987635 0.010423 -0.156424
vn 0.000000 1.000000 -0.000011
vn 0.000000 1.000000 -0.000011
vn 0.000000 1.000000 -0.000011
vn 0.000000 1.000000 0.000005
vn 0.000000 1.000000 0.000005
vn 0.000000 1.000000 0.000005
vn 0.000000 1.000000 -0.000005
vn 0.000000 1.000000 -0.000005
vn 0.000000 1.000000 -0.000005
vn 0.000000 1.000000 0.000003
vn 0.000000 1.000000 0.000003
vn 0.000000 1.000000 0.000003
vn 0.000000 1.000000 0.000001
vn 0.000000 1.000000 0.000001
vn 0.000000 1.000000 0.000001
vn 0.000000 1.000000 -0.000003
vn 0.000000 1.000000 -0.000003
vn 0.000000 1.000000 -0.000003
vn 0.000000 1.000000 0.000005
vn 0.000000 1.000000 0.000005
vn 0.000000 1.000000 0.000005
vn 0.000000 1.000000 -0.000005
vn 0.000000 1.000000 -0.000005
vn 0.000000 1.000000 -0.000005
vn 0.000000 1.000000 0.000000
vn 0.000000 1.000000 0.000000
vn 0.000000 1.000000 0.000000
vn 0.000000 1.000000 0.000000
vn 0.000000 1.000000 0.000000
vn 0.000000 1.000000 0.000000
vn 0.000000 1.000000 0.000011
vn 0.000000 1.000000 0.000011
vn 0.000000 1.000000 0.000011
vn 0.000000 1.000000 0.000000
vn 0.000000 1.000000 0.000000
vn 0.000000 1.000000 0.000000
vn 0.000000 1.000000 0.000000
vn 0.000000 1.000000 0.000000
vn 0.000000 1.000000 0.000000
vn 0.000000 1.000000 -0.000003
vn 0.000000 1.000000 -0.000003
vn 0.000000 1.000000 -0.000003
vn 0.000000 1.000000 -0.000001
vn 0.000000 1.000000 -0.000001
vn 0.000000 1.000000 -0.000001
vn 0.000000 1.000000 0.000003
vn 0.000000 1.000000 0.000003
vn 0.000000 1.000000 0.000003
vn 0.000000 1.000000 0.000000
vn 0.000000 1.000000 0.000000
vn 0.000000 1.000000 0.000000
vn 0.000000 1.000000 0.000000
vn 0.000000 1.000000 0.000000
vn 0.000000 1.000000 0.000000
vn 0.000000 1.000000 0.000000
vn 0.000000 1.000000 0.000000
vn 0.000000 1.000000 0.000000
vn 0.000000 1.000000 0.000011
vn 0.000000 1.000000 0.000011
vn 0.000000 1.000000 0.000011
vn 0.855519 -0.279411 -0.435909
vn 0.855519 -0.279410 -0.435909
vn 0.855519 -0.279411 -0.435909
vn 0.855519 -0.279410 -0.435909
vn 0.678944 -0.279410 -0.678944
vn 0.678944 -0.279410 -0.678944
vn 0.678944 -0.279410 -0.678944
vn 0.678944 -0.279410 -0.678944
vn 0.435908 -0.279411 -0.855519
vn 0.435908 -0.279411 -0.855519
vn 0.435908 -0.279411 -0.855519
vn 0.435908 -0.279411 -0.855519
vn 0.150204 -0.279411 -0.948350
vn 0.150204 -0.279411 -0.948350
vn 0.150204 -0.279411 -0.948350
vn 0.150204 -0.279411 -0.948350
vn -0.150204 -0.279411 -0.948350
vn -0.150204 -0.279411 -0.948350
vn -0.150204 -0.279411 -0.948350
vn -0.150204 -0.279411 -0.948350
vn -0.435909 -0.279410 -0.855519
vn -0.435909 -0.279410 -0.855519
vn -0.435909 -0.279410 -0.855519
vn -0.435909 -0.279410 -0.855519
vn -0.678944 -0.279410 -0.678944
vn -0.678944 -0.279410 -0.678944
vn -0.678944 -0.279410 -0.678944
vn -0.678944 -0.279410 -0.678944
vn -0.855520 -0.279410 -0.435909
vn -0.855520 -0.279410 -0.435909
vn -0.855520 -0.279410 -0.435909
vn -0.855520 -0.279410 -0.435909
vn -0.948351 -0.279411 -0.150204
vn -0.948350 -0.279411 -0.150204
vn -0.948350 -0.279411 -0.150204
vn -0.948351 -0.279411 -0.150204
vn -0.948351 -0.279410 0.150204
vn -0.948351 -0.279410 0.150204
vn -0.948351 -0.279410 0.150204
vn -0.948351 -0.279410 0.150204
vn -0.855519 -0.279410 0.435909
vn -0.855519 -0.279410 0.435909
vn -0.855519 -0.279410 0.435909
vn -0.855519 -0.279410 0.435909
vn -0.678944 -0.279410 0.678944
vn -0.678944 -0.279410 0.678944
vn -0.678944 -0.279410 0.678944
vn -0.678944 -0.279411 0.678944
vn -0.435909 -0.279411 0.855519
vn -0.435909 -0.279411 0.855519
vn -0.435909 -0.279411 0.855519
vn -0.435909 -0.279411 0.855519
vn -0.150204 -0.279410 0.948351
vn -0.150204 -0.279410 0.948351
vn -0.150204 -0.279410 0.948351
vn -0.150204 -0.279410 0.948351
vn 0.150204 -0.279410 0.948351
vn 0.150204 -0.279410 0.948351
vn 0.150204 -0.279410 0.948351
vn 0.150204 -0.279410 0.948351
vn 0.435908 -0.279410 0.855520
vn 0.435909 -0.279410 0.855520
vn 0.435908 -0.279410 0.855520
vn 0.435908 -0.279410 0.855520
vn 0.678944 -0.279411 0.678944
vn 0.678944 -0.279411 0.678944
vn 0.678944 -0.279411 0.678944
vn 0.678944 -0.279411 0.678944
vn 0.855520 -0.279410 0.435909
vn 0.855520 -0.279410 0.435909
vn 0.855520 -0.279410 0.435909
vn 0.855520 -0.279410 0.435909
vn 0.948351 -0.279410 0.150204
vn 0.948351 -0.279410 0.150204
vn 0.948351 -0.279410 0.150204
vn 0.948351 -0.279410 0.150204
vn 0.948351 -0.279411 -0.150202
vn 0.948351 -0.279411 -0.150202
vn 0.948351 -0.279411 -0.150202
vn 0.948351 -0.279411 -0.150202
vn 0.770080 -0.503009 -0.392376
vn 0.770080 -0.503009 -0.392376
vn 0.770079 -0.503010 -0.392377
vn 0.770079 -0.503010 -0.392377
vn 0.611139 -0.503011 -0.611138
vn 0.611139 -0.503011 -0.611138
vn 0.611138 -0.503013 -0.611137
vn 0.611138 -0.503013 -0.611137
vn 0.392374 -0.503009 -0.770081
vn 0.392374 -0.503009 -0.770081
vn 0.392374 -0.503011 -0.770080
vn 0.392374 -0.503011 -0.770080
vn 0.135204 -0.503010 -0.853640
vn 0.135204 -0.503010 -0.853640
vn 0.135203 -0.503010 -0.853640
vn 0.135203 -0.503010 -0.853640
vn -0.135203 -0.503009 -0.853640
vn -0.135203 -0.503009 -0.853640
vn -0.135203 -0.503010 -0.853640
vn -0.135203 -0.503010 -0.853640
vn -0.392375 -0.503008 -0.770081
vn -0.392374 -0.503008 -0.770081
vn -0.392374 -0.503010 -0.770081
vn -0.392374 -0.503010 -0.770080
vn -0.611139 -0.503008 -0.611140
vn -0.611139 -0.503008 -0.611140
vn -0.611139 -0.503011 -0.611138
vn -0.611139 -0.503011 -0.611138
vn -0.770081 -0.503009 -0.392375
vn -0.770081 -0.503009 -0.392375
vn -0.770080 -0.503011 -0.392375
vn -0.770080 -0.503011 -0.392375
vn -0.853641 -0.503009 -0.135203
vn -0.853641 -0.503009 -0.135203
vn -0.853639 -0.503011 -0.135203
vn -0.853639 -0.503011 -0.135203
vn -0.853641 -0.503008 0.135203
vn -0.853641 -0.503008 0.135203
vn -0.853640 -0.503011 0.135203
vn -0.853640 -0.503011 0.135203
vn -0.770081 -0.503009 0.392375
vn -0.770081 -0.503009 0.392375
vn -0.770079 -0.503010 0.392376
vn -0.770079 -0.503010 0.392376
vn -0.611139 -0.503009 0.611139
vn -0.611139 -0.503009 0.611139
vn -0.611139 -0.503011 0.611138
vn -0.611139 -0.503011 0.611138
vn -0.392374 -0.503009 0.770081
vn -0.392374 -0.503009 0.770081
vn -0.392374 -0.503011 0.770080
vn -0.392374 -0.503011 0.770080
vn -0.135203 -0.503010 0.853640
vn -0.135203 -0.503010 0.853640
vn -0.135203 -0.503010 0.853640
vn -0.135203 -0.503010 0.853640
vn 0.135203 -0.503009 0.853641
vn 0.135203 -0.503009 0.853641
vn 0.135203 -0.503011 0.853639
vn 0.135203 -0.503011 0.853639
vn 0.392376 -0.503010 0.770079
vn 0.392376 -0.503010 0.770079
vn 0.392375 -0.503012 0.770079
vn 0.392375 -0.503012 0.770079
vn 0.611139 -0.503008 0.611139
vn 0.611139 -0.503008 0.611139
vn 0.611139 -0.503011 0.611138
vn 0.611139 -0.503011 0.611138
vn 0.770080 -0.503008 0.392376
vn 0.770080 -0.503008 0.392376
vn 0.770079 -0.503011 0.392375
vn 0.770079 -0.503011 0.392375
vn 0.853640 -0.503009 0.135203
vn 0.853640 -0.503009 0.135203
vn 0.853639 -0.503011 0.135203
vn 0.853639 -0.503012 0.135203
vn 0.853640 -0.503011 -0.135201
vn 0.853640 -0.503011 -0.135201
vn 0.853639 -0.503012 -0.135201
vn 0.853639 -0.503012 -0.135201
vn -0.000000 -1.000000 0.000001
vn -0.000000 -1.000000 0.000001
vn -0.000000 -1.000000 0.000001
vn -0.000000 -1.000000 0.000000
vn -0.000000 -1.000000 0.000000
vn -0.000000 -1.000000 0.000000
vn -0.000000 -1.000000 0.000001
vn -0.000000 -1.000000 0.000001
vn -0.000000 -1.000000 0.000001
vn -0.000000 -1.000000 0.000001
vn -0.000000 -1.000000 0.000001
vn -0.000000 -1.000000 0.000001
vn 0.000000 -1.000000 0.000000
vn 0.000000 -1.000000 0.000000
vn 0.000000 -1.000000 0.000000
vn 0.000000 -1.000000 0.000000
vn 0.000000 -1.000000 0.000000
vn 0.000000 -1.000000 0.000000
vn 0.000000 -1.000000 0.000001
vn 0.000000 -1.000000 0.000001
vn 0.000000 -1.000000 0.000001
vn 0.000000 -1.000000 0.000000
vn 0.000000 -1.000000 0.000000
vn 0.000000 -1.000000 0.000000
vn 0.000001 -1.000000 0.000001
vn 0.000001 -1.000000 0.000001
vn 0.000001 -1.000000 0.000001
vn 0.000001 -1.000000 -0.000001
vn 0.000001 -1.000000 -0.000001
vn 0.000001 -1.000000 -0.000001
vn 0.000000 -1.000000 0.000000
vn 0.000000 -1.000000 0.000000
vn 0.000000 -1.000000 0.000000
vn 0.000000 -1.000000 -0.000001
vn 0.000000 -1.000000 -0.000001
vn 0.000000 -1.000000 -0.000001
vn 0.000000 -1.000000 0.000000
vn 0.000000 -1.000000 0.000000
vn 0.000000 -1.000000 0.000000
vn 0.000000 -1.000000 -0.000000
vn 0.000000 -1.000000 -0.000000
vn 0.000000 -1.000000 -0.000000
vn -0.000000 -1.000000 -0.000001
vn -0.000000 -1.000000 -0.000001
vn -0.000000 -1.000000 -0.000001
vn -0.000000 -1.000000 0.000000
vn -0.000000 -1.000000 0.000000
vn -0.000000 -1.000000 0.000000
vn -0.000000 -1.000000 -0.000001
vn -0.000000 -1.000000 -0.000001
vn -0.000000 -1.000000 -0.000001
vn -0.000000 -1.000000 0.000000
vn -0.000000 -1.000000 0.000000
vn -0.000000 -1.000000 0.000000
vn -0.000001 -1.000000 -0.000001
vn -0.000001 -1.000000 -0.000001
vn -0.000001 -1.000000 -0.000001
vn -0.000001 -1.000000 0.000000
vn -0.000001 -1.000000 0.000000
vn -0.000001 -1.000000 0.000000
vn 0.135204 -0.503025 0.853631
vn 0.135205 -0.503025 0.853631
vn 0.392371 -0.503020 0.770075
vn 0.392371 -0.503020 0.770075
vn 0.611136 -0.503022 0.611131
vn 0.611136 -0.503022 0.611131
vn 0.770074 -0.503026 0.392365
vn 0.770074 -0.503026 0.392365
vn 0.853632 -0.503023 0.135205
vn 0.853632 -0.503023 0.135205
vn 0.853635 -0.503020 -0.135201
vn 0.853635 -0.503020 -0.135201
vn 0.770072 -0.503017 -0.392381
vn 0.770072 -0.503017 -0.392381
vn 0.611133 -0.503023 -0.611133
vn 0.611133 -0.503023 -0.611133
vn 0.392374 -0.503020 -0.770074
vn 0.392374 -0.503020 -0.770074
vn 0.135201 -0.503013 -0.853638
vn 0.135201 -0.503013 -0.853638
vn -0.135202 -0.503014 -0.853638
vn -0.135202 -0.503014 -0.853638
vn -0.392373 -0.503017 -0.770076
vn -0.392373 -0.503017 -0.770076
vn -0.611141 -0.503023 -0.611125
vn -0.611141 -0.503023 -0.611125
vn -0.770073 -0.503021 -0.392374
vn -0.770073 -0.503021 -0.392374
vn -0.853633 -0.503023 -0.135203
vn -0.853633 -0.503023 -0.135203
vn -0.853631 -0.503024 0.135203
vn -0.853631 -0.503024 0.135203
vn -0.770073 -0.503018 0.392379
vn -0.770073 -0.503018 0.392379
vn -0.611136 -0.503017 0.611136
vn -0.611136 -0.503017 0.611136
vn -0.392374 -0.503020 0.770074
vn -0.392374 -0.503020 0.770074
vn -0.135201 -0.503013 0.853638
vn -0.135201 -0.503013 0.853638
vn -0.156080 0.010197 0.987692
vn -0.156080 0.010197 0.987692
vn -0.459388 0.010346 0.888175
vn -0.459388 0.010346 0.888175
vn -0.714117 0.010496 0.699948
vn -0.714117 0.010496 0.699948
vn -0.891809 0.010239 0.452297
vn -0.891809 0.010239 0.452297
vn -0.987643 0.010055 0.156399
vn -0.987643 0.010055 0.156399
vn -0.987481 0.009878 -0.157427
vn -0.987481 0.009878 -0.157427
vn -0.892889 0.010480 -0.450154
vn -0.892889 0.010480 -0.450154
vn -0.711168 0.010448 -0.702944
vn -0.711168 0.010448 -0.702944
vn -0.453397 0.010349 -0.891249
vn -0.453397 0.010349 -0.891249
vn -0.154928 0.010114 -0.987874
vn -0.154928 0.010114 -0.987874
vn 0.156080 0.010197 -0.987692
vn 0.156080 0.010197 -0.987692
vn 0.459388 0.010346 -0.888175
vn 0.459388 0.010346 -0.888175
vn 0.706046 0.009638 -0.708101
vn 0.706046 0.009638 -0.708101
vn 0.891809 0.010239 -0.452297
vn 0.891809 0.010239 -0.452297
vn 0.987952 0.010058 -0.154436
vn 0.987952 0.010058 -0.154436
vn 0.987481 0.009878 0.157427
vn 0.987481 0.009878 0.157427
vn 0.892887 0.010773 0.450153
vn 0.892887 0.010773 0.450153
vn 0.711164 0.010954 0.702941
vn 0.711164 0.010954 0.702941
vn 0.453397 0.010349 0.891249
vn 0.453397 0.010349 0.891249
vn 0.154928 0.010114 0.987874
vn 0.154928 0.010114 0.987874
vn 0.000000 1.000000 0.000000
vn 0.000000 1.000000 0.000000
vn 0.000000 1.000000 0.000000
vn 0.000000 1.000000 0.000000
vn 0.000000 1.000000 0.000000
vn 0.000000 1.000000 0.000000
vn 0.000000 1.000000 0.000000
vn 0.000000 1.000000 0.000000
vn 0.999988 -0.004941 0.000000
vn 0.999988 -0.004941 0.000000
vn 0.999988 -0.004941 0.000000
vn 0.999988 -0.004941 0.000000
vn 0.000000 -1.000000 0.000000
vn 0.000000 -1.000000 0.000000
vn 0.000000 -1.000000 0.000000
vn 0.000000 -1.000000 0.000000
vn -0.999988 -0.004941 0.000000
vn -0.999988 -0.004941 0.000000
vn -0.999988 -0.004941 0.000000
vn -0.999988 -0.004941 0.000000
vn 0.000000 -1.000000 0.000000
vn 0.000000 -1.000000 0.000000
vn 0.000000 -1.000000 0.000000
vn 0.000000 -1.000000 0.000000
vn -0.156434 0.003860 0.987681
vn -0.156434 0.003860 0.987681
vn -0.156433 0.003860 0.987681
vn -0.156433 0.003860 0.987681
vn 0.156434 0.003860 0.987681
vn 0.156434 0.003860 0.987681
vn 0.156433 0.003860 0.987681
vn 0.156433 0.003860 0.987681
vn -0.391930 0.016033 0.919856
vn -0.391930 0.016033 0.919856
vn -0.397166 0.016307 0.917602
vn -0.414332 0.017206 0.909963
vn -0.156439 0.004024 0.987679
vn -0.156439 0.004024 0.987679
vn -0.156434 0.004028 0.987680
vn -0.156434 0.004028 0.987680
vn 0.391902 0.016033 0.919867
vn 0.391902 0.016033 0.919867
vn 0.414318 0.017206 0.909970
vn 0.397141 0.016307 0.917613
vn 0.156430 0.004024 0.987681
vn 0.156430 0.004024 0.987681
vn 0.156433 0.004028 0.987680
vn 0.156433 0.004028 0.987680
vn 0.000000 -1.000000 0.000000
vn 0.000000 -1.000000 0.000000
vn 0.000000 -1.000000 0.000000
vn 0.000000 -1.000000 0.000000
vn 0.000000 -1.000000 0.000000
vn 0.000000 -1.000000 0.000000
vn 0.000000 -1.000000 0.000000
vn 0.000000 -1.000000 0.000000
vn -0.999974 0.007193 0.000000
vn -0.999974 0.007193 0.000000
vn -0.999974 0.007193 0.000000
vn -0.999974 0.007193 0.000000
vn 0.000000 1.000000 -0.000000
vn 0.000000 1.000000 -0.000000
vn 0.000000 1.000000 -0.000000
vn 0.000000 1.000000 -0.000000
vn 0.999974 0.007193 -0.000001
vn 0.999974 0.007193 -0.000001
vn 0.999974 0.007193 -0.000000
vn 0.999974 0.007193 0.000000
vn 0.000000 1.000000 0.000000
vn 0.000000 1.000000 0.000000
vn 0.000000 1.000000 -0.000000
vn 0.000000 1.000000 0.000000
vn 0.000000 0.000000 0.000000
vn 0.000000 0.000000 0.000000
vn 0.000000 0.000000 0.000000
vn 0.000000 0.000000 0.000000
vn 0.000000 0.000000 0.000000
vn 0.000000 0.000000 0.000000
vn 0.000000 0.000000 0.000000
vn 0.000000 0.000000 0.000000
vn 0.000000 0.000000 0.000000
vn 0.000000 0.000000 0.000000
vn 0.000000 0.000000 0.000000
vn 0.000000 0.000000 0.000000
vn 0.000000 0.000000 0.000000
vn 0.000000 0.000000 0.000000
vn 0.000000 0.000000 0.000000
vn 0.000000 0.000000 0.000000
vn 0.000000 0.000000 0.000000
vn 0.000000 0.000000 0.000000
vn 0.000000 0.000000 0.000000
vn 0.000000 0.000000 0.000000
vn 0.000000 0.000000 0.000000
vn 0.000000 0.000000 0.000000
vn 0.000000 0.000000 0.000000
vn 0.000000 0.000000 0.000000
vn 0.000000 0.023271 0.999729
vn 0.156393 0.022984 0.987427
vn 0.156393 0.022984 0.987427
vn 0.000000 0.023271 0.999729
vn -0.156393 0.022984 0.987427
vn -0.156393 0.022984 0.987427
vn 0.156433 0.004028 0.987680
vn 0.156433 0.004028 0.987680
vn 0.441294 0.018621 0.897170
vn 0.441177 0.018615 0.897227
vn 0.156433 0.003860 0.987681
vn 0.156433 0.003860 0.987681
vn -0.156433 0.003860 0.987681
vn -0.156433 0.003860 0.987681
vn -0.441176 0.018615 0.897228
vn -0.441292 0.018621 0.897170
vn -0.156433 0.004028 0.987680
vn -0.156433 0.004028 0.987680
vn 0.156436 0.004025 0.987680
vn 0.156436 0.004025 0.987680
vn 0.513721 0.022450 0.857663
vn 0.513721 0.022450 0.857664
vn 0.156434 0.003859 0.987681
vn 0.156434 0.003859 0.987681
vn -0.156434 0.003859 0.987681
vn -0.156434 0.003859 0.987681
vn -0.513721 0.022450 0.857663
vn -0.513721 0.022450 0.857663
vn -0.156434 0.004025 0.987680
vn -0.156434 0.004025 0.987680
vn 0.000000 1.000000 -0.000000
vn 0.000000 1.000000 -0.000000
vn 0.999974 0.007193 0.000000
vn 0.999974 0.007193 0.000000
vn 0.000000 -1.000000 0.000000
vn 0.000000 -1.000000 0.000000
vn 0.000000 -1.000000 0.000000
vn 0.000000 -1.000000 0.000000
vn -0.999974 0.007193 0.000000
vn -0.999974 0.007193 0.000000
vn 0.000000 1.000000 0.000000
vn 0.000000 1.000000 0.000000
vn 0.000000 1.000000 0.000000
vn 0.000000 1.000000 0.000000
vn 0.999974 0.007193 0.000000
vn 0.999974 0.007193 0.000000
vn 0.000000 -1.000000 0.000000
vn 0.000000 -1.000000 0.000000
vn 0.000000 -1.000000 0.000000
vn 0.000000 -1.000000 0.000000
vn -0.999974 0.007193 0.000000
vn -0.999974 0.007193 0.000000
vn 0.000000 1.000000 0.000000
vn 0.000000 1.000000 0.000000
vn -0.454000 0.000000 0.891002
vn -0.454000 0.000000 0.891002
vn -0.707112 0.000000 0.707101
vn -0.707112 0.000000 0.707101
vn -0.891000 0.000000 0.454003
vn -0.891000 0.000000 0.454003
vn -0.987689 0.000000 0.156432
vn -0.987689 0.000000 0.156432
vn -0.987689 0.000000 -0.156432
vn -0.987689 0.000000 -0.156432
vn -0.891000 0.000000 -0.454003
vn -0.891000 0.000000 -0.454003
vn -0.707112 0.000000 -0.707101
vn -0.707112 0.000000 -0.707101
vn -0.454000 0.000000 -0.891002
vn -0.454000 0.000000 -0.891002
vn -0.156445 0.000000 -0.987687
vn -0.156445 0.000000 -0.987687
vn 0.156445 0.000000 -0.987687
vn 0.156445 0.000000 -0.987687
vn 0.454000 0.000000 -0.891002
vn 0.454000 0.000000 -0.891002
vn 0.707079 0.000000 -0.707135
vn 0.707079 0.000000 -0.707135
vn 0.891000 0.000000 -0.454003
vn 0.891000 0.000000 -0.454003
vn 0.987689 0.000000 -0.156432
vn 0.987689 0.000000 -0.156432
vn 0.987689 0.000000 0.156432
vn 0.987689 0.000000 0.156432
vn 0.891000 0.000000 0.454003
vn 0.891000 0.000000 0.454003
vn 0.707112 0.000000 0.707101
vn 0.707112 0.000000 0.707101
vn 0.453945 0.000000 0.891030
vn 0.453945 0.000000 0.891030
vn 0.156445 0.000000 0.987687
vn 0.156445 0.000000 0.987687
vn -0.156424 0.000000 0.987690
vn -0.156424 0.000000 0.987690
vn -0.156427 0.010012 0.987639
vn -0.156427 0.010012 0.987639
vn -0.453968 0.010012 0.890962
vn -0.453968 0.010012 0.890962
vn -0.707071 0.010012 0.707072
vn -0.707071 0.010012 0.707072
vn -0.890962 0.010012 0.453968
vn -0.890962 0.010012 0.453968
vn -0.987639 0.010012 0.156426
vn -0.987639 0.010012 0.156426
vn -0.987639 0.010012 -0.156426
vn -0.987639 0.010012 -0.156426
vn -0.890962 0.010012 -0.453968
vn -0.890962 0.010012 -0.453968
vn -0.707071 0.010012 -0.707071
vn -0.707071 0.010012 -0.707071
vn -0.453968 0.010012 -0.890962
vn -0.453968 0.010012 -0.890962
vn -0.156427 0.010012 -0.987639
vn -0.156427 0.010012 -0.987639
vn 0.156427 0.010012 -0.987639
vn 0.156427 0.010012 -0.987639
vn 0.453968 0.010012 -0.890962
vn 0.453968 0.010012 -0.890962
vn 0.707071 0.010012 -0.707071
vn 0.707071 0.010012 -0.707071
vn 0.890962 0.010012 -0.453968
vn 0.890962 0.010012 -0.453968
vn 0.987639 0.010012 -0.156425
vn 0.987639 0.010012 -0.156425
vn 0.987639 0.010012 0.156426
vn 0.987639 0.010012 0.156426
vn 0.890962 0.010012 0.453968
vn 0.890962 0.010012 0.453968
vn 0.707071 0.010012 0.707072
vn 0.707071 0.010012 0.707072
vn 0.453968 0.010012 0.890962
vn 0.453968 0.010012 0.890962
vn 0.156427 0.010012 0.987639
vn 0.156427 0.010012 0.987639
vn 0.916011 -0.268966 -0.297626
vn 0.779207 -0.268967 -0.566121
vn 0.780855 -0.261550 -0.567325
vn 0.917950 -0.261550 -0.298259
vn 0.566124 -0.268959 -0.779208
vn 0.567325 -0.261550 -0.780855
vn 0.297628 -0.268953 -0.916014
vn 0.298260 -0.261550 -0.917950
vn -0.000000 -0.268950 -0.963154
vn 0.000000 -0.261550 -0.965190
vn -0.297632 -0.268953 -0.916013
vn -0.298260 -0.261550 -0.917950
vn -0.566132 -0.268959 -0.779202
vn -0.567325 -0.261550 -0.780855
vn -0.779212 -0.268956 -0.566120
vn -0.780855 -0.261550 -0.567324
vn -0.916014 -0.268950 -0.297631
vn -0.917950 -0.261550 -0.298260
vn -0.963153 -0.268954 -0.000002
vn -0.965190 -0.261550 -0.000000
vn -0.916013 -0.268954 0.297630
vn -0.917950 -0.261550 0.298260
vn -0.779210 -0.268956 0.566123
vn -0.780855 -0.261550 0.567325
vn -0.566129 -0.268961 0.779203
vn -0.567325 -0.261550 0.780855
vn -0.297631 -0.268956 0.916012
vn -0.298260 -0.261550 0.917950
vn 0.000000 -0.268950 0.963154
vn 0.000000 -0.261550 0.965190
vn 0.297628 -0.268953 0.916014
vn 0.298260 -0.261550 0.917950
vn 0.566126 -0.268960 0.779206
vn 0.567325 -0.261550 0.780855
vn 0.779212 -0.268956 0.566120
vn 0.780855 -0.261550 0.567324
vn 0.916014 -0.268951 0.297631
vn 0.917950 -0.261550 0.298260
vn 0.963153 -0.268954 0.000005
vn 0.965190 -0.261550 0.000001
vn 0.261356 -0.956012 -0.133168
vn 0.261356 -0.956012 -0.133168
vn 0.261356 -0.956012 -0.133168
vn 0.261356 -0.956012 -0.133168
vn 0.207413 -0.956012 -0.207413
vn 0.207413 -0.956012 -0.207413
vn 0.207413 -0.956012 -0.207413
vn 0.207413 -0.956012 -0.207413
vn 0.133168 -0.956013 -0.261354
vn 0.133168 -0.956013 -0.261354
vn 0.133168 -0.956013 -0.261354
vn 0.133168 -0.956013 -0.261354
vn 0.045886 -0.956013 -0.289714
vn 0.045886 -0.956013 -0.289714
vn 0.045886 -0.956013 -0.289714
vn 0.045886 -0.956013 -0.289714
vn -0.045886 -0.956012 -0.289716
vn -0.045886 -0.956012 -0.289716
vn -0.045886 -0.956012 -0.289716
vn -0.045886 -0.956012 -0.289716
vn -0.133167 -0.956012 -0.261356
vn -0.133167 -0.956012 -0.261356
vn -0.133167 -0.956012 -0.261356
vn -0.133167 -0.956012 -0.261356
vn -0.207413 -0.956012 -0.207414
vn -0.207413 -0.956012 -0.207414
vn -0.207413 -0.956012 -0.207414
vn -0.207413 -0.956012 -0.207414
vn -0.261356 -0.956012 -0.133167
vn -0.261356 -0.956012 -0.133167
vn -0.261356 -0.956012 -0.133167
vn -0.261356 -0.956012 -0.133167
vn -0.289715 -0.956012 -0.045887
vn -0.289715 -0.956012 -0.045887
vn -0.289715 -0.956012 -0.045887
vn -0.289715 -0.956012 -0.045887
vn -0.289715 -0.956012 0.045887
vn -0.289715 -0.956012 0.045887
vn -0.289715 -0.956012 0.045887
vn -0.289715 -0.956012 0.045887
vn -0.261356 -0.956012 0.133167
vn -0.261356 -0.956012 0.133167
vn -0.261356 -0.956012 0.133167
vn -0.261356 -0.956012 0.133167
vn -0.207413 -0.956012 0.207413
vn -0.207413 -0.956012 0.207413
vn -0.207413 -0.956012 0.207413
vn -0.207413 -0.956012 0.207413
vn -0.133168 -0.956012 0.261355
vn -0.133168 -0.956013 0.261355
vn -0.133168 -0.956012 0.261355
vn -0.133168 -0.956012 0.261355
vn -0.045886 -0.956012 0.289716
vn -0.045886 -0.956012 0.289716
vn -0.045886 -0.956012 0.289716
vn -0.045886 -0.956012 0.289716
vn 0.045886 -0.956013 0.289713
vn 0.045886 -0.956013 0.289713
vn 0.045886 -0.956013 0.289713
vn 0.045886 -0.956013 0.289713
vn 0.133168 -0.956013 0.261355
vn 0.133168 -0.956013 0.261355
vn 0.133168 -0.956013 0.261355
vn 0.133168 -0.956013 0.261355
vn 0.207413 -0.956012 0.207414
vn 0.207413 -0.956012 0.207414
vn 0.207413 -0.956012 0.207414
vn 0.207413 -0.956012 0.207414
vn 0.261356 -0.956012 0.133167
vn 0.261356 -0.956012 0.133167
vn 0.261356 -0.956012 0.133167
vn 0.261356 -0.956012 0.133167
vn 0.289715 -0.956012 0.045887
vn 0.289715 -0.956012 0.045887
vn 0.289715 -0.956012 0.045887
vn 0.289715 -0.956012 0.045887
vn 0.289715 -0.956012 -0.045886
vn 0.289715 -0.956012 -0.045886
vn 0.289715 -0.956012 -0.045886
vn 0.289715 -0.956012 -0.045886
vn 0.478364 0.843658 -0.243740
vn 0.478365 0.843658 -0.243740
vn 0.478364 0.843658 -0.243740
vn 0.478364 0.843658 -0.243740
vn 0.379633 0.843658 -0.379632
vn 0.379633 0.843658 -0.379632
vn 0.379633 0.843658 -0.379632
vn 0.379633 0.843658 -0.379632
vn 0.243739 0.843658 -0.478365
vn 0.243739 0.843657 -0.478365
vn 0.243739 0.843657 -0.478365
vn 0.243739 0.843657 -0.478365
vn 0.083987 0.843657 -0.530273
vn 0.083987 0.843657 -0.530273
vn 0.083987 0.843657 -0.530273
vn 0.083987 0.843657 -0.530273
vn -0.083987 0.843659 -0.530269
vn -0.083987 0.843659 -0.530269
vn -0.083987 0.843659 -0.530269
vn -0.083987 0.843659 -0.530269
vn -0.243739 0.843658 -0.478365
vn -0.243739 0.843658 -0.478365
vn -0.243739 0.843658 -0.478365
vn -0.243739 0.843658 -0.478365
vn -0.379633 0.843658 -0.379631
vn -0.379633 0.843658 -0.379631
vn -0.379633 0.843658 -0.379631
vn -0.379633 0.843658 -0.379631
vn -0.478365 0.843658 -0.243739
vn -0.478365 0.843658 -0.243739
vn -0.478365 0.843658 -0.243739
vn -0.478365 0.843658 -0.243739
vn -0.530271 0.843658 -0.083986
vn -0.530271 0.843658 -0.083986
vn -0.530271 0.843658 -0.083986
vn -0.530271 0.843658 -0.083986
vn -0.530271 0.843658 0.083987
vn -0.530271 0.843658 0.083987
vn -0.530271 0.843658 0.083987
vn -0.530271 0.843658 0.083987
vn -0.478365 0.843657 0.243740
vn -0.478365 0.843657 0.243740
vn -0.478365 0.843657 0.243740
vn -0.478365 0.843657 0.243740
vn -0.379632 0.843658 0.379632
vn -0.379632 0.843658 0.379632
vn -0.379632 0.843658 0.379632
vn -0.379632 0.843658 0.379632
vn -0.243739 0.843658 0.478364
vn -0.243739 0.843658 0.478364
vn -0.243739 0.843658 0.478364
vn -0.243739 0.843658 0.478364
vn -0.083987 0.843658 0.530271
vn -0.083987 0.843658 0.530271
vn -0.083987 0.843658 0.530271
vn -0.083987 0.843658 0.530271
vn 0.083987 0.843657 0.530274
vn 0.083987 0.843656 0.530274
vn 0.083987 0.843656 0.530274
vn 0.083987 0.843656 0.530274
vn 0.243739 0.843658 0.478365
vn 0.243739 0.843658 0.478365
vn 0.243739 0.843658 0.478365
vn 0.243739 0.843658 0.478365
vn 0.379632 0.843658 0.379631
vn 0.379632 0.843658 0.379632
vn 0.379632 0.843658 0.379631
vn 0.379632 0.843658 0.379631
vn 0.478365 0.843658 0.243739
vn 0.478365 0.843658 0.243739
vn 0.478364 0.843658 0.243739
vn 0.478365 0.843658 0.243739
vn 0.530271 0.843658 0.083986
vn 0.530271 0.843658 0.083986
vn 0.530271 0.843658 0.083986
vn 0.530271 0.843658 0.083986
vn 0.530271 0.843658 -0.083985
vn 0.530271 0.843658 -0.083985
vn 0.530271 0.843658 -0.083985
vn 0.530271 0.843658 -0.083985
vn 0.821770 -0.386483 -0.418718
vn 0.821770 -0.386483 -0.418718
vn 0.821773 -0.386481 -0.418716
vn 0.821773 -0.386480 -0.418716
vn 0.652164 -0.386484 -0.652160
vn 0.652164 -0.386484 -0.652160
vn 0.652164 -0.386480 -0.652162
vn 0.652164 -0.386480 -0.652162
vn 0.418715 -0.386483 -0.821772
vn 0.418715 -0.386483 -0.821772
vn 0.418715 -0.386480 -0.821773
vn 0.418715 -0.386480 -0.821773
vn 0.144278 -0.386482 -0.910942
vn 0.144278 -0.386482 -0.910942
vn 0.144279 -0.386480 -0.910943
vn 0.144279 -0.386480 -0.910943
vn -0.144279 -0.386483 -0.910942
vn -0.144279 -0.386483 -0.910942
vn -0.144279 -0.386480 -0.910943
vn -0.144279 -0.386480 -0.910943
vn -0.418715 -0.386482 -0.821773
vn -0.418715 -0.386482 -0.821773
vn -0.418715 -0.386480 -0.821773
vn -0.418715 -0.386480 -0.821773
vn -0.652162 -0.386482 -0.652162
vn -0.652162 -0.386482 -0.652162
vn -0.652163 -0.386480 -0.652163
vn -0.652163 -0.386480 -0.652163
vn -0.821774 -0.386482 -0.418711
vn -0.821774 -0.386482 -0.418711
vn -0.821773 -0.386480 -0.418714
vn -0.821774 -0.386480 -0.418714
vn -0.910942 -0.386483 -0.144280
vn -0.910942 -0.386483 -0.144280
vn -0.910943 -0.386480 -0.144279
vn -0.910943 -0.386480 -0.144279
vn -0.910941 -0.386484 0.144279
vn -0.910941 -0.386484 0.144279
vn -0.910943 -0.386480 0.144279
vn -0.910943 -0.386480 0.144279
vn -0.821773 -0.386480 0.418715
vn -0.821773 -0.386480 0.418715
vn -0.821773 -0.386480 0.418714
vn -0.821773 -0.386480 0.418714
vn -0.652165 -0.386482 0.652160
vn -0.652165 -0.386482 0.652160
vn -0.652163 -0.386480 0.652163
vn -0.652163 -0.386480 0.652163
vn -0.418715 -0.386480 0.821773
vn -0.418715 -0.386480 0.821773
vn -0.418715 -0.386480 0.821773
vn -0.418715 -0.386480 0.821773
vn -0.144280 -0.386480 0.910943
vn -0.144280 -0.386480 0.910943
vn -0.144279 -0.386480 0.910943
vn -0.144279 -0.386480 0.910943
vn 0.144279 -0.386478 0.910944
vn 0.144279 -0.386478 0.910944
vn 0.144279 -0.386480 0.910943
vn 0.144279 -0.386480 0.910943
vn 0.418715 -0.386481 0.821773
vn 0.418715 -0.386481 0.821773
vn 0.418715 -0.386480 0.821773
vn 0.418715 -0.386480 0.821773
vn 0.652162 -0.386482 0.652163
vn 0.652162 -0.386482 0.652163
vn 0.652163 -0.386480 0.652163
vn 0.652163 -0.386480 0.652163
vn 0.821773 -0.386482 0.418713
vn 0.821773 -0.386482 0.418713
vn 0.821773 -0.386480 0.418714
vn 0.821773 -0.386480 0.418714
vn 0.910943 -0.386480 0.144278
vn 0.910943 -0.386480 0.144278
vn 0.910943 -0.386481 0.144279
vn 0.910943 -0.386481 0.144279
vn 0.910944 -0.386478 -0.144277
vn 0.910944 -0.386478 -0.144277
vn 0.910943 -0.386480 -0.144277
vn 0.910943 -0.386480 -0.144277
vn 0.709682 -0.604645 -0.361602
vn 0.709682 -0.604645 -0.361602
vn 0.709682 -0.604645 -0.361602
vn 0.709682 -0.604645 -0.361602
vn 0.563208 -0.604645 -0.563207
vn 0.563208 -0.604645 -0.563207
vn 0.563208 -0.604645 -0.563207
vn 0.563208 -0.604645 -0.563207
vn 0.361601 -0.604645 -0.709682
vn 0.361601 -0.604645 -0.709682
vn 0.361601 -0.604645 -0.709682
vn 0.361601 -0.604645 -0.709682
vn 0.124600 -0.604645 -0.786689
vn 0.124600 -0.604645 -0.786689
vn 0.124600 -0.604645 -0.786689
vn 0.124600 -0.604645 -0.786689
vn -0.124600 -0.604645 -0.786689
vn -0.124600 -0.604645 -0.786689
vn -0.124600 -0.604645 -0.786689
vn -0.124600 -0.604645 -0.786689
vn -0.361601 -0.604645 -0.709682
vn -0.361601 -0.604645 -0.709682
vn -0.361601 -0.604645 -0.709682
vn -0.361601 -0.604645 -0.709682
vn -0.563207 -0.604645 -0.563207
vn -0.563207 -0.604645 -0.563207
vn -0.563207 -0.604645 -0.563207
vn -0.563207 -0.604645 -0.563207
vn -0.709683 -0.604645 -0.361601
vn -0.709683 -0.604645 -0.361601
vn -0.709683 -0.604645 -0.361601
vn -0.709683 -0.604645 -0.361601
vn -0.786689 -0.604645 -0.124599
vn -0.786689 -0.604645 -0.124599
vn -0.786689 -0.604645 -0.124599
vn -0.786689 -0.604645 -0.124599
vn -0.786689 -0.604645 0.124600
vn -0.786689 -0.604645 0.124600
vn -0.786689 -0.604645 0.124600
vn -0.786689 -0.604645 0.124600
vn -0.709682 -0.604645 0.361601
vn -0.709682 -0.604645 0.361601
vn -0.709682 -0.604645 0.361601
vn -0.709682 -0.604645 0.361601
vn -0.563207 -0.604645 0.563208
vn -0.563207 -0.604645 0.563208
vn -0.563207 -0.604645 0.563208
vn -0.563207 -0.604645 0.563208
vn -0.361601 -0.604645 0.709682
vn -0.361601 -0.604645 0.709682
vn -0.361601 -0.604645 0.709682
vn -0.361601 -0.604645 0.709682
vn -0.124600 -0.604645 0.786689
vn -0.124600 -0.604645 0.786689
vn -0.124600 -0.604645 0.786689
vn -0.124600 -0.604645 0.786689
vn 0.124600 -0.604645 0.786689
vn 0.124600 -0.604645 0.786689
vn 0.124600 -0.604645 0.786689
vn 0.124600 -0.604645 0.786689
vn 0.361601 -0.604645 0.709682
vn 0.361601 -0.604645 0.709682
vn 0.361601 -0.604645 0.709682
vn 0.361601 -0.604645 0.709682
vn 0.563207 -0.604645 0.563207
vn 0.563207 -0.604645 0.563207
vn 0.563207 -0.604645 0.563207
vn 0.563207 -0.604645 0.563207
vn 0.709683 -0.604645 0.361601
vn 0.709683 -0.604645 0.361601
vn 0.709683 -0.604645 0.361601
vn 0.709683 -0.604645 0.361601
vn 0.786689 -0.604645 0.124599
vn 0.786689 -0.604645 0.124599
vn 0.786689 -0.604645 0.124599
vn 0.786689 -0.604645 0.124599
vn 0.786689 -0.604645 -0.124597
vn 0.786689 -0.604645 -0.124598
vn 0.786689 -0.604645 -0.124597
vn 0.786689 -0.604645 -0.124597
vn 0.684700 -0.639901 -0.348873
vn 0.684700 -0.639901 -0.348873
vn 0.684700 -0.639901 -0.348873
vn 0.684700 -0.639901 -0.348873
vn 0.543382 -0.639901 -0.543381
vn 0.543382 -0.639901 -0.543381
vn 0.543382 -0.639901 -0.543381
vn 0.543382 -0.639901 -0.543381
vn 0.348872 -0.639901 -0.684701
vn 0.348872 -0.639901 -0.684701
vn 0.348872 -0.639901 -0.684701
vn 0.348872 -0.639901 -0.684701
vn 0.120214 -0.639901 -0.758996
vn 0.120214 -0.639901 -0.758996
vn 0.120214 -0.639901 -0.758996
vn 0.120214 -0.639901 -0.758996
vn -0.120214 -0.639901 -0.758996
vn -0.120214 -0.639901 -0.758996
vn -0.120214 -0.639901 -0.758996
vn -0.120214 -0.639901 -0.758996
vn -0.348872 -0.639901 -0.684700
vn -0.348872 -0.639901 -0.684700
vn -0.348872 -0.639901 -0.684700
vn -0.348872 -0.639901 -0.684700
vn -0.543381 -0.639901 -0.543381
vn -0.543381 -0.639901 -0.543381
vn -0.543381 -0.639901 -0.543381
vn -0.543381 -0.639901 -0.543381
vn -0.684701 -0.639901 -0.348872
vn -0.684701 -0.639901 -0.348872
vn -0.684701 -0.639901 -0.348872
vn -0.684701 -0.639901 -0.348872
vn -0.758996 -0.639901 -0.120213
vn -0.758996 -0.639901 -0.120213
vn -0.758996 -0.639901 -0.120213
vn -0.758996 -0.639901 -0.120213
vn -0.758996 -0.639901 0.120213
vn -0.758996 -0.639901 0.120213
vn -0.758996 -0.639901 0.120213
vn -0.758996 -0.639901 0.120213
vn -0.684701 -0.639901 0.348872
vn -0.684701 -0.639901 0.348872
vn -0.684701 -0.639901 0.348872
vn -0.684701 -0.639901 0.348872
vn -0.543381 -0.639901 0.543382
vn -0.543381 -0.639901 0.543382
vn -0.543381 -0.639901 0.543382
vn -0.543381 -0.639901 0.543382
vn -0.348872 -0.639901 0.684701
vn -0.348872 -0.639901 0.684701
vn -0.348872 -0.639901 0.684700
vn -0.348872 -0.639901 0.684700
vn -0.120214 -0.639901 0.758996
vn -0.120214 -0.639901 0.758996
vn -0.120214 -0.639901 0.758996
vn -0.120214 -0.639901 0.758996
vn 0.120214 -0.639901 0.758996
vn 0.120214 -0.639901 0.758996
vn 0.120214 -0.639901 0.758996
vn 0.120214 -0.639901 0.758996
vn 0.348872 -0.639901 0.684700
vn 0.348872 -0.639901 0.684700
vn 0.348872 -0.639901 0.684700
vn 0.348872 -0.639901 0.684700
vn 0.543381 -0.639901 0.543382
vn 0.543381 -0.639901 0.543382
vn 0.543381 -0.639901 0.543382
vn 0.543381 -0.639901 0.543382
vn 0.684700 -0.639901 0.348872
vn 0.684700 -0.639901 0.348872
vn 0.684700 -0.639901 0.348872
vn 0.684700 -0.639901 0.348872
vn 0.758996 -0.639901 0.120213
vn 0.758996 -0.639901 0.120213
vn 0.758996 -0.639901 0.120213
vn 0.758996 -0.639901 0.120213
vn 0.758996 -0.639901 -0.120212
vn 0.758996 -0.639901 -0.120212
vn 0.758996 -0.639901 -0.120212
vn 0.758996 -0.639901 -0.120212
vn 0.000000 -1.000000 0.000000
vn 0.000000 -1.000000 0.000000
vn 0.000000 -1.000000 0.000000
vn 0.000000 -1.000000 0.000000
vn 0.000000 -1.000000 0.000000
vn 0.000000 -1.000000 0.000000
vn 0.000000 -1.000000 0.000000
vn 0.000000 -1.000000 0.000000
vn 0.000000 -1.000000 0.000001
vn 0.000000 -1.000000 0.000001
vn 0.000000 -1.000000 0.000001
vn 0.000000 -1.000000 0.000001
vn 0.000000 -1.000000 0.000000
vn 0.000000 -1.000000 0.000000
vn 0.000000 -1.000000 0.000000
vn 0.000000 -1.000000 0.000000
vn 0.000000 -1.000000 0.000001
vn 0.000000 -1.000000 0.000001
vn 0.000000 -1.000000 0.000001
vn 0.000000 -1.000000 0.000001
vn 0.000000 -1.000000 0.000001
vn 0.000000 -1.000000 0.000001
vn 0.000000 -1.000000 0.000001
vn 0.000000 -1.000000 0.000001
vn 0.000000 -1.000000 0.000000
vn 0.000000 -1.000000 0.000000
vn 0.000000 -1.000000 0.000000
vn 0.000000 -1.000000 0.000000
vn 0.000000 -1.000000 -0.000001
vn 0.000000 -1.000000 -0.000001
vn 0.000000 -1.000000 -0.000001
vn 0.000000 -1.000000 -0.000001
vn 0.000000 -1.000000 0.000000
vn 0.000000 -1.000000 0.000000
vn 0.000000 -1.000000 0.000000
vn 0.000000 -1.000000 0.000000
vn 0.000000 -1.000000 0.000000
vn 0.000000 -1.000000 0.000000
vn 0.000000 -1.000000 0.000000
vn 0.000000 -1.000000 0.000000
vn 0.000000 -1.000000 -0.000001
vn 0.000000 -1.000000 -0.000001
vn 0.000000 -1.000000 -0.000001
vn 0.000000 -1.000000 -0.000001
vn 0.000000 -1.000000 0.000000
vn 0.000000 -1.000000 0.000000
vn 0.000000 -1.000000 0.000000
vn 0.000000 -1.000000 0.000000
vn 0.000000 -1.000000 0.000000
vn 0.000000 -1.000000 0.000000
vn 0.000000 -1.000000 0.000000
vn 0.000000 -1.000000 0.000000
vn 0.000000 -1.000000 -0.000001
vn 0.000000 -1.000000 -0.000001
vn 0.000000 -1.000000 -0.000001
vn 0.000000 -1.000000 -0.000001
vn 0.000000 -1.000000 0.000001
vn 0.000000 -1.000000 0.000001
vn 0.000000 -1.000000 0.000001
vn 0.000000 -1.000000 0.000001
vn 0.000000 -1.000000 0.000001
vn 0.000000 -1.000000 0.000001
vn 0.000000 -1.000000 0.000001
vn 0.000000 -1.000000 0.000001
vn 0.000000 -1.000000 0.000000
vn 0.000000 -1.000000 0.000000
vn 0.000000 -1.000000 0.000000
vn 0.000000 -1.000000 0.000000
vn 0.000000 -1.000000 0.000001
vn 0.000000 -1.000000 0.000001
vn 0.000000 -1.000000 0.000001
vn 0.000000 -1.000000 0.000001
vn 0.000000 -1.000000 0.000000
vn 0.000000 -1.000000 0.000000
vn 0.000000 -1.000000 0.000000
vn 0.000000 -1.000000 0.000000
vn 0.000000 -1.000000 0.000000
vn 0.000000 -1.000000 0.000000
vn 0.000000 -1.000000 0.000000
vn 0.000000 -1.000000 0.000000
vn -0.891007 0.000000 0.453990
vn -0.891007 0.000000 0.453990
vn -0.891006 0.000000 0.453992
vn -0.891006 0.000000 0.453992
vn -0.707110 -0.000002 0.707104
vn -0.707110 -0.000002 0.707104
vn -0.707108 -0.000000 0.707106
vn -0.707108 -0.000000 0.707106
vn -0.453991 -0.000003 0.891007
vn -0.453990 -0.000003 0.891007
vn -0.453990 0.000000 0.891007
vn -0.453990 -0.000000 0.891007
vn -0.156435 -0.000003 0.987688
vn -0.156435 -0.000003 0.987688
vn -0.156436 0.000000 0.987688
vn -0.156436 -0.000000 0.987688
vn 0.156437 -0.000003 0.987688
vn 0.156437 -0.000003 0.987688
vn 0.156436 -0.000000 0.987688
vn 0.156436 0.000000 0.987688
vn 0.453990 -0.000003 0.891007
vn 0.453991 -0.000003 0.891007
vn 0.453990 -0.000000 0.891007
vn 0.453990 0.000000 0.891007
vn 0.707107 -0.000002 0.707107
vn 0.707107 -0.000002 0.707107
vn 0.707107 -0.000000 0.707107
vn 0.707107 0.000000 0.707107
vn 0.891006 -0.000002 0.453991
vn 0.891006 -0.000002 0.453991
vn 0.891007 0.000000 0.453990
vn 0.891007 0.000000 0.453990
vn 0.987688 0.000003 0.156435
vn 0.987688 0.000003 0.156435
vn 0.987688 0.000000 0.156435
vn 0.987688 -0.000000 0.156435
vn 0.987688 0.000000 -0.156435
vn 0.987688 0.000000 -0.156435
vn 0.987688 0.000000 -0.156435
vn 0.987688 0.000000 -0.156435
vn 0.891008 -0.000003 -0.453988
vn 0.891008 -0.000003 -0.453988
vn 0.891007 -0.000000 -0.453990
vn 0.891007 0.000000 -0.453990
vn 0.707106 0.000000 -0.707107
vn 0.707106 0.000000 -0.707107
vn 0.707106 0.000000 -0.707107
vn 0.707106 0.000000 -0.707107
vn 0.453991 -0.000002 -0.891007
vn 0.453990 -0.000002 -0.891007
vn 0.453990 -0.000000 -0.891007
vn 0.453990 -0.000000 -0.891007
vn 0.156437 -0.000001 -0.987688
vn 0.156437 -0.000001 -0.987688
vn 0.156436 0.000000 -0.987688
vn 0.156436 -0.000000 -0.987688
vn -0.156435 -0.000002 -0.987688
vn -0.156435 -0.000002 -0.987688
vn -0.156436 0.000000 -0.987688
vn -0.156436 0.000000 -0.987688
vn -0.453990 -0.000002 -0.891007
vn -0.453991 -0.000002 -0.891007
vn -0.453990 -0.000000 -0.891007
vn -0.453990 -0.000000 -0.891007
vn -0.707106 0.000000 -0.707107
vn -0.707106 0.000000 -0.707107
vn -0.707106 0.000000 -0.707107
vn -0.707106 0.000000 -0.707107
vn -0.891006 -0.000003 -0.453991
vn -0.891006 -0.000003 -0.453991
vn -0.891007 0.000000 -0.453990
vn -0.891007 -0.000000 -0.453990
vn -0.987688 0.000000 -0.156435
vn -0.987688 0.000000 -0.156435
vn -0.987688 0.000000 -0.156435
vn -0.987688 0.000000 -0.156435
vn -0.987689 -0.000001 0.156432
vn -0.987689 -0.000001 0.156432
vn -0.987689 -0.000000 0.156433
vn -0.987689 -0.000000 0.156433
vn 0.000000 -1.000000 0.000000
vn 0.000000 -1.000000 0.000000
vn 0.000000 -1.000000 0.000000
vn 0.000000 -1.000000 0.000000
vn 0.000000 -1.000000 -0.000005
vn 0.000000 -1.000000 -0.000005
vn 0.000000 -1.000000 -0.000005
vn 0.000000 -1.000000 -0.000005
vn 0.000000 -1.000000 0.000005
vn 0.000000 -1.000000 0.000005
vn 0.000000 -1.000000 0.000005
vn 0.000000 -1.000000 0.000005
vn 0.000000 -1.000000 -0.000004
vn 0.000000 -1.000000 -0.000004
vn 0.000000 -1.000000 -0.000004
vn 0.000000 -1.000000 -0.000004
vn 0.000000 -1.000000 0.000002
vn 0.000000 -1.000000 0.000002
vn 0.000000 -1.000000 0.000002
vn 0.000000 -1.000000 0.000002
vn 0.000000 -1.000000 -0.000002
vn 0.000000 -1.000000 -0.000002
vn 0.000000 -1.000000 -0.000002
vn 0.000000 -1.000000 -0.000002
vn 0.000000 -1.000000 0.000000
vn 0.000000 -1.000000 0.000000
vn 0.000000 -1.000000 0.000000
vn 0.000000 -1.000000 0.000000
vn 0.000000 -1.000000 -0.000003
vn 0.000000 -1.000000 -0.000003
vn 0.000000 -1.000000 -0.000003
vn 0.000000 -1.000000 -0.000003
vn 0.000000 -1.000000 0.000003
vn 0.000000 -1.000000 0.000003
vn 0.000000 -1.000000 0.000003
vn 0.000000 -1.000000 0.000003
vn 0.000000 -1.000000 -0.000003
vn 0.000000 -1.000000 -0.000003
vn 0.000000 -1.000000 -0.000003
vn 0.000000 -1.000000 -0.000003
vn 0.000000 -1.000000 0.000003
vn 0.000000 -1.000000 0.000003
vn 0.000000 -1.000000 0.000003
vn 0.000000 -1.000000 0.000003
vn 0.000000 -1.000000 -0.000002
vn 0.000000 -1.000000 -0.000002
vn 0.000000 -1.000000 -0.000002
vn 0.000000 -1.000000 -0.000002
vn 0.000000 -1.000000 0.000002
vn 0.000000 -1.000000 0.000002
vn 0.000000 -1.000000 0.000002
vn 0.000000 -1.000000 0.000002
vn 0.000000 -1.000000 -0.000003
vn 0.000000 -1.000000 -0.000003
vn 0.000000 -1.000000 -0.000003
vn 0.000000 -1.000000 -0.000003
vn 0.000000 -1.000000 -0.000002
vn 0.000000 -1.000000 -0.000002
vn 0.000000 -1.000000 -0.000002
vn 0.000000 -1.000000 -0.000002
vn 0.000000 -1.000000 0.000002
vn 0.000000 -1.000000 0.000002
vn 0.000000 -1.000000 0.000002
vn 0.000000 -1.000000 0.000002
vn 0.000000 -1.000000 0.000000
vn 0.000000 -1.000000 0.000000
vn 0.000000 -1.000000 0.000000
vn 0.000000 -1.000000 0.000000
vn 0.000000 -1.000000 0.000003
vn 0.000000 -1.000000 0.000003
vn 0.000000 -1.000000 0.000003
vn 0.000000 -1.000000 0.000003
vn 0.000000 -1.000000 -0.000003
vn 0.000000 -1.000000 -0.000003
vn 0.000000 -1.000000 -0.000003
vn 0.000000 -1.000000 -0.000003
vn 0.000000 -1.000000 0.000003
vn 0.000000 -1.000000 0.000003
vn 0.000000 -1.000000 0.000003
vn 0.000000 -1.000000 0.000003
vn 0.000000 1.000000 0.000000
vn 0.000000 1.000000 0.000000
vn 0.000000 1.000000 0.000000
vn 0.000000 1.000000 0.000000
vn 0.000000 1.000000 0.000000
vn 0.000000 1.000000 0.000000
vn 0.000000 1.000000 -0.000001
vn 0.000000 1.000000 -0.000001
vn 0.000000 1.000000 -0.000001
vn 0.000000 1.000000 0.000001
vn 0.000000 1.000000 0.000001
vn 0.000000 1.000000 0.000001
vn 0.000000 1.000000 -0.000000
vn 0.000000 1.000000 -0.000000
vn 0.000000 1.000000 -0.000000
vn 0.000000 1.000000 0.000001
vn 0.000000 1.000000 0.000001
vn 0.000000 1.000000 0.000001
vn 0.000000 1.000000 0.000000
vn 0.000000 1.000000 0.000000
vn 0.000000 1.000000 0.000000
vn 0.000000 1.000000 0.000001
vn 0.000000 1.000000 0.000001
vn 0.000000 1.000000 0.000001
vn 0.000000 1.000000 -0.000001
vn 0.000000 1.000000 -0.000001
vn 0.000000 1.000000 -0.000001
vn 0.000000 1.000000 0.000001
vn 0.000000 1.000000 0.000001
vn 0.000000 1.000000 0.000001
vn 0.000000 1.000000 0.000000
vn 0.000000 1.000000 0.000000
vn 0.000000 1.000000 0.000000
vn 0.000000 1.000000 0.000000
vn 0.000000 1.000000 0.000000
vn 0.000000 1.000000 0.000000
vn 0.000000 1.000000 -0.000001
vn 0.000000 1.000000 -0.000001
vn 0.000000 1.000000 -0.000001
vn 0.000000 1.000000 0.000000
vn 0.000000 1.000000 0.000000
vn 0.000000 1.000000 0.000000
vn 0.000000 1.000000 -0.000000
vn 0.000000 1.000000 -0.000000
vn 0.000000 1.000000 -0.000000
vn 0.000000 1.000000 0.000001
vn 0.000000 1.000000 0.000001
vn 0.000000 1.000000 0.000001
vn 0.000000 1.000000 0.000000
vn 0.000000 1.000000 0.000000
vn 0.000000 1.000000 0.000000
vn 0.000000 1.000000 -0.000001
vn 0.000000 1.000000 -0.000001
vn 0.000000 1.000000 -0.000001
vn 0.000000 1.000000 0.000001
vn 0.000000 1.000000 0.000001
vn 0.000000 1.000000 0.000001
vn 0.000000 1.000000 0.000000
vn 0.000000 1.000000 0.000000
vn 0.000000 1.000000 0.000000
vn -0.298172 -0.262580 0.917685
vn 0.000000 -0.262580 0.964910
vn -0.000004 -0.268952 0.963154
vn -0.297632 -0.268962 0.916010
vn -0.567158 -0.262581 0.780630
vn -0.566125 -0.268956 0.779208
vn -0.780627 -0.262581 0.567162
vn -0.779206 -0.268945 0.566133
vn -0.917683 -0.262579 0.298177
vn -0.916017 -0.268929 0.297642
vn -0.964911 -0.262578 -0.000000
vn -0.963161 -0.268924 -0.000002
vn -0.917686 -0.262575 -0.298173
vn -0.916021 -0.268921 -0.297637
vn -0.780632 -0.262577 -0.567158
vn -0.779206 -0.268930 -0.566140
vn -0.567159 -0.262578 -0.780630
vn -0.566112 -0.268941 -0.779222
vn -0.298172 -0.262578 -0.917685
vn -0.297620 -0.268951 -0.916017
vn 0.000000 -0.262578 -0.964911
vn 0.000004 -0.268967 -0.963150
vn 0.298173 -0.262578 -0.917685
vn 0.297648 -0.268973 -0.916002
vn 0.567159 -0.262576 -0.780631
vn 0.566151 -0.268958 -0.779188
vn 0.780628 -0.262580 -0.567162
vn 0.779205 -0.268951 -0.566132
vn 0.917683 -0.262583 -0.298174
vn 0.916006 -0.268968 -0.297638
vn 0.964910 -0.262582 0.000002
vn 0.963151 -0.268963 0.000002
vn 0.917684 -0.262580 0.298173
vn 0.916014 -0.268947 0.297635
vn 0.780631 -0.262579 0.567158
vn 0.779203 -0.268944 0.566138
vn 0.567159 -0.262579 0.780630
vn 0.566113 -0.268938 0.779223
vn 0.298172 -0.262579 0.917685
vn 0.297605 -0.268934 0.916027
vn -0.453990 0.000000 -0.891007
vn -0.453990 0.000000 -0.891007
vn -0.453987 0.000000 -0.891009
vn -0.453987 0.000000 -0.891009
vn -0.707106 0.000000 -0.707107
vn -0.707106 0.000000 -0.707107
vn -0.707108 0.000000 -0.707106
vn -0.707108 0.000000 -0.707106
vn -0.891007 0.000000 -0.453990
vn -0.891007 0.000000 -0.453990
vn -0.891007 0.000000 -0.453990
vn -0.891007 0.000000 -0.453990
vn -0.987688 0.000000 -0.156435
vn -0.987688 0.000000 -0.156435
vn -0.987688 0.000000 -0.156436
vn -0.987688 0.000000 -0.156436
vn -0.987689 0.000000 0.156433
vn -0.987689 0.000000 0.156433
vn -0.987689 0.000000 0.156432
vn -0.987689 0.000000 0.156432
vn -0.891006 0.000000 0.453991
vn -0.891006 0.000000 0.453991
vn -0.891007 0.000000 0.453990
vn -0.891007 0.000000 0.453990
vn -0.707108 0.000000 0.707106
vn -0.707108 0.000000 0.707106
vn -0.707101 0.000000 0.707113
vn -0.707101 0.000000 0.707113
vn -0.453990 0.000000 0.891007
vn -0.453990 0.000000 0.891007
vn -0.453993 0.000000 0.891006
vn -0.453993 0.000000 0.891006
vn -0.156436 0.000000 0.987688
vn -0.156436 0.000000 0.987688
vn -0.156435 0.000000 0.987688
vn -0.156435 0.000000 0.987688
vn 0.156436 0.000000 0.987688
vn 0.156436 0.000000 0.987688
vn 0.156435 0.000000 0.987688
vn 0.156435 0.000000 0.987688
vn 0.453990 0.000000 0.891007
vn 0.453990 0.000000 0.891007
vn 0.453987 0.000000 0.891009
vn 0.453987 0.000000 0.891009
vn 0.707107 0.000000 0.707107
vn 0.707107 0.000000 0.707107
vn 0.707108 0.000000 0.707105
vn 0.707108 0.000000 0.707105
vn 0.891007 0.000000 0.453990
vn 0.891007 0.000000 0.453990
vn 0.891007 0.000000 0.453990
vn 0.891007 0.000000 0.453990
vn 0.987688 -0.000000 0.156435
vn 0.987688 -0.000000 0.156435
vn 0.987688 0.000000 0.156436
vn 0.987688 0.000000 0.156436
vn 0.987688 0.000000 -0.156435
vn 0.987688 0.000000 -0.156435
vn 0.987688 0.000000 -0.156436
vn 0.987688 0.000000 -0.156436
vn 0.891007 0.000000 -0.453990
vn 0.891007 0.000000 -0.453990
vn 0.891007 0.000000 -0.453990
vn 0.891007 0.000000 -0.453990
vn 0.707106 0.000000 -0.707107
vn 0.707106 0.000000 -0.707107
vn 0.707108 0.000000 -0.707106
vn 0.707108 0.000000 -0.707106
vn 0.453990 0.000000 -0.891007
vn 0.453990 0.000000 -0.891007
vn 0.453987 0.000000 -0.891009
vn 0.453987 0.000000 -0.891009
vn 0.156436 0.000000 -0.987688
vn 0.156436 0.000000 -0.987688
vn 0.156435 0.000000 -0.987688
vn 0.156435 0.000000 -0.987688
vn -0.156436 0.000000 -0.987688
vn -0.156436 0.000000 -0.987688
vn -0.156435 0.000000 -0.987688
vn -0.156435 0.000000 -0.987688
vn 0.348871 -0.639904 0.684698
vn 0.348871 -0.639904 0.684698
vn 0.543379 -0.639903 0.543381
vn 0.543379 -0.639903 0.543381
vn 0.684700 -0.639902 0.348872
vn 0.684700 -0.639902 0.348872
vn 0.758994 -0.639904 0.120213
vn 0.758994 -0.639904 0.120213
vn 0.758995 -0.639903 -0.120211
vn 0.758995 -0.639903 -0.120211
vn 0.684697 -0.639904 -0.348874
vn 0.684697 -0.639903 -0.348874
vn 0.543381 -0.639902 -0.543381
vn 0.543381 -0.639902 -0.543381
vn 0.348872 -0.639903 -0.684699
vn 0.348872 -0.639903 -0.684699
vn 0.120214 -0.639904 -0.758994
vn 0.120214 -0.639904 -0.758994
vn -0.120213 -0.639903 -0.758995
vn -0.120213 -0.639902 -0.758995
vn -0.348872 -0.639903 -0.684699
vn -0.348872 -0.639903 -0.684699
vn -0.543380 -0.639903 -0.543381
vn -0.543380 -0.639903 -0.543381
vn -0.684698 -0.639904 -0.348871
vn -0.684698 -0.639904 -0.348871
vn -0.758995 -0.639902 -0.120214
vn -0.758995 -0.639902 -0.120214
vn -0.758995 -0.639903 0.120213
vn -0.758995 -0.639903 0.120213
vn -0.684698 -0.639903 0.348873
vn -0.684698 -0.639903 0.348873
vn -0.543379 -0.639903 0.543382
vn -0.543379 -0.639903 0.543382
vn -0.348871 -0.639904 0.684698
vn -0.348871 -0.639904 0.684699
vn -0.120214 -0.639901 0.758996
vn -0.120214 -0.639901 0.758996
vn 0.120214 -0.639902 0.758996
vn 0.120214 -0.639902 0.758996
vn -0.418715 -0.386480 0.821773
vn -0.418715 -0.386480 0.821773
vn -0.144279 -0.386480 0.910943
vn -0.144279 -0.386480 0.910943
vn 0.144279 -0.386480 0.910943
vn 0.144280 -0.386481 0.910943
vn 0.418715 -0.386480 0.821773
vn 0.418715 -0.386480 0.821773
vn 0.652163 -0.386480 0.652163
vn 0.652163 -0.386480 0.652163
vn 0.821773 -0.386480 0.418714
vn 0.821773 -0.386480 0.418714
vn 0.910943 -0.386481 0.144279
vn 0.910943 -0.386481 0.144279
vn 0.910943 -0.386480 -0.144277
vn 0.910943 -0.386480 -0.144277
vn 0.821773 -0.386480 -0.418716
vn 0.821773 -0.386480 -0.418716
vn 0.652164 -0.386480 -0.652162
vn 0.652164 -0.386480 -0.652162
vn 0.418715 -0.386480 -0.821773
vn 0.418715 -0.386480 -0.821773
vn 0.144279 -0.386480 -0.910943
vn 0.144279 -0.386480 -0.910943
vn -0.144279 -0.386480 -0.910943
vn -0.144279 -0.386480 -0.910943
vn -0.418715 -0.386480 -0.821773
vn -0.418715 -0.386480 -0.821773
vn -0.652163 -0.386480 -0.652163
vn -0.652163 -0.386480 -0.652163
vn -0.821773 -0.386480 -0.418714
vn -0.821773 -0.386480 -0.418714
vn -0.910943 -0.386480 -0.144279
vn -0.910943 -0.386480 -0.144279
vn -0.910943 -0.386480 0.144279
vn -0.910943 -0.386480 0.144279
vn -0.821773 -0.386480 0.418714
vn -0.821773 -0.386480 0.418714
vn -0.652163 -0.386480 0.652163
vn -0.652163 -0.386480 0.652163
vn -0.567327 -0.261531 0.780859
vn -0.780859 -0.261531 0.567328
vn -0.917955 -0.261531 0.298262
vn -0.965195 -0.261531 -0.000000
vn -0.917955 -0.261531 -0.298261
vn -0.780859 -0.261531 -0.567327
vn -0.567328 -0.261531 -0.780859
vn -0.298262 -0.261531 -0.917955
vn 0.000000 -0.261531 -0.965195
vn 0.298262 -0.261531 -0.917955
vn 0.567327 -0.261531 -0.780859
vn 0.780859 -0.261531 -0.567328
vn 0.917955 -0.261531 -0.298261
vn 0.965195 -0.261531 0.000001
vn 0.917955 -0.261531 0.298261
vn 0.780859 -0.261531 0.567327
vn 0.567328 -0.261531 0.780859
vn 0.298262 -0.261531 0.917955
vn 0.000000 -0.261531 0.965195
vn -0.298262 -0.261531 0.917955
vn 0.845129 -0.458694 -0.274512
vn 0.718868 -0.458683 -0.522340
vn 0.718918 -0.458626 -0.522321
vn 0.845139 -0.458627 -0.274592
vn 0.522225 -0.458614 -0.718995
vn 0.522322 -0.458625 -0.718918
vn 0.274569 -0.458630 -0.845145
vn 0.274604 -0.458628 -0.845135
vn -0.000010 -0.458694 -0.888594
vn -0.000002 -0.458625 -0.888630
vn -0.274626 -0.458731 -0.845072
vn -0.274599 -0.458622 -0.845140
vn -0.522256 -0.458636 -0.718959
vn -0.522319 -0.458621 -0.718922
vn -0.718864 -0.458652 -0.522372
vn -0.718916 -0.458625 -0.522325
vn -0.845143 -0.458675 -0.274501
vn -0.845137 -0.458627 -0.274600
vn -0.888613 -0.458658 -0.000004
vn -0.888629 -0.458627 -0.000004
vn -0.845130 -0.458676 0.274538
vn -0.845137 -0.458626 0.274601
vn -0.718904 -0.458684 0.522289
vn -0.718917 -0.458625 0.522323
vn -0.522309 -0.458659 0.718906
vn -0.522324 -0.458623 0.718918
vn -0.274623 -0.458720 0.845079
vn -0.274600 -0.458621 0.845140
vn 0.000010 -0.458762 0.888559
vn 0.000002 -0.458629 0.888628
vn 0.274640 -0.458746 0.845059
vn 0.274608 -0.458633 0.845131
vn 0.522266 -0.458656 0.718939
vn 0.522323 -0.458625 0.718917
vn 0.718856 -0.458668 0.522369
vn 0.718915 -0.458626 0.522325
vn 0.845129 -0.458701 0.274499
vn 0.845137 -0.458628 0.274599
vn 0.888604 -0.458675 0.000030
vn 0.888629 -0.458626 0.000004
vn 0.890936 0.012614 -0.453954
vn 0.890936 0.012614 -0.453954
vn 0.890936 0.012614 -0.453954
vn 0.890936 0.012614 -0.453954
vn 0.707050 0.012614 -0.707051
vn 0.707050 0.012614 -0.707051
vn 0.707050 0.012614 -0.707051
vn 0.707050 0.012614 -0.707051
vn 0.453954 0.012614 -0.890936
vn 0.453954 0.012614 -0.890936
vn 0.453954 0.012614 -0.890936
vn 0.453954 0.012614 -0.890936
vn 0.156422 0.012614 -0.987610
vn 0.156422 0.012614 -0.987610
vn 0.156422 0.012614 -0.987610
vn 0.156422 0.012614 -0.987610
vn -0.156423 0.012614 -0.987610
vn -0.156423 0.012614 -0.987610
vn -0.156423 0.012614 -0.987610
vn -0.156423 0.012614 -0.987610
vn -0.453954 0.012614 -0.890936
vn -0.453954 0.012614 -0.890936
vn -0.453954 0.012614 -0.890936
vn -0.453954 0.012614 -0.890936
vn -0.707051 0.012614 -0.707051
vn -0.707051 0.012614 -0.707051
vn -0.707051 0.012614 -0.707051
vn -0.707051 0.012614 -0.707051
vn -0.890936 0.012614 -0.453954
vn -0.890936 0.012614 -0.453954
vn -0.890936 0.012614 -0.453954
vn -0.890936 0.012614 -0.453954
vn -0.987610 0.012614 -0.156422
vn -0.987610 0.012614 -0.156422
vn -0.987610 0.012614 -0.156422
vn -0.987610 0.012614 -0.156422
vn -0.987610 0.012614 0.156422
vn -0.987610 0.012614 0.156422
vn -0.987610 0.012614 0.156422
vn -0.987610 0.012614 0.156422
vn -0.890936 0.012614 0.453955
vn -0.890936 0.012614 0.453955
vn -0.890936 0.012614 0.453955
vn -0.890936 0.012614 0.453955
vn -0.707051 0.012614 0.707050
vn -0.707051 0.012614 0.707050
vn -0.707051 0.012614 0.707050
vn -0.707051 0.012614 0.707050
vn -0.453954 0.012614 0.890936
vn -0.453954 0.012614 0.890936
vn -0.453954 0.012614 0.890936
vn -0.453954 0.012614 0.890936
vn -0.156422 0.012614 0.987610
vn -0.156422 0.012614 0.987610
vn -0.156422 0.012614 0.987610
vn -0.156422 0.012614 0.987610
vn 0.156423 0.012614 0.987610
vn 0.156423 0.012614 0.987610
vn 0.156423 0.012614 0.987610
vn 0.156423 0.012614 0.987610
vn 0.453954 0.012614 0.890936
vn 0.453954 0.012614 0.890936
vn 0.453954 0.012614 0.890936
vn 0.453954 0.012614 0.890936
vn 0.707051 0.012614 0.707051
vn 0.707051 0.012614 0.707051
vn 0.707050 0.012614 0.707051
vn 0.707050 0.012614 0.707051
vn 0.890936 0.012614 0.453954
vn 0.890936 0.012614 0.453954
vn 0.890936 0.012614 0.453954
vn 0.890936 0.012614 0.453954
vn 0.987610 0.012614 0.156422
vn 0.987610 0.012614 0.156422
vn 0.987610 0.012614 0.156422
vn 0.987610 0.012614 0.156422
vn 0.987610 0.012614 -0.156420
vn 0.987610 0.012614 -0.156420
vn 0.987610 0.012614 -0.156420
vn 0.987610 0.012614 -0.156420
vn 0.890946 0.011678 -0.453960
vn 0.890946 0.011678 -0.453960
vn 0.890946 0.011678 -0.453960
vn 0.890946 0.011678 -0.453960
vn 0.707058 0.011678 -0.707059
vn 0.707058 0.011678 -0.707059
vn 0.707058 0.011678 -0.707059
vn 0.707058 0.011678 -0.707059
vn 0.453959 0.011678 -0.890946
vn 0.453959 0.011678 -0.890946
vn 0.453959 0.011678 -0.890946
vn 0.453959 0.011678 -0.890946
vn 0.156424 0.011678 -0.987621
vn 0.156424 0.011678 -0.987621
vn 0.156424 0.011678 -0.987621
vn 0.156424 0.011678 -0.987621
vn -0.156424 0.011678 -0.987621
vn -0.156424 0.011678 -0.987621
vn -0.156424 0.011678 -0.987621
vn -0.156424 0.011678 -0.987621
vn -0.453960 0.011678 -0.890946
vn -0.453960 0.011678 -0.890946
vn -0.453960 0.011678 -0.890946
vn -0.453960 0.011678 -0.890946
vn -0.707059 0.011678 -0.707059
vn -0.707059 0.011678 -0.707059
vn -0.707059 0.011678 -0.707059
vn -0.707059 0.011678 -0.707059
vn -0.890946 0.011678 -0.453960
vn -0.890946 0.011678 -0.453960
vn -0.890946 0.011678 -0.453960
vn -0.890946 0.011678 -0.453960
vn -0.987621 0.011678 -0.156424
vn -0.987621 0.011678 -0.156424
vn -0.987621 0.011678 -0.156424
vn -0.987621 0.011678 -0.156424
vn -0.987621 0.011678 0.156424
vn -0.987621 0.011678 0.156424
vn -0.987621 0.011678 0.156424
vn -0.987621 0.011678 0.156424
vn -0.890946 0.011678 0.453960
vn -0.890946 0.011678 0.453960
vn -0.890946 0.011678 0.453960
vn -0.890946 0.011678 0.453960
vn -0.707059 0.011678 0.707059
vn -0.707059 0.011678 0.707059
vn -0.707059 0.011678 0.707059
vn -0.707059 0.011678 0.707059
vn -0.453959 0.011678 0.890946
vn -0.453959 0.011678 0.890946
vn -0.453959 0.011678 0.890946
vn -0.453959 0.011678 0.890946
vn -0.156424 0.011678 0.987621
vn -0.156424 0.011678 0.987621
vn -0.156424 0.011678 0.987621
vn -0.156424 0.011678 0.987621
vn 0.156424 0.011678 0.987621
vn 0.156424 0.011678 0.987621
vn 0.156424 0.011678 0.987621
vn 0.156424 0.011678 0.987621
vn 0.453959 0.011678 0.890946
vn 0.453959 0.011678 0.890946
vn 0.453959 0.011678 0.890946
vn 0.453959 0.011678 0.890946
vn 0.707059 0.011678 0.707059
vn 0.707059 0.011678 0.707059
vn 0.707059 0.011678 0.707059
vn 0.707059 0.011678 0.707059
vn 0.890946 0.011678 0.453960
vn 0.890946 0.011678 0.453960
vn 0.890946 0.011678 0.453960
vn 0.890946 0.011678 0.453960
vn 0.987621 0.011678 0.156424
vn 0.987621 0.011678 0.156424
vn 0.987621 0.011678 0.156424
vn 0.987621 0.011678 0.156424
vn 0.987621 0.011678 -0.156421
vn 0.987621 0.011678 -0.156421
vn 0.987621 0.011678 -0.156421
vn 0.987621 0.011678 -0.156421
vn 0.890577 0.031025 -0.453772
vn 0.890577 0.031025 -0.453772
vn 0.890577 0.031025 -0.453772
vn 0.890577 0.031025 -0.453772
vn 0.706768 0.031025 -0.706765
vn 0.706768 0.031025 -0.706765
vn 0.706768 0.031025 -0.706765
vn 0.706768 0.031025 -0.706765
vn 0.453771 0.031025 -0.890578
vn 0.453771 0.031025 -0.890578
vn 0.453771 0.031025 -0.890578
vn 0.453771 0.031025 -0.890578
vn 0.156358 0.031025 -0.987213
vn 0.156358 0.031025 -0.987213
vn 0.156358 0.031025 -0.987213
vn 0.156358 0.031025 -0.987213
vn -0.156359 0.031025 -0.987213
vn -0.156359 0.031025 -0.987213
vn -0.156359 0.031025 -0.987213
vn -0.156359 0.031025 -0.987213
vn -0.453771 0.031025 -0.890578
vn -0.453771 0.031025 -0.890578
vn -0.453771 0.031025 -0.890578
vn -0.453771 0.031025 -0.890578
vn -0.706766 0.031025 -0.706767
vn -0.706766 0.031025 -0.706767
vn -0.706766 0.031025 -0.706767
vn -0.706766 0.031025 -0.706767
vn -0.890578 0.031025 -0.453771
vn -0.890578 0.031025 -0.453771
vn -0.890578 0.031025 -0.453771
vn -0.890578 0.031025 -0.453771
vn -0.987213 0.031025 -0.156359
vn -0.987213 0.031025 -0.156359
vn -0.987213 0.031025 -0.156359
vn -0.987213 0.031025 -0.156359
vn -0.987213 0.031025 0.156359
vn -0.987213 0.031025 0.156359
vn -0.987213 0.031025 0.156359
vn -0.987213 0.031025 0.156359
vn -0.890577 0.031025 0.453773
vn -0.890577 0.031025 0.453773
vn -0.890577 0.031025 0.453773
vn -0.890577 0.031025 0.453773
vn -0.706767 0.031025 0.706765
vn -0.706767 0.031025 0.706765
vn -0.706767 0.031025 0.706765
vn -0.706767 0.031025 0.706765
vn -0.453771 0.031025 0.890578
vn -0.453771 0.031025 0.890578
vn -0.453771 0.031025 0.890578
vn -0.453771 0.031025 0.890578
vn -0.156359 0.031025 0.987213
vn -0.156359 0.031025 0.987213
vn -0.156359 0.031025 0.987213
vn -0.156359 0.031025 0.987213
vn 0.156359 0.031025 0.987213
vn 0.156359 0.031025 0.987213
vn 0.156359 0.031025 0.987213
vn 0.156359 0.031025 0.987213
vn 0.453772 0.031025 0.890578
vn 0.453772 0.031025 0.890578
vn 0.453772 0.031025 0.890578
vn 0.453772 0.031025 0.890578
vn 0.706766 0.031025 0.706767
vn 0.706766 0.031025 0.706767
vn 0.706766 0.031025 0.706767
vn 0.706766 0.031025 0.706767
vn 0.890578 0.031025 0.453771
vn 0.890578 0.031025 0.453771
vn 0.890578 0.031025 0.453771
vn 0.890578 0.031025 0.453771
vn 0.987213 0.031025 0.156359
vn 0.987213 0.031025 0.156359
vn 0.987213 0.031025 0.156359
vn 0.987213 0.031025 0.156359
vn 0.987213 0.031025 -0.156357
vn 0.987213 0.031025 -0.156357
vn 0.987213 0.031025 -0.156357
vn 0.987213 0.031025 -0.156357
vn 0.760292 0.521445 -0.387363
vn 0.760292 0.521445 -0.387363
vn 0.760285 0.521456 -0.387363
vn 0.760285 0.521456 -0.387363
vn 0.603358 0.521434 -0.603379
vn 0.603358 0.521434 -0.603379
vn 0.603361 0.521451 -0.603361
vn 0.603361 0.521451 -0.603362
vn 0.387389 0.521448 -0.760277
vn 0.387389 0.521448 -0.760277
vn 0.387380 0.521450 -0.760280
vn 0.387380 0.521450 -0.760281
vn 0.133487 0.521453 -0.842774
vn 0.133487 0.521453 -0.842774
vn 0.133483 0.521453 -0.842774
vn 0.133483 0.521453 -0.842774
vn -0.133487 0.521453 -0.842774
vn -0.133487 0.521453 -0.842774
vn -0.133484 0.521455 -0.842773
vn -0.133484 0.521455 -0.842773
vn -0.387390 0.521447 -0.760278
vn -0.387390 0.521447 -0.760278
vn -0.387384 0.521454 -0.760276
vn -0.387384 0.521454 -0.760276
vn -0.603368 0.521441 -0.603362
vn -0.603368 0.521441 -0.603362
vn -0.603358 0.521448 -0.603367
vn -0.603358 0.521448 -0.603367
vn -0.760282 0.521438 -0.387393
vn -0.760282 0.521438 -0.387393
vn -0.760277 0.521450 -0.387388
vn -0.760277 0.521450 -0.387388
vn -0.842782 0.521441 -0.133480
vn -0.842782 0.521441 -0.133480
vn -0.842776 0.521451 -0.133484
vn -0.842776 0.521451 -0.133484
vn -0.842782 0.521441 0.133483
vn -0.842782 0.521441 0.133483
vn -0.842775 0.521451 0.133487
vn -0.842775 0.521451 0.133487
vn -0.760287 0.521443 0.387377
vn -0.760287 0.521443 0.387377
vn -0.760281 0.521454 0.387374
vn -0.760281 0.521454 0.387374
vn -0.603358 0.521433 0.603380
vn -0.603358 0.521433 0.603380
vn -0.603361 0.521450 0.603362
vn -0.603361 0.521450 0.603362
vn -0.387386 0.521442 0.760283
vn -0.387386 0.521442 0.760283
vn -0.387380 0.521450 0.760281
vn -0.387380 0.521450 0.760281
vn -0.133487 0.521450 0.842776
vn -0.133487 0.521450 0.842776
vn -0.133483 0.521453 0.842775
vn -0.133483 0.521453 0.842775
vn 0.133489 0.521457 0.842771
vn 0.133489 0.521457 0.842771
vn 0.133485 0.521459 0.842771
vn 0.133485 0.521459 0.842771
vn 0.387378 0.521433 0.760293
vn 0.387378 0.521433 0.760293
vn 0.387373 0.521441 0.760291
vn 0.387373 0.521441 0.760290
vn 0.603367 0.521442 0.603362
vn 0.603367 0.521443 0.603362
vn 0.603369 0.521459 0.603347
vn 0.603369 0.521459 0.603347
vn 0.760283 0.521440 0.387388
vn 0.760283 0.521440 0.387388
vn 0.760277 0.521449 0.387388
vn 0.760277 0.521449 0.387388
vn 0.842783 0.521440 0.133481
vn 0.842783 0.521440 0.133481
vn 0.842777 0.521451 0.133476
vn 0.842777 0.521451 0.133476
vn 0.842784 0.521441 -0.133472
vn 0.842784 0.521441 -0.133472
vn 0.842779 0.521451 -0.133467
vn 0.842779 0.521451 -0.133467
vn 0.000000 1.000000 -0.000014
vn 0.000000 1.000000 -0.000014
vn 0.000000 1.000000 -0.000014
vn 0.000000 1.000000 0.000014
vn 0.000000 1.000000 0.000014
vn 0.000000 1.000000 0.000014
vn 0.000000 1.000000 0.000000
vn 0.000000 1.000000 0.000000
vn 0.000000 1.000000 0.000000
vn 0.000000 1.000000 0.000000
vn 0.000000 1.000000 0.000000
vn 0.000000 1.000000 0.000000
vn 0.000000 1.000000 -0.000001
vn 0.000000 1.000000 -0.000001
vn 0.000000 1.000000 -0.000001
vn 0.000000 1.000000 0.000004
vn 0.000000 1.000000 0.000004
vn 0.000000 1.000000 0.000004
vn 0.000000 1.000000 -0.000007
vn 0.000000 1.000000 -0.000007
vn 0.000000 1.000000 -0.000007
vn 0.000000 1.000000 0.000000
vn 0.000000 1.000000 0.000000
vn 0.000000 1.000000 0.000000
vn 0.000000 1.000000 0.000000
vn 0.000000 1.000000 0.000000
vn 0.000000 1.000000 0.000000
vn 0.000000 1.000000 0.000000
vn 0.000000 1.000000 0.000000
vn 0.000000 1.000000 0.000000
vn 0.000000 1.000000 0.000000
vn 0.000000 1.000000 0.000000
vn 0.000000 1.000000 0.000000
vn 0.000000 1.000000 0.000000
vn 0.000000 1.000000 0.000000
vn 0.000000 1.000000 0.000000
vn 0.000000 1.000000 0.000000
vn 0.000000 1.000000 0.000000
vn 0.000000 1.000000 0.000000
vn 0.000000 1.000000 0.000000
vn 0.000000 1.000000 0.000000
vn 0.000000 1.000000 0.000000
vn 0.000000 1.000000 0.000001
vn 0.000000 1.000000 0.000001
vn 0.000000 1.000000 0.000001
vn 0.000000 1.000000 0.000000
vn 0.000000 1.000000 0.000000
vn 0.000000 1.000000 0.000000
vn 0.000000 1.000000 0.000007
vn 0.000000 1.000000 0.000007
vn 0.000000 1.000000 0.000007
vn 0.000000 1.000000 0.000000
vn 0.000000 1.000000 0.000000
vn 0.000000 1.000000 0.000000
vn 0.000000 1.000000 0.000000
vn 0.000000 1.000000 0.000000
vn 0.000000 1.000000 0.000000
vn 0.000000 1.000000 0.000000
vn 0.000000 1.000000 0.000000
vn 0.000000 1.000000 0.000000
vn 0.000000 -1.000000 0.000000
vn 0.000000 -1.000000 0.000000
vn 0.000000 -1.000000 0.000000
vn 0.000000 -1.000000 0.000000
vn 0.000000 -1.000000 0.000000
vn 0.000000 -1.000000 0.000000
vn 0.000000 -1.000000 0.000003
vn 0.000000 -1.000000 0.000003
vn 0.000000 -1.000000 0.000003
vn 0.000000 -1.000000 0.000001
vn 0.000000 -1.000000 0.000001
vn 0.000000 -1.000000 0.000001
vn 0.000000 -1.000000 0.000000
vn 0.000000 -1.000000 0.000000
vn 0.000000 -1.000000 0.000000
vn 0.000000 -1.000000 0.000000
vn 0.000000 -1.000000 0.000000
vn 0.000000 -1.000000 0.000000
vn 0.000000 -1.000000 0.000000
vn 0.000000 -1.000000 0.000000
vn 0.000000 -1.000000 0.000000
vn 0.000000 -1.000000 0.000000
vn 0.000000 -1.000000 0.000000
vn 0.000000 -1.000000 0.000000
vn 0.000000 -1.000000 0.000000
vn 0.000000 -1.000000 0.000000
vn 0.000000 -1.000000 0.000000
vn 0.000000 -1.000000 0.000000
vn 0.000000 -1.000000 0.000000
vn 0.000000 -1.000000 0.000000
vn 0.000000 -1.000000 -0.000005
vn 0.000000 -1.000000 -0.000005
vn 0.000000 -1.000000 -0.000005
vn 0.000000 -1.000000 0.000000
vn 0.000000 -1.000000 0.000000
vn 0.000000 -1.000000 0.000000
vn 0.000000 -1.000000 0.000005
vn 0.000000 -1.000000 0.000005
vn 0.000000 -1.000000 0.000005
vn 0.000000 -1.000000 0.000001
vn 0.000000 -1.000000 0.000001
vn 0.000000 -1.000000 0.000001
vn 0.000000 -1.000000 0.000000
vn 0.000000 -1.000000 0.000000
vn 0.000000 -1.000000 0.000000
vn 0.000000 -1.000000 -0.000005
vn 0.000000 -1.000000 -0.000005
vn 0.000000 -1.000000 -0.000005
vn 0.000000 -1.000000 0.000000
vn 0.000000 -1.000000 0.000000
vn 0.000000 -1.000000 0.000000
vn 0.000000 -1.000000 0.000000
vn 0.000000 -1.000000 0.000000
vn 0.000000 -1.000000 0.000000
vn 0.000000 -1.000000 0.000000
vn 0.000000 -1.000000 0.000000
vn 0.000000 -1.000000 0.000000
vn 0.000000 -1.000000 0.000000
vn 0.000000 -1.000000 0.000000
vn 0.000000 -1.000000 0.000000
vn -0.522325 -0.458619 0.718919
vn -0.718919 -0.458618 0.522326
vn -0.845138 -0.458620 0.274607
vn -0.888631 -0.458624 -0.000004
vn -0.845136 -0.458622 -0.274610
vn -0.718921 -0.458622 -0.522320
vn -0.522326 -0.458620 -0.718918
vn -0.274596 -0.458610 -0.845147
vn -0.000001 -0.458618 -0.888634
vn 0.274607 -0.458627 -0.845134
vn 0.522333 -0.458626 -0.718910
vn 0.718923 -0.458620 -0.522319
vn 0.845140 -0.458620 -0.274601
vn 0.888632 -0.458621 0.000001
vn 0.845138 -0.458620 0.274609
vn 0.718921 -0.458622 0.522320
vn 0.522329 -0.458622 0.718915
vn 0.274604 -0.458621 0.845139
vn 0.000001 -0.458615 0.888635
vn -0.274597 -0.458610 0.845147
vn -0.133470 0.521464 0.842770
vn -0.133470 0.521464 0.842770
vn -0.387358 0.521481 0.760271
vn -0.387358 0.521481 0.760271
vn -0.603371 0.521521 0.603291
vn -0.603371 0.521521 0.603291
vn -0.760256 0.521497 0.387365
vn -0.760256 0.521497 0.387365
vn -0.842746 0.521494 0.133501
vn -0.842746 0.521495 0.133501
vn -0.842749 0.521491 -0.133497
vn -0.842749 0.521491 -0.133497
vn -0.760255 0.521496 -0.387367
vn -0.760255 0.521496 -0.387367
vn -0.603316 0.521476 -0.603385
vn -0.603316 0.521476 -0.603385
vn -0.387360 0.521483 -0.760269
vn -0.387360 0.521483 -0.760269
vn -0.133470 0.521464 -0.842770
vn -0.133470 0.521464 -0.842770
vn 0.133468 0.521454 -0.842777
vn 0.133468 0.521454 -0.842777
vn 0.387343 0.521459 -0.760294
vn 0.387343 0.521459 -0.760294
vn 0.603372 0.521518 -0.603292
vn 0.603372 0.521518 -0.603292
vn 0.760256 0.521497 -0.387365
vn 0.760256 0.521497 -0.387365
vn 0.842757 0.521491 -0.133444
vn 0.842757 0.521491 -0.133444
vn 0.842755 0.521491 0.133458
vn 0.842755 0.521492 0.133458
vn 0.760252 0.521486 0.387388
vn 0.760252 0.521486 0.387388
vn 0.603374 0.521522 0.603287
vn 0.603374 0.521522 0.603287
vn 0.387353 0.521472 0.760280
vn 0.387353 0.521472 0.760280
vn 0.133472 0.521468 0.842767
vn 0.133472 0.521468 0.842767
vn 0.922921 -0.241436 -0.299876
vn 0.785083 -0.241437 -0.570398
vn 0.785083 -0.241437 -0.570398
vn 0.922921 -0.241436 -0.299876
vn 0.570397 -0.241437 -0.785084
vn 0.570397 -0.241437 -0.785084
vn 0.299876 -0.241436 -0.922921
vn 0.299876 -0.241436 -0.922921
vn 0.000001 -0.241436 -0.970417
vn 0.000001 -0.241436 -0.970417
vn -0.299876 -0.241436 -0.922921
vn -0.299875 -0.241436 -0.922921
vn -0.570398 -0.241437 -0.785083
vn -0.570398 -0.241437 -0.785083
vn -0.785083 -0.241437 -0.570398
vn -0.785083 -0.241437 -0.570398
vn -0.922921 -0.241436 -0.299877
vn -0.922921 -0.241436 -0.299877
vn -0.970417 -0.241436 0.000000
vn -0.970417 -0.241436 -0.000000
vn -0.922920 -0.241436 0.299877
vn -0.922921 -0.241436 0.299877
vn -0.785083 -0.241437 0.570398
vn -0.785083 -0.241437 0.570398
vn -0.570397 -0.241437 0.785083
vn -0.570397 -0.241437 0.785084
vn -0.299875 -0.241436 0.922921
vn -0.299875 -0.241436 0.922921
vn -0.000001 -0.241436 0.970417
vn -0.000001 -0.241436 0.970417
vn 0.299876 -0.241436 0.922921
vn 0.299875 -0.241436 0.922921
vn 0.570398 -0.241437 0.785083
vn 0.570398 -0.241437 0.785083
vn 0.785083 -0.241437 0.570398
vn 0.785083 -0.241437 0.570398
vn 0.922921 -0.241436 0.299877
vn 0.922921 -0.241436 0.299877
vn 0.970417 -0.241436 0.000000
vn 0.970417 -0.241436 0.000000
vn 0.819982 -0.391229 -0.417815
vn 0.819982 -0.391229 -0.417815
vn 0.819982 -0.391229 -0.417815
vn 0.819982 -0.391229 -0.417815
vn 0.650745 -0.391228 -0.650747
vn 0.650745 -0.391228 -0.650747
vn 0.650745 -0.391228 -0.650747
vn 0.650745 -0.391228 -0.650747
vn 0.417816 -0.391228 -0.819982
vn 0.417816 -0.391228 -0.819982
vn 0.417816 -0.391228 -0.819982
vn 0.417816 -0.391228 -0.819982
vn 0.143967 -0.391229 -0.908963
vn 0.143967 -0.391229 -0.908963
vn 0.143967 -0.391229 -0.908963
vn 0.143967 -0.391229 -0.908963
vn -0.143967 -0.391229 -0.908963
vn -0.143967 -0.391229 -0.908963
vn -0.143967 -0.391229 -0.908963
vn -0.143967 -0.391229 -0.908963
vn -0.417816 -0.391228 -0.819982
vn -0.417816 -0.391228 -0.819982
vn -0.417816 -0.391228 -0.819982
vn -0.417816 -0.391228 -0.819982
vn -0.650746 -0.391228 -0.650746
vn -0.650746 -0.391228 -0.650746
vn -0.650746 -0.391228 -0.650746
vn -0.650746 -0.391228 -0.650746
vn -0.819982 -0.391229 -0.417816
vn -0.819982 -0.391229 -0.417816
vn -0.819982 -0.391229 -0.417816
vn -0.819982 -0.391229 -0.417816
vn -0.908963 -0.391229 -0.143967
vn -0.908963 -0.391229 -0.143967
vn -0.908963 -0.391229 -0.143967
vn -0.908963 -0.391229 -0.143967
vn -0.908963 -0.391229 0.143967
vn -0.908963 -0.391229 0.143967
vn -0.908963 -0.391229 0.143967
vn -0.908963 -0.391229 0.143967
vn -0.819982 -0.391229 0.417816
vn -0.819982 -0.391229 0.417816
vn -0.819982 -0.391229 0.417816
vn -0.819982 -0.391229 0.417816
vn -0.650746 -0.391228 0.650746
vn -0.650746 -0.391228 0.650746
vn -0.650746 -0.391228 0.650746
vn -0.650746 -0.391228 0.650746
vn -0.417816 -0.391228 0.819982
vn -0.417816 -0.391228 0.819982
vn -0.417816 -0.391228 0.819982
vn -0.417816 -0.391228 0.819982
vn -0.143967 -0.391229 0.908963
vn -0.143967 -0.391229 0.908963
vn -0.143967 -0.391229 0.908963
vn -0.143967 -0.391229 0.908963
vn 0.143967 -0.391229 0.908963
vn 0.143967 -0.391229 0.908963
vn 0.143967 -0.391229 0.908963
vn 0.143967 -0.391229 0.908963
vn 0.417816 -0.391228 0.819982
vn 0.417816 -0.391228 0.819982
vn 0.417816 -0.391228 0.819982
vn 0.417816 -0.391228 0.819982
vn 0.650746 -0.391228 0.650746
vn 0.650746 -0.391228 0.650746
vn 0.650746 -0.391228 0.650746
vn 0.650746 -0.391228 0.650746
vn 0.819982 -0.391228 0.417816
vn 0.819982 -0.391228 0.417816
vn 0.819982 -0.391228 0.417816
vn 0.819982 -0.391228 0.417816
vn 0.908963 -0.391229 0.143967
vn 0.908963 -0.391229 0.143967
vn 0.908963 -0.391229 0.143967
vn 0.908963 -0.391229 0.143967
vn 0.908963 -0.391229 -0.143967
vn 0.908963 -0.391229 -0.143967
vn 0.908963 -0.391229 -0.143967
vn 0.908963 -0.391229 -0.143967
vn 0.715522 -0.595906 -0.364588
vn 0.715522 -0.595906 -0.364588
vn 0.715522 -0.595906 -0.364588
vn 0.715522 -0.595906 -0.364588
vn 0.567845 -0.595905 -0.567846
vn 0.567845 -0.595905 -0.567846
vn 0.567845 -0.595905 -0.567846
vn 0.567845 -0.595905 -0.567846
vn 0.364589 -0.595906 -0.715521
vn 0.364589 -0.595906 -0.715521
vn 0.364589 -0.595906 -0.715521
vn 0.364589 -0.595906 -0.715521
vn 0.125627 -0.595907 -0.793167
vn 0.125627 -0.595907 -0.793166
vn 0.125627 -0.595907 -0.793166
vn 0.125627 -0.595907 -0.793166
vn -0.125627 -0.595907 -0.793167
vn -0.125627 -0.595907 -0.793167
vn -0.125627 -0.595907 -0.793167
vn -0.125627 -0.595907 -0.793167
vn -0.364589 -0.595906 -0.715521
vn -0.364589 -0.595906 -0.715521
vn -0.364589 -0.595906 -0.715521
vn -0.364589 -0.595906 -0.715521
vn -0.567845 -0.595905 -0.567845
vn -0.567845 -0.595905 -0.567845
vn -0.567845 -0.595905 -0.567845
vn -0.567845 -0.595905 -0.567845
vn -0.715522 -0.595906 -0.364589
vn -0.715522 -0.595906 -0.364589
vn -0.715522 -0.595906 -0.364589
vn -0.715521 -0.595906 -0.364589
vn -0.793167 -0.595907 -0.125626
vn -0.793167 -0.595907 -0.125626
vn -0.793167 -0.595907 -0.125626
vn -0.793167 -0.595907 -0.125626
vn -0.793166 -0.595907 0.125626
vn -0.793166 -0.595907 0.125626
vn -0.793166 -0.595907 0.125626
vn -0.793166 -0.595907 0.125626
vn -0.715521 -0.595906 0.364589
vn -0.715522 -0.595906 0.364589
vn -0.715521 -0.595906 0.364589
vn -0.715522 -0.595906 0.364589
vn -0.567845 -0.595905 0.567845
vn -0.567845 -0.595905 0.567845
vn -0.567845 -0.595905 0.567845
vn -0.567845 -0.595905 0.567845
vn -0.364589 -0.595906 0.715522
vn -0.364589 -0.595906 0.715521
vn -0.364589 -0.595906 0.715521
vn -0.364589 -0.595906 0.715521
vn -0.125627 -0.595907 0.793167
vn -0.125627 -0.595907 0.793167
vn -0.125627 -0.595907 0.793167
vn -0.125627 -0.595907 0.793167
vn 0.125627 -0.595907 0.793166
vn 0.125627 -0.595907 0.793166
vn 0.125627 -0.595907 0.793166
vn 0.125627 -0.595907 0.793166
vn 0.364589 -0.595906 0.715521
vn 0.364589 -0.595906 0.715521
vn 0.364589 -0.595906 0.715521
vn 0.364589 -0.595906 0.715521
vn 0.567845 -0.595905 0.567845
vn 0.567845 -0.595905 0.567845
vn 0.567845 -0.595905 0.567846
vn 0.567845 -0.595905 0.567846
vn 0.715521 -0.595906 0.364589
vn 0.715521 -0.595906 0.364589
vn 0.715521 -0.595906 0.364589
vn 0.715521 -0.595906 0.364589
vn 0.793166 -0.595907 0.125626
vn 0.793166 -0.595907 0.125626
vn 0.793166 -0.595907 0.125626
vn 0.793166 -0.595907 0.125626
vn 0.793167 -0.595907 -0.125626
vn 0.793167 -0.595907 -0.125626
vn 0.793167 -0.595907 -0.125626
vn 0.793167 -0.595907 -0.125626
vn 0.393469 -0.897210 -0.200489
vn 0.393469 -0.897210 -0.200489
vn 0.393470 -0.897210 -0.200489
vn 0.393470 -0.897210 -0.200489
vn 0.312261 -0.897210 -0.312262
vn 0.312261 -0.897210 -0.312262
vn 0.312261 -0.897210 -0.312262
vn 0.312261 -0.897210 -0.312262
vn 0.200490 -0.897210 -0.393469
vn 0.200490 -0.897210 -0.393469
vn 0.200490 -0.897210 -0.393469
vn 0.200490 -0.897210 -0.393469
vn 0.069083 -0.897210 -0.436166
vn 0.069083 -0.897210 -0.436167
vn 0.069083 -0.897210 -0.436166
vn 0.069083 -0.897210 -0.436166
vn -0.069083 -0.897210 -0.436166
vn -0.069083 -0.897210 -0.436166
vn -0.069083 -0.897210 -0.436166
vn -0.069083 -0.897210 -0.436166
vn -0.200489 -0.897210 -0.393469
vn -0.200490 -0.897210 -0.393469
vn -0.200490 -0.897210 -0.393469
vn -0.200490 -0.897210 -0.393469
vn -0.312262 -0.897210 -0.312262
vn -0.312262 -0.897210 -0.312262
vn -0.312262 -0.897210 -0.312262
vn -0.312262 -0.897210 -0.312262
vn -0.393469 -0.897210 -0.200490
vn -0.393469 -0.897210 -0.200490
vn -0.393469 -0.897210 -0.200490
vn -0.393469 -0.897210 -0.200490
vn -0.436166 -0.897211 -0.069083
vn -0.436166 -0.897210 -0.069083
vn -0.436166 -0.897210 -0.069083
vn -0.436166 -0.897210 -0.069083
vn -0.436166 -0.897210 0.069083
vn -0.436166 -0.897210 0.069083
vn -0.436166 -0.897211 0.069083
vn -0.436166 -0.897210 0.069083
vn -0.393469 -0.897210 0.200489
vn -0.393469 -0.897210 0.200489
vn -0.393469 -0.897210 0.200489
vn -0.393469 -0.897210 0.200489
vn -0.312262 -0.897210 0.312262
vn -0.312262 -0.897210 0.312262
vn -0.312262 -0.897210 0.312262
vn -0.312262 -0.897210 0.312262
vn -0.200490 -0.897210 0.393469
vn -0.200489 -0.897210 0.393469
vn -0.200489 -0.897210 0.393469
vn -0.200490 -0.897210 0.393469
vn -0.069083 -0.897210 0.436166
vn -0.069083 -0.897210 0.436166
vn -0.069083 -0.897210 0.436166
vn -0.069083 -0.897210 0.436166
vn 0.069083 -0.897210 0.436166
vn 0.069083 -0.897210 0.436166
vn 0.069083 -0.897210 0.436166
vn 0.069083 -0.897210 0.436166
vn 0.200490 -0.897210 0.393469
vn 0.200490 -0.897210 0.393469
vn 0.200489 -0.897210 0.393469
vn 0.200490 -0.897210 0.393469
vn 0.312262 -0.897210 0.312262
vn 0.312262 -0.897210 0.312262
vn 0.312262 -0.897210 0.312262
vn 0.312262 -0.897210 0.312262
vn 0.393469 -0.897210 0.200490
vn 0.393469 -0.897210 0.200490
vn 0.393469 -0.897210 0.200490
vn 0.393469 -0.897210 0.200490
vn 0.436166 -0.897211 0.069083
vn 0.436166 -0.897211 0.069083
vn 0.436166 -0.897210 0.069083
vn 0.436166 -0.897210 0.069083
vn 0.436166 -0.897211 -0.069083
vn 0.436166 -0.897211 -0.069083
vn 0.436166 -0.897210 -0.069083
vn 0.436166 -0.897210 -0.069083
vn 0.147390 -0.986223 -0.075102
vn 0.147390 -0.986223 -0.075102
vn 0.147390 -0.986223 -0.075102
vn 0.116971 -0.986223 -0.116971
vn 0.116971 -0.986223 -0.116971
vn 0.116971 -0.986223 -0.116971
vn 0.075102 -0.986223 -0.147390
vn 0.075102 -0.986223 -0.147390
vn 0.075102 -0.986223 -0.147390
vn 0.025878 -0.986223 -0.163384
vn 0.025878 -0.986223 -0.163384
vn 0.025878 -0.986223 -0.163384
vn -0.025878 -0.986223 -0.163384
vn -0.025878 -0.986223 -0.163384
vn -0.025878 -0.986223 -0.163384
vn -0.075102 -0.986223 -0.147391
vn -0.075102 -0.986223 -0.147391
vn -0.075102 -0.986223 -0.147391
vn -0.116971 -0.986223 -0.116971
vn -0.116971 -0.986223 -0.116971
vn -0.116971 -0.986223 -0.116971
vn -0.147390 -0.986223 -0.075102
vn -0.147390 -0.986223 -0.075102
vn -0.147390 -0.986223 -0.075102
vn -0.163384 -0.986223 -0.025877
vn -0.163384 -0.986223 -0.025877
vn -0.163384 -0.986223 -0.025877
vn -0.163384 -0.986223 0.025877
vn -0.163384 -0.986223 0.025877
vn -0.163384 -0.986223 0.025877
vn -0.147390 -0.986223 0.075102
vn -0.147390 -0.986223 0.075102
vn -0.147390 -0.986223 0.075102
vn -0.116971 -0.986223 0.116971
vn -0.116971 -0.986223 0.116971
vn -0.116971 -0.986223 0.116971
vn -0.075102 -0.986223 0.147391
vn -0.075102 -0.986223 0.147391
vn -0.075102 -0.986223 0.147391
vn -0.025878 -0.986223 0.163384
vn -0.025878 -0.986223 0.163384
vn -0.025878 -0.986223 0.163384
vn 0.025878 -0.986223 0.163385
vn 0.025878 -0.986223 0.163384
vn 0.025878 -0.986223 0.163385
vn 0.075102 -0.986223 0.147390
vn 0.075102 -0.986223 0.147390
vn 0.075102 -0.986223 0.147390
vn 0.116971 -0.986223 0.116971
vn 0.116971 -0.986223 0.116971
vn 0.116971 -0.986223 0.116971
vn 0.147390 -0.986223 0.075102
vn 0.147390 -0.986223 0.075102
vn 0.147390 -0.986223 0.075102
vn 0.163384 -0.986223 0.025877
vn 0.163384 -0.986223 0.025877
vn 0.163384 -0.986223 0.025877
vn 0.163384 -0.986223 -0.025877
vn 0.163384 -0.986223 -0.025877
vn 0.163384 -0.986223 -0.025877
vn -0.000001 1.000000 0.000002
vn -0.000001 1.000000 0.000002
vn -0.000001 1.000000 0.000002
vn -0.000001 1.000000 0.000000
vn -0.000001 1.000000 0.000000
vn -0.000001 1.000000 0.000000
vn -0.000000 1.000000 0.000001
vn -0.000000 1.000000 0.000001
vn -0.000000 1.000000 0.000001
vn -0.000000 1.000000 0.000000
vn -0.000000 1.000000 0.000000
vn -0.000000 1.000000 0.000000
vn 0.000000 1.000000 0.000001
vn 0.000000 1.000000 0.000001
vn 0.000000 1.000000 0.000001
vn 0.000000 1.000000 0.000001
vn 0.000000 1.000000 0.000001
vn 0.000000 1.000000 0.000001
vn 0.000001 1.000000 0.000001
vn 0.000001 1.000000 0.000001
vn 0.000001 1.000000 0.000001
vn 0.000001 1.000000 0.000001
vn 0.000001 1.000000 0.000001
vn 0.000001 1.000000 0.000001
vn 0.000001 1.000000 0.000000
vn 0.000001 1.000000 0.000000
vn 0.000001 1.000000 0.000000
vn 0.000001 1.000000 0.000000
vn 0.000001 1.000000 0.000000
vn 0.000001 1.000000 0.000000
vn 0.000001 1.000000 0.000000
vn 0.000001 1.000000 0.000000
vn 0.000001 1.000000 0.000000
vn 0.000001 1.000000 -0.000001
vn 0.000001 1.000000 -0.000001
vn 0.000001 1.000000 -0.000001
vn 0.000000 1.000000 -0.000001
vn 0.000000 1.000000 -0.000001
vn 0.000000 1.000000 -0.000001
vn 0.000000 1.000000 -0.000001
vn 0.000000 1.000000 -0.000001
vn 0.000000 1.000000 -0.000001
vn -0.000000 1.000000 0.000000
vn -0.000000 1.000000 0.000000
vn -0.000000 1.000000 0.000000
vn -0.000000 1.000000 -0.000001
vn -0.000000 1.000000 -0.000001
vn -0.000000 1.000000 -0.000001
vn -0.000001 1.000000 -0.000001
vn -0.000001 1.000000 -0.000001
vn -0.000001 1.000000 -0.000001
vn -0.000001 1.000000 -0.000001
vn -0.000001 1.000000 -0.000001
vn -0.000001 1.000000 -0.000001
vn -0.000001 1.000000 0.000000
vn -0.000001 1.000000 0.000000
vn -0.000001 1.000000 0.000000
vn -0.000001 1.000000 0.000000
vn -0.000001 1.000000 0.000000
vn -0.000001 1.000000 0.000000
vn -0.785086 -0.241436 -0.570394
vn -0.570395 -0.241435 -0.785085
vn -0.299870 -0.241434 -0.922923
vn 0.000003 -0.241437 -0.970416
vn 0.299873 -0.241438 -0.922921
vn 0.570396 -0.241437 -0.785084
vn 0.785085 -0.241436 -0.570395
vn 0.922921 -0.241433 -0.299877
vn 0.970417 -0.241434 0.000001
vn 0.922922 -0.241437 0.299871
vn 0.785085 -0.241438 0.570393
vn 0.570395 -0.241434 0.785086
vn 0.299869 -0.241433 0.922924
vn -0.000003 -0.241435 0.970417
vn -0.299870 -0.241435 0.922923
vn -0.570394 -0.241435 0.785086
vn -0.785085 -0.241436 0.570395
vn -0.922923 -0.241434 0.299872
vn -0.970417 -0.241434 -0.000001
vn -0.922923 -0.241434 -0.299871
vn 0.951057 -0.000004 -0.309017
vn 0.809014 0.000000 -0.587789
vn 0.809010 0.000000 -0.587795
vn 0.951055 -0.000003 -0.309022
vn 0.587768 0.000000 -0.809030
vn 0.587762 0.000000 -0.809034
vn 0.308999 0.000000 -0.951062
vn 0.309008 0.000000 -0.951060
vn -0.000000 0.000000 -1.000000
vn -0.000000 0.000000 -1.000000
vn -0.309042 0.000000 -0.951048
vn -0.309022 0.000000 -0.951055
vn -0.587836 0.000000 -0.808980
vn -0.587806 0.000000 -0.809002
vn -0.809048 0.000000 -0.587742
vn -0.809032 0.000000 -0.587764
vn -0.951059 -0.000002 -0.309009
vn -0.951056 -0.000001 -0.309018
vn -1.000000 -0.000002 -0.000000
vn -1.000000 -0.000001 -0.000000
vn -0.951059 0.000000 0.309009
vn -0.951056 0.000000 0.309017
vn -0.809048 0.000000 0.587742
vn -0.809032 0.000000 0.587764
vn -0.587836 -0.000001 0.808980
vn -0.587806 -0.000000 0.809002
vn -0.309022 -0.000001 0.951055
vn -0.309009 -0.000000 0.951059
vn -0.000001 -0.000000 1.000000
vn -0.000001 -0.000000 1.000000
vn 0.309020 0.000000 0.951055
vn 0.309008 0.000000 0.951060
vn 0.587836 0.000000 0.808980
vn 0.587806 0.000000 0.809002
vn 0.809049 0.000000 0.587742
vn 0.809032 0.000000 0.587764
vn 0.951059 -0.000004 0.309009
vn 0.951056 -0.000003 0.309017
vn 1.000000 -0.000009 -0.000008
vn 1.000000 -0.000006 -0.000005
vn 0.000000 1.000000 0.000000
vn 0.000000 1.000000 0.000000
vn 0.000000 1.000000 0.000000
vn 0.000000 1.000000 0.000000
vn 0.000000 1.000000 0.000008
vn 0.000000 1.000000 0.000008
vn 0.000000 1.000000 0.000008
vn 0.000000 1.000000 0.000008
vn 0.000000 1.000000 -0.000008
vn 0.000000 1.000000 -0.000008
vn 0.000000 1.000000 -0.000008
vn 0.000000 1.000000 -0.000008
vn 0.000000 1.000000 0.000012
vn 0.000000 1.000000 0.000012
vn 0.000000 1.000000 0.000012
vn 0.000000 1.000000 0.000012
vn 0.000000 1.000000 -0.000013
vn 0.000000 1.000000 -0.000013
vn 0.000000 1.000000 -0.000013
vn 0.000000 1.000000 -0.000013
vn 0.000000 1.000000 0.000000
vn 0.000000 1.000000 0.000000
vn 0.000000 1.000000 0.000000
vn 0.000000 1.000000 0.000000
vn 0.000000 1.000000 -0.000004
vn 0.000000 1.000000 -0.000004
vn 0.000000 1.000000 -0.000004
vn 0.000000 1.000000 -0.000004
vn 0.000000 1.000000 0.000008
vn 0.000000 1.000000 0.000008
vn 0.000000 1.000000 0.000008
vn 0.000000 1.000000 0.000008
vn 0.000000 1.000000 0.000000
vn 0.000000 1.000000 0.000000
vn 0.000000 1.000000 0.000000
vn 0.000000 1.000000 0.000000
vn 0.000000 1.000000 0.000000
vn 0.000000 1.000000 0.000000
vn 0.000000 1.000000 0.000000
vn 0.000000 1.000000 0.000000
vn 0.000000 1.000000 -0.000008
vn 0.000000 1.000000 -0.000008
vn 0.000000 1.000000 -0.000008
vn 0.000000 1.000000 -0.000008
vn 0.000000 1.000000 0.000000
vn 0.000000 1.000000 0.000000
vn 0.000000 1.000000 0.000000
vn 0.000000 1.000000 0.000000
vn 0.000000 1.000000 0.000000
vn 0.000000 1.000000 0.000000
vn 0.000000 1.000000 0.000000
vn 0.000000 1.000000 0.000000
vn 0.000000 1.000000 0.000004
vn 0.000000 1.000000 0.000004
vn 0.000000 1.000000 0.000004
vn 0.000000 1.000000 0.000004
vn 0.000000 1.000000 -0.000002
vn 0.000000 1.000000 -0.000002
vn 0.000000 1.000000 -0.000002
vn 0.000000 1.000000 -0.000002
vn 0.000000 1.000000 0.000000
vn 0.000000 1.000000 0.000000
vn 0.000000 1.000000 0.000000
vn 0.000000 1.000000 0.000000
vn 0.000000 1.000000 0.000004
vn 0.000000 1.000000 0.000004
vn 0.000000 1.000000 0.000004
vn 0.000000 1.000000 0.000004
vn 0.000000 1.000000 -0.000008
vn 0.000000 1.000000 -0.000008
vn 0.000000 1.000000 -0.000008
vn 0.000000 1.000000 -0.000008
vn 0.000000 1.000000 0.000000
vn 0.000000 1.000000 0.000000
vn 0.000000 1.000000 0.000000
vn 0.000000 1.000000 0.000000
vn 0.000000 1.000000 0.000008
vn 0.000000 1.000000 0.000008
vn 0.000000 1.000000 0.000008
vn 0.000000 1.000000 0.000008
vn -0.891010 0.000000 0.453984
vn -0.891010 0.000000 0.453984
vn -0.891007 0.000000 0.453989
vn -0.891007 0.000000 0.453989
vn -0.707123 0.000000 0.707090
vn -0.707123 0.000000 0.707090
vn -0.707107 0.000000 0.707107
vn -0.707107 0.000000 0.707107
vn -0.453988 0.000000 0.891008
vn -0.453988 0.000000 0.891008
vn -0.453989 0.000000 0.891007
vn -0.453989 0.000000 0.891007
vn -0.156440 0.000000 0.987688
vn -0.156440 0.000000 0.987688
vn -0.156433 0.000000 0.987689
vn -0.156433 0.000000 0.987689
vn 0.156419 0.000000 0.987691
vn 0.156419 0.000000 0.987691
vn 0.156433 0.000000 0.987689
vn 0.156433 0.000000 0.987689
vn 0.453989 0.000000 0.891007
vn 0.453989 0.000000 0.891007
vn 0.453992 0.000000 0.891006
vn 0.453992 0.000000 0.891006
vn 0.707123 0.000000 0.707091
vn 0.707123 0.000000 0.707091
vn 0.707108 0.000000 0.707106
vn 0.707108 0.000000 0.707106
vn 0.891010 0.000000 0.453984
vn 0.891010 0.000000 0.453984
vn 0.891006 0.000000 0.453992
vn 0.891006 0.000000 0.453992
vn 0.987687 0.000000 0.156442
vn 0.987687 0.000000 0.156442
vn 0.987689 0.000000 0.156433
vn 0.987689 0.000000 0.156433
vn 0.987687 0.000000 -0.156443
vn 0.987687 0.000000 -0.156443
vn 0.987689 0.000000 -0.156433
vn 0.987689 0.000000 -0.156433
vn 0.891010 0.000000 -0.453984
vn 0.891010 0.000000 -0.453984
vn 0.891006 0.000000 -0.453991
vn 0.891006 0.000000 -0.453991
vn 0.707123 0.000000 -0.707090
vn 0.707123 0.000000 -0.707090
vn 0.707107 0.000000 -0.707107
vn 0.707107 0.000000 -0.707107
vn 0.453988 0.000000 -0.891008
vn 0.453988 0.000000 -0.891008
vn 0.453991 0.000000 -0.891006
vn 0.453991 0.000000 -0.891006
vn 0.156418 0.000000 -0.987691
vn 0.156418 0.000000 -0.987691
vn 0.156433 0.000000 -0.987689
vn 0.156433 0.000000 -0.987689
vn -0.156440 0.000000 -0.987687
vn -0.156440 0.000000 -0.987687
vn -0.156433 0.000000 -0.987689
vn -0.156433 0.000000 -0.987689
vn -0.453988 0.000000 -0.891008
vn -0.453988 0.000000 -0.891008
vn -0.453991 0.000000 -0.891006
vn -0.453991 0.000000 -0.891006
vn -0.707123 0.000000 -0.707090
vn -0.707123 0.000000 -0.707090
vn -0.707108 0.000000 -0.707106
vn -0.707108 0.000000 -0.707106
vn -0.890981 -0.000002 -0.454040
vn -0.890981 -0.000002 -0.454040
vn -0.891006 0.000000 -0.453991
vn -0.891006 -0.000000 -0.453991
vn -0.987687 0.000000 -0.156443
vn -0.987687 0.000000 -0.156443
vn -0.987689 0.000000 -0.156433
vn -0.987689 0.000000 -0.156433
vn -0.987690 0.000000 0.156425
vn -0.987690 0.000000 0.156425
vn -0.987689 0.000000 0.156431
vn -0.987689 0.000000 0.156431
vn 0.000000 1.000000 0.000000
vn 0.000000 1.000000 0.000000
vn 0.000000 1.000000 0.000000
vn 0.000000 1.000000 -0.000013
vn 0.000000 1.000000 -0.000013
vn 0.000000 1.000000 -0.000013
vn 0.000000 1.000000 0.000000
vn 0.000000 1.000000 0.000000
vn 0.000000 1.000000 0.000000
vn 0.000000 1.000000 0.000000
vn 0.000000 1.000000 0.000000
vn 0.000000 1.000000 0.000000
vn 0.000000 1.000000 0.000002
vn 0.000000 1.000000 0.000002
vn 0.000000 1.000000 0.000002
vn 0.000000 1.000000 -0.000007
vn 0.000000 1.000000 -0.000007
vn 0.000000 1.000000 -0.000007
vn 0.000000 1.000000 0.000000
vn 0.000000 1.000000 0.000000
vn 0.000000 1.000000 0.000000
vn 0.000000 1.000000 0.000013
vn 0.000000 1.000000 0.000013
vn 0.000000 1.000000 0.000013
vn 0.000000 1.000000 0.000000
vn 0.000000 1.000000 0.000000
vn 0.000000 1.000000 0.000000
vn 0.000000 1.000000 0.000000
vn 0.000000 1.000000 0.000000
vn 0.000000 1.000000 0.000000
vn 0.000000 1.000000 0.000000
vn 0.000000 1.000000 0.000000
vn 0.000000 1.000000 0.000000
vn 0.000000 1.000000 -0.000013
vn 0.000000 1.000000 -0.000013
vn 0.000000 1.000000 -0.000013
vn 0.000000 1.000000 0.000013
vn 0.000000 1.000000 0.000013
vn 0.000000 1.000000 0.000013
vn 0.000000 1.000000 0.000000
vn 0.000000 1.000000 0.000000
vn 0.000000 1.000000 0.000000
vn 0.000000 1.000000 0.000002
vn 0.000000 1.000000 0.000002
vn 0.000000 1.000000 0.000002
vn 0.000000 1.000000 0.000000
vn 0.000000 1.000000 0.000000
vn 0.000000 1.000000 0.000000
vn 0.000000 1.000000 0.000000
vn 0.000000 1.000000 0.000000
vn 0.000000 1.000000 0.000000
vn 0.000000 1.000000 0.000000
vn 0.000000 1.000000 0.000000
vn 0.000000 1.000000 0.000000
vn 0.000000 1.000000 0.000000
vn 0.000000 1.000000 0.000000
vn 0.000000 1.000000 0.000000
vn 0.000000 1.000000 0.000000
vn 0.000000 1.000000 0.000000
vn 0.000000 1.000000 0.000000
vn -0.987689 0.000000 0.156431
vn -0.987689 0.000000 0.156431
vn -0.987689 0.000000 -0.156433
vn -0.987689 0.000000 -0.156433
vn -0.891007 0.000000 -0.453989
vn -0.891007 0.000000 -0.453989
vn -0.707107 0.000000 -0.707107
vn -0.707107 0.000000 -0.707107
vn -0.453989 0.000000 -0.891007
vn -0.453989 0.000000 -0.891007
vn -0.156433 0.000000 -0.987689
vn -0.156433 0.000000 -0.987689
vn 0.156433 0.000000 -0.987689
vn 0.156433 0.000000 -0.987689
vn 0.453992 0.000000 -0.891006
vn 0.453992 0.000000 -0.891006
vn 0.707107 0.000000 -0.707106
vn 0.707107 0.000000 -0.707106
vn 0.891006 0.000000 -0.453991
vn 0.891006 0.000000 -0.453991
vn 0.987689 0.000000 -0.156433
vn 0.987689 0.000000 -0.156433
vn 0.987689 0.000000 0.156433
vn 0.987689 0.000000 0.156433
vn 0.891006 0.000000 0.453992
vn 0.891006 0.000000 0.453992
vn 0.707107 0.000000 0.707107
vn 0.707107 0.000000 0.707107
vn 0.453991 0.000000 0.891006
vn 0.453991 0.000000 0.891006
vn 0.156433 0.000000 0.987689
vn 0.156433 0.000000 0.987689
vn -0.156433 0.000000 0.987689
vn -0.156433 0.000000 0.987689
vn -0.453990 0.000000 0.891007
vn -0.453990 0.000000 0.891007
vn -0.707106 0.000000 0.707108
vn -0.707106 0.000000 0.707108
vn -0.891007 0.000000 0.453989
vn -0.891007 0.000000 0.453989
vn -0.987691 0.000000 0.156416
vn -0.987691 0.000000 0.156416
vn -0.987687 0.000000 -0.156443
vn -0.987687 0.000000 -0.156443
vn -0.891013 0.000000 -0.453979
vn -0.891013 0.000000 -0.453979
vn -0.707089 0.000000 -0.707124
vn -0.707089 0.000000 -0.707124
vn -0.453930 0.000000 -0.891037
vn -0.453930 0.000000 -0.891037
vn -0.156451 0.000000 -0.987686
vn -0.156451 0.000000 -0.987686
vn 0.156416 0.000000 -0.987691
vn 0.156416 0.000000 -0.987691
vn 0.454019 0.000000 -0.890992
vn 0.454019 0.000000 -0.890992
vn 0.707144 0.000000 -0.707070
vn 0.707144 0.000000 -0.707070
vn 0.891013 0.000000 -0.453979
vn 0.891013 0.000000 -0.453979
vn 0.987687 0.000000 -0.156443
vn 0.987687 0.000000 -0.156443
vn 0.987687 0.000000 0.156443
vn 0.987687 0.000000 0.156443
vn 0.891012 0.000000 0.453979
vn 0.891012 0.000000 0.453979
vn 0.707089 0.000000 0.707125
vn 0.707089 0.000000 0.707125
vn 0.453932 0.000000 0.891036
vn 0.453932 0.000000 0.891036
vn 0.156450 0.000000 0.987686
vn 0.156450 0.000000 0.987686
vn -0.156450 0.000000 0.987686
vn -0.156450 0.000000 0.987686
vn -0.454019 0.000000 0.890992
vn -0.454019 0.000000 0.890992
vn -0.707089 0.000000 0.707124
vn -0.707089 0.000000 0.707124
vn -0.891013 0.000000 0.453979
vn -0.891013 0.000000 0.453979
vn -1.000000 0.000000 -0.000000
vn -0.951057 0.000000 0.309017
vn -0.951056 0.000000 0.309020
vn -1.000000 0.000000 0.000000
vn -0.951057 0.000000 -0.309017
vn -0.951056 0.000000 -0.309020
vn -0.809017 0.000000 -0.587785
vn -0.809023 0.000000 -0.587777
vn -0.587785 -0.000000 -0.809017
vn -0.587799 0.000000 -0.809007
vn -0.309018 -0.000000 -0.951056
vn -0.309028 0.000000 -0.951053
vn -0.000000 -0.000000 -1.000000
vn -0.000000 0.000000 -1.000000
vn 0.309017 0.000000 -0.951057
vn 0.309027 0.000000 -0.951053
vn 0.587785 0.000000 -0.809017
vn 0.587813 0.000000 -0.808997
vn 0.809017 0.000000 -0.587786
vn 0.809033 0.000000 -0.587763
vn 0.951057 0.000000 -0.309016
vn 0.951056 0.000000 -0.309020
vn 1.000000 0.000000 0.000001
vn 1.000000 0.000000 0.000000
vn 0.951056 0.000000 0.309017
vn 0.951056 0.000000 0.309020
vn 0.809017 -0.000000 0.587785
vn 0.809033 0.000000 0.587763
vn 0.587785 -0.000000 0.809017
vn 0.587812 0.000000 0.808997
vn 0.309017 -0.000000 0.951057
vn 0.309008 0.000000 0.951060
vn 0.000000 -0.000000 1.000000
vn 0.000000 0.000000 1.000000
vn -0.309017 0.000000 0.951056
vn -0.309027 0.000000 0.951053
vn -0.587786 -0.000000 0.809017
vn -0.587812 0.000000 0.808997
vn -0.809017 -0.000000 0.587785
vn -0.809033 0.000000 0.587763
vn -0.951056 0.000000 0.309017
vn -1.000000 0.000000 -0.000000
vn -0.951056 0.000000 -0.309017
vn -0.809017 0.000000 -0.587786
vn -0.587784 -0.000000 -0.809018
vn -0.309017 -0.000000 -0.951057
vn -0.000000 -0.000000 -1.000000
vn 0.309017 0.000000 -0.951057
vn 0.587784 0.000000 -0.809018
vn 0.809016 0.000000 -0.587787
vn 0.951057 0.000000 -0.309016
vn 1.000000 0.000000 0.000001
vn 0.951056 0.000000 0.309017
vn 0.809017 -0.000000 0.587786
vn 0.587784 -0.000000 0.809018
vn 0.309017 -0.000000 0.951057
vn 0.000000 -0.000000 1.000000
vn -0.309017 0.000000 0.951057
vn -0.587785 -0.000000 0.809017
vn -0.809017 -0.000000 0.587786
vn 0.000000 -1.000000 -0.000014
vn 0.000000 -1.000000 -0.000014
vn 0.000000 -1.000000 -0.000014
vn 0.000000 -1.000000 0.000007
vn 0.000000 -1.000000 0.000007
vn 0.000000 -1.000000 0.000007
vn 0.000000 -1.000000 0.000007
vn 0.000000 -1.000000 0.000007
vn 0.000000 -1.000000 0.000007
vn 0.000000 -1.000000 -0.000002
vn 0.000000 -1.000000 -0.000002
vn 0.000000 -1.000000 -0.000002
vn 0.000000 -1.000000 0.000004
vn 0.000000 -1.000000 0.000004
vn 0.000000 -1.000000 0.000004
vn 0.000000 -1.000000 -0.000007
vn 0.000000 -1.000000 -0.000007
vn 0.000000 -1.000000 -0.000007
vn 0.000000 -1.000000 0.000000
vn 0.000000 -1.000000 0.000000
vn 0.000000 -1.000000 0.000000
vn 0.000000 -1.000000 0.000000
vn 0.000000 -1.000000 0.000000
vn 0.000000 -1.000000 0.000000
vn 0.000000 -1.000000 0.000000
vn 0.000000 -1.000000 0.000000
vn 0.000000 -1.000000 0.000000
vn 0.000000 -1.000000 0.000000
vn 0.000000 -1.000000 0.000000
vn 0.000000 -1.000000 0.000000
vn 0.000000 -1.000000 0.000014
vn 0.000000 -1.000000 0.000014
vn 0.000000 -1.000000 0.000014
vn 0.000000 -1.000000 0.000000
vn 0.000000 -1.000000 0.000000
vn 0.000000 -1.000000 0.000000
vn 0.000000 -1.000000 0.000004
vn 0.000000 -1.000000 0.000004
vn 0.000000 -1.000000 0.000004
vn 0.000000 -1.000000 -0.000000
vn 0.000000 -1.000000 -0.000000
vn 0.000000 -1.000000 -0.000000
vn 0.000000 -1.000000 0.000000
vn 0.000000 -1.000000 0.000000
vn 0.000000 -1.000000 0.000000
vn 0.000000 -1.000000 -0.000007
vn 0.000000 -1.000000 -0.000007
vn 0.000000 -1.000000 -0.000007
vn 0.000000 -1.000000 0.000014
vn 0.000000 -1.000000 0.000014
vn 0.000000 -1.000000 0.000014
vn 0.000000 -1.000000 0.000000
vn 0.000000 -1.000000 0.000000
vn 0.000000 -1.000000 0.000000
vn 0.000000 -1.000000 0.000000
vn 0.000000 -1.000000 0.000000
vn 0.000000 -1.000000 0.000000
vn 0.000000 -1.000000 0.000000
vn 0.000000 -1.000000 0.000000
vn 0.000000 -1.000000 0.000000
vn 0.269691 -0.958952 -0.087627
vn 0.229413 -0.958950 -0.166688
vn 0.809012 0.003662 -0.587781
vn 0.951051 0.003662 -0.309014
vn 0.166678 -0.958950 -0.229421
vn 0.587781 0.003662 -0.809012
vn 0.087628 -0.958956 -0.269676
vn 0.309015 0.003663 -0.951050
vn -0.000000 -0.958961 -0.283539
vn -0.000000 0.003663 -0.999993
vn -0.087629 -0.958957 -0.269672
vn -0.309015 0.003663 -0.951050
vn -0.166679 -0.958954 -0.229402
vn -0.587782 0.003662 -0.809011
vn -0.229413 -0.958951 -0.166682
vn -0.809012 0.003663 -0.587781
vn -0.269692 -0.958951 -0.087633
vn -0.951050 0.003663 -0.309015
vn -0.283571 -0.958951 0.000006
vn -0.999993 0.003662 0.000000
vn -0.269692 -0.958952 0.087621
vn -0.951050 0.003662 0.309015
vn -0.229413 -0.958950 0.166687
vn -0.809011 0.003662 0.587783
vn -0.166678 -0.958948 0.229427
vn -0.587781 0.003662 0.809012
vn -0.087627 -0.958944 0.269720
vn -0.309015 0.003663 0.951050
vn 0.000000 -0.958935 0.283626
vn 0.000001 0.003663 0.999993
vn 0.087628 -0.958954 0.269681
vn 0.309016 0.003663 0.951050
vn 0.166680 -0.958959 0.229379
vn 0.587781 0.003663 0.809012
vn 0.229413 -0.958952 0.166673
vn 0.809011 0.003663 0.587782
vn 0.269692 -0.958953 0.087609
vn 0.951050 0.003662 0.309015
vn 0.283570 -0.958952 -0.000006
vn 0.999993 0.003662 0.000001
vn 0.882202 0.140237 -0.449504
vn 0.882202 0.140237 -0.449504
vn 0.882202 0.140237 -0.449504
vn 0.882202 0.140237 -0.449504
vn 0.700119 0.140237 -0.700119
vn 0.700119 0.140237 -0.700119
vn 0.700119 0.140237 -0.700119
vn 0.700119 0.140237 -0.700119
vn 0.449505 0.140237 -0.882201
vn 0.449505 0.140237 -0.882201
vn 0.449505 0.140237 -0.882201
vn 0.449505 0.140237 -0.882201
vn 0.154887 0.140237 -0.977928
vn 0.154887 0.140237 -0.977928
vn 0.154887 0.140237 -0.977928
vn 0.154887 0.140237 -0.977928
vn -0.154887 0.140237 -0.977928
vn -0.154887 0.140237 -0.977928
vn -0.154887 0.140237 -0.977928
vn -0.154887 0.140237 -0.977928
vn -0.449505 0.140237 -0.882201
vn -0.449505 0.140237 -0.882201
vn -0.449505 0.140237 -0.882201
vn -0.449505 0.140237 -0.882201
vn -0.700120 0.140237 -0.700118
vn -0.700120 0.140237 -0.700118
vn -0.700120 0.140237 -0.700118
vn -0.700120 0.140237 -0.700118
vn -0.882202 0.140237 -0.449504
vn -0.882202 0.140237 -0.449504
vn -0.882202 0.140237 -0.449504
vn -0.882202 0.140237 -0.449504
vn -0.977928 0.140237 -0.154889
vn -0.977928 0.140237 -0.154889
vn -0.977928 0.140237 -0.154889
vn -0.977928 0.140237 -0.154889
vn -0.977928 0.140237 0.154889
vn -0.977928 0.140237 0.154889
vn -0.977928 0.140237 0.154889
vn -0.977928 0.140237 0.154889
vn -0.882201 0.140237 0.449506
vn -0.882201 0.140237 0.449506
vn -0.882201 0.140237 0.449506
vn -0.882201 0.140237 0.449506
vn -0.700120 0.140237 0.700118
vn -0.700120 0.140237 0.700118
vn -0.700120 0.140237 0.700118
vn -0.700120 0.140237 0.700118
vn -0.449503 0.140236 0.882202
vn -0.449503 0.140236 0.882202
vn -0.449503 0.140236 0.882202
vn -0.449503 0.140236 0.882202
vn -0.154890 0.140237 0.977928
vn -0.154890 0.140237 0.977928
vn -0.154890 0.140237 0.977928
vn -0.154890 0.140237 0.977928
vn 0.154889 0.140236 0.977928
vn 0.154889 0.140236 0.977928
vn 0.154889 0.140236 0.977928
vn 0.154889 0.140236 0.977928
vn 0.449504 0.140237 0.882202
vn 0.449504 0.140237 0.882202
vn 0.449504 0.140237 0.882202
vn 0.449504 0.140237 0.882202
vn 0.700119 0.140236 0.700119
vn 0.700119 0.140236 0.700119
vn 0.700119 0.140236 0.700119
vn 0.700119 0.140236 0.700119
vn 0.882202 0.140236 0.449504
vn 0.882202 0.140236 0.449504
vn 0.882202 0.140236 0.449504
vn 0.882202 0.140236 0.449504
vn 0.977928 0.140237 0.154889
vn 0.977928 0.140237 0.154889
vn 0.977928 0.140237 0.154889
vn 0.977928 0.140237 0.154889
vn 0.977928 0.140237 -0.154889
vn 0.977928 0.140237 -0.154889
vn 0.977928 0.140237 -0.154889
vn 0.977928 0.140237 -0.154889
vn 0.880466 0.153364 -0.448620
vn 0.880466 0.153364 -0.448620
vn 0.880466 0.153364 -0.448620
vn 0.880466 0.153364 -0.448620
vn 0.698741 0.153364 -0.698743
vn 0.698741 0.153364 -0.698743
vn 0.698741 0.153364 -0.698743
vn 0.698741 0.153364 -0.698743
vn 0.448619 0.153364 -0.880466
vn 0.448619 0.153364 -0.880466
vn 0.448619 0.153364 -0.880466
vn 0.448619 0.153364 -0.880466
vn 0.154581 0.153363 -0.976004
vn 0.154581 0.153363 -0.976004
vn 0.154581 0.153363 -0.976004
vn 0.154581 0.153363 -0.976004
vn -0.154582 0.153364 -0.976004
vn -0.154582 0.153364 -0.976004
vn -0.154582 0.153364 -0.976004
vn -0.154582 0.153364 -0.976004
vn -0.448623 0.153366 -0.880464
vn -0.448623 0.153366 -0.880464
vn -0.448623 0.153366 -0.880464
vn -0.448623 0.153366 -0.880464
vn -0.698740 0.153364 -0.698744
vn -0.698739 0.153364 -0.698744
vn -0.698740 0.153364 -0.698744
vn -0.698739 0.153364 -0.698744
vn -0.880466 0.153365 -0.448619
vn -0.880466 0.153365 -0.448619
vn -0.880466 0.153365 -0.448619
vn -0.880466 0.153365 -0.448619
vn -0.976004 0.153365 -0.154584
vn -0.976004 0.153365 -0.154584
vn -0.976004 0.153365 -0.154584
vn -0.976004 0.153365 -0.154584
vn -0.976003 0.153365 0.154585
vn -0.976003 0.153365 0.154585
vn -0.976003 0.153365 0.154585
vn -0.976003 0.153365 0.154585
vn -0.880465 0.153365 0.448620
vn -0.880465 0.153365 0.448620
vn -0.880465 0.153365 0.448620
vn -0.880465 0.153365 0.448620
vn -0.698740 0.153365 0.698743
vn -0.698740 0.153365 0.698743
vn -0.698740 0.153365 0.698743
vn -0.698740 0.153365 0.698743
vn -0.448619 0.153364 0.880466
vn -0.448619 0.153364 0.880466
vn -0.448619 0.153364 0.880466
vn -0.448619 0.153364 0.880466
vn -0.154585 0.153365 0.976003
vn -0.154585 0.153365 0.976003
vn -0.154585 0.153365 0.976003
vn -0.154585 0.153365 0.976003
vn 0.154586 0.153366 0.976003
vn 0.154586 0.153366 0.976003
vn 0.154586 0.153366 0.976003
vn 0.154586 0.153366 0.976003
vn 0.448620 0.153365 0.880466
vn 0.448620 0.153365 0.880466
vn 0.448620 0.153365 0.880466
vn 0.448620 0.153365 0.880466
vn 0.698740 0.153365 0.698743
vn 0.698740 0.153365 0.698743
vn 0.698740 0.153365 0.698743
vn 0.698740 0.153365 0.698743
vn 0.880465 0.153365 0.448620
vn 0.880465 0.153365 0.448620
vn 0.880465 0.153365 0.448620
vn 0.880465 0.153365 0.448620
vn 0.976003 0.153364 0.154585
vn 0.976004 0.153364 0.154585
vn 0.976004 0.153364 0.154585
vn 0.976003 0.153364 0.154585
vn 0.976004 0.153364 -0.154582
vn 0.976004 0.153364 -0.154582
vn 0.976004 0.153364 -0.154582
vn 0.976004 0.153364 -0.154582
vn 0.809633 0.417512 -0.412526
vn 0.809633 0.417511 -0.412526
vn 0.809633 0.417512 -0.412526
vn 0.809633 0.417511 -0.412526
vn 0.642529 0.417512 -0.642527
vn 0.642529 0.417512 -0.642527
vn 0.642529 0.417512 -0.642527
vn 0.642529 0.417512 -0.642527
vn 0.412530 0.417513 -0.809631
vn 0.412530 0.417513 -0.809631
vn 0.412530 0.417513 -0.809631
vn 0.412530 0.417513 -0.809631
vn 0.142148 0.417513 -0.897484
vn 0.142148 0.417513 -0.897484
vn 0.142148 0.417513 -0.897484
vn 0.142148 0.417513 -0.897484
vn -0.142147 0.417508 -0.897486
vn -0.142147 0.417508 -0.897486
vn -0.142147 0.417508 -0.897486
vn -0.142147 0.417508 -0.897486
vn -0.412527 0.417508 -0.809635
vn -0.412527 0.417508 -0.809634
vn -0.412527 0.417508 -0.809634
vn -0.412527 0.417508 -0.809635
vn -0.642531 0.417511 -0.642525
vn -0.642531 0.417511 -0.642525
vn -0.642531 0.417511 -0.642525
vn -0.642531 0.417511 -0.642525
vn -0.809633 0.417509 -0.412530
vn -0.809633 0.417509 -0.412530
vn -0.809632 0.417509 -0.412530
vn -0.809633 0.417509 -0.412530
vn -0.897486 0.417510 -0.142145
vn -0.897486 0.417510 -0.142145
vn -0.897485 0.417510 -0.142145
vn -0.897486 0.417510 -0.142145
vn -0.897486 0.417510 0.142145
vn -0.897486 0.417510 0.142145
vn -0.897486 0.417510 0.142145
vn -0.897485 0.417510 0.142145
vn -0.809631 0.417509 0.412534
vn -0.809631 0.417509 0.412534
vn -0.809631 0.417509 0.412534
vn -0.809631 0.417509 0.412534
vn -0.642531 0.417512 0.642525
vn -0.642531 0.417512 0.642525
vn -0.642531 0.417511 0.642525
vn -0.642531 0.417512 0.642525
vn -0.412532 0.417513 0.809630
vn -0.412532 0.417513 0.809630
vn -0.412532 0.417513 0.809630
vn -0.412532 0.417513 0.809630
vn -0.142149 0.417513 0.897483
vn -0.142149 0.417513 0.897483
vn -0.142149 0.417513 0.897483
vn -0.142149 0.417513 0.897483
vn 0.142146 0.417504 0.897488
vn 0.142146 0.417504 0.897488
vn 0.142146 0.417504 0.897488
vn 0.142146 0.417504 0.897488
vn 0.412531 0.417511 0.809631
vn 0.412531 0.417511 0.809631
vn 0.412531 0.417511 0.809631
vn 0.412531 0.417511 0.809631
vn 0.642531 0.417512 0.642525
vn 0.642531 0.417512 0.642525
vn 0.642531 0.417512 0.642525
vn 0.642531 0.417512 0.642525
vn 0.809631 0.417509 0.412534
vn 0.809631 0.417509 0.412534
vn 0.809631 0.417509 0.412534
vn 0.809631 0.417509 0.412534
vn 0.897486 0.417511 0.142137
vn 0.897486 0.417511 0.142137
vn 0.897486 0.417511 0.142137
vn 0.897486 0.417511 0.142137
vn 0.897485 0.417511 -0.142145
vn 0.897485 0.417511 -0.142145
vn 0.897485 0.417511 -0.142145
vn 0.897485 0.417511 -0.142145
vn 0.739040 0.558583 -0.376570
vn 0.739041 0.558583 -0.376570
vn 0.739040 0.558583 -0.376570
vn 0.739040 0.558583 -0.376570
vn 0.586511 0.558588 -0.586502
vn 0.586511 0.558588 -0.586502
vn 0.586511 0.558588 -0.586502
vn 0.586511 0.558588 -0.586502
vn 0.376558 0.558581 -0.739048
vn 0.376558 0.558581 -0.739048
vn 0.376558 0.558581 -0.739048
vn 0.376558 0.558581 -0.739048
vn 0.129754 0.558588 -0.819234
vn 0.129754 0.558588 -0.819234
vn 0.129754 0.558588 -0.819234
vn 0.129754 0.558588 -0.819234
vn -0.129755 0.558590 -0.819232
vn -0.129755 0.558590 -0.819232
vn -0.129755 0.558590 -0.819232
vn -0.129755 0.558590 -0.819232
vn -0.376560 0.558584 -0.739045
vn -0.376560 0.558584 -0.739045
vn -0.376560 0.558584 -0.739045
vn -0.376560 0.558584 -0.739045
vn -0.586504 0.558582 -0.586515
vn -0.586504 0.558582 -0.586515
vn -0.586504 0.558582 -0.586515
vn -0.586504 0.558582 -0.586515
vn -0.739040 0.558583 -0.376569
vn -0.739040 0.558583 -0.376569
vn -0.739040 0.558583 -0.376569
vn -0.739040 0.558583 -0.376569
vn -0.819237 0.558585 -0.129745
vn -0.819237 0.558585 -0.129745
vn -0.819237 0.558585 -0.129745
vn -0.819237 0.558585 -0.129745
vn -0.819237 0.558586 0.129745
vn -0.819237 0.558586 0.129745
vn -0.819237 0.558586 0.129745
vn -0.819237 0.558586 0.129745
vn -0.739040 0.558583 0.376570
vn -0.739040 0.558583 0.376570
vn -0.739040 0.558583 0.376570
vn -0.739040 0.558583 0.376570
vn -0.586509 0.558585 0.586506
vn -0.586509 0.558585 0.586506
vn -0.586509 0.558585 0.586506
vn -0.586509 0.558585 0.586506
vn -0.376562 0.558586 0.739042
vn -0.376562 0.558586 0.739042
vn -0.376562 0.558586 0.739042
vn -0.376562 0.558586 0.739042
vn -0.129754 0.558585 0.819235
vn -0.129754 0.558585 0.819235
vn -0.129754 0.558585 0.819235
vn -0.129754 0.558585 0.819235
vn 0.129756 0.558591 0.819231
vn 0.129756 0.558591 0.819231
vn 0.129756 0.558591 0.819231
vn 0.129756 0.558591 0.819231
vn 0.376560 0.558583 0.739045
vn 0.376560 0.558583 0.739045
vn 0.376560 0.558583 0.739045
vn 0.376560 0.558583 0.739045
vn 0.586509 0.558585 0.586506
vn 0.586509 0.558585 0.586506
vn 0.586509 0.558585 0.586506
vn 0.586509 0.558585 0.586506
vn 0.739042 0.558584 0.376564
vn 0.739042 0.558585 0.376564
vn 0.739042 0.558585 0.376564
vn 0.739042 0.558584 0.376564
vn 0.819235 0.558585 0.129758
vn 0.819235 0.558585 0.129758
vn 0.819235 0.558585 0.129758
vn 0.819235 0.558585 0.129758
vn 0.819237 0.558585 -0.129745
vn 0.819237 0.558585 -0.129745
vn 0.819237 0.558585 -0.129745
vn 0.819237 0.558585 -0.129745
vn 0.566775 0.771602 -0.288784
vn 0.566775 0.771602 -0.288784
vn 0.566775 0.771602 -0.288784
vn 0.566775 0.771602 -0.288784
vn 0.449790 0.771594 -0.449813
vn 0.449790 0.771594 -0.449813
vn 0.449790 0.771594 -0.449813
vn 0.449790 0.771594 -0.449813
vn 0.288786 0.771601 -0.566775
vn 0.288786 0.771601 -0.566775
vn 0.288786 0.771602 -0.566775
vn 0.288786 0.771601 -0.566775
vn 0.099508 0.771596 -0.628282
vn 0.099508 0.771596 -0.628282
vn 0.099508 0.771595 -0.628282
vn 0.099508 0.771596 -0.628282
vn -0.099509 0.771605 -0.628270
vn -0.099509 0.771605 -0.628270
vn -0.099509 0.771605 -0.628270
vn -0.099509 0.771605 -0.628270
vn -0.288787 0.771603 -0.566772
vn -0.288787 0.771603 -0.566772
vn -0.288787 0.771603 -0.566772
vn -0.288787 0.771603 -0.566772
vn -0.449796 0.771604 -0.449791
vn -0.449796 0.771604 -0.449791
vn -0.449796 0.771604 -0.449791
vn -0.449796 0.771604 -0.449791
vn -0.566775 0.771602 -0.288784
vn -0.566775 0.771602 -0.288784
vn -0.566775 0.771602 -0.288784
vn -0.566775 0.771602 -0.288784
vn -0.628275 0.771601 -0.099509
vn -0.628275 0.771601 -0.099509
vn -0.628275 0.771601 -0.099509
vn -0.628275 0.771601 -0.099509
vn -0.628275 0.771601 0.099509
vn -0.628275 0.771601 0.099509
vn -0.628275 0.771601 0.099509
vn -0.628275 0.771601 0.099509
vn -0.566775 0.771602 0.288784
vn -0.566775 0.771602 0.288784
vn -0.566775 0.771602 0.288784
vn -0.566775 0.771602 0.288784
vn -0.449794 0.771600 0.449798
vn -0.449794 0.771600 0.449798
vn -0.449794 0.771600 0.449798
vn -0.449794 0.771600 0.449798
vn -0.288786 0.771601 0.566776
vn -0.288786 0.771601 0.566776
vn -0.288786 0.771601 0.566776
vn -0.288786 0.771601 0.566776
vn -0.099509 0.771596 0.628282
vn -0.099509 0.771596 0.628282
vn -0.099509 0.771596 0.628282
vn -0.099509 0.771596 0.628282
vn 0.099510 0.771606 0.628269
vn 0.099510 0.771606 0.628269
vn 0.099510 0.771606 0.628269
vn 0.099510 0.771606 0.628269
vn 0.288785 0.771599 0.566779
vn 0.288785 0.771599 0.566779
vn 0.288785 0.771599 0.566779
vn 0.288785 0.771599 0.566779
vn 0.449792 0.771597 0.449806
vn 0.449792 0.771597 0.449806
vn 0.449792 0.771597 0.449806
vn 0.449792 0.771597 0.449806
vn 0.566778 0.771606 0.288766
vn 0.566778 0.771606 0.288766
vn 0.566778 0.771606 0.288766
vn 0.566778 0.771606 0.288766
vn 0.628275 0.771602 0.099509
vn 0.628275 0.771602 0.099509
vn 0.628275 0.771602 0.099509
vn 0.628275 0.771602 0.099509
vn 0.628273 0.771600 -0.099528
vn 0.628273 0.771600 -0.099528
vn 0.628273 0.771600 -0.099528
vn 0.628273 0.771600 -0.099528
vn 0.359223 0.915125 -0.183043
vn 0.359223 0.915125 -0.183043
vn 0.359223 0.915125 -0.183043
vn 0.359223 0.915125 -0.183043
vn 0.285083 0.915133 -0.285059
vn 0.285083 0.915133 -0.285059
vn 0.285083 0.915133 -0.285059
vn 0.285083 0.915133 -0.285059
vn 0.183033 0.915122 -0.359235
vn 0.183033 0.915122 -0.359235
vn 0.183033 0.915122 -0.359235
vn 0.183033 0.915122 -0.359235
vn 0.063069 0.915124 -0.398208
vn 0.063069 0.915124 -0.398208
vn 0.063069 0.915124 -0.398208
vn 0.063069 0.915124 -0.398208
vn -0.063069 0.915126 -0.398204
vn -0.063069 0.915126 -0.398204
vn -0.063069 0.915126 -0.398204
vn -0.063069 0.915126 -0.398204
vn -0.183033 0.915122 -0.359235
vn -0.183033 0.915122 -0.359235
vn -0.183033 0.915122 -0.359235
vn -0.183033 0.915122 -0.359235
vn -0.285081 0.915125 -0.285088
vn -0.285081 0.915125 -0.285088
vn -0.285081 0.915125 -0.285088
vn -0.285081 0.915125 -0.285088
vn -0.359225 0.915130 -0.183013
vn -0.359225 0.915130 -0.183013
vn -0.359225 0.915130 -0.183013
vn -0.359225 0.915130 -0.183013
vn -0.398203 0.915128 -0.063041
vn -0.398203 0.915128 -0.063041
vn -0.398203 0.915129 -0.063041
vn -0.398203 0.915129 -0.063041
vn -0.398203 0.915129 0.063041
vn -0.398203 0.915128 0.063041
vn -0.398203 0.915128 0.063041
vn -0.398203 0.915129 0.063041
vn -0.359223 0.915125 0.183043
vn -0.359223 0.915125 0.183043
vn -0.359223 0.915125 0.183043
vn -0.359223 0.915125 0.183043
vn -0.285081 0.915125 0.285088
vn -0.285081 0.915125 0.285088
vn -0.285081 0.915125 0.285088
vn -0.285081 0.915125 0.285088
vn -0.183033 0.915122 0.359236
vn -0.183033 0.915122 0.359236
vn -0.183033 0.915122 0.359236
vn -0.183033 0.915122 0.359236
vn -0.063070 0.915135 0.398183
vn -0.063070 0.915135 0.398183
vn -0.063070 0.915135 0.398183
vn -0.063070 0.915135 0.398183
vn 0.063069 0.915123 0.398211
vn 0.063069 0.915123 0.398211
vn 0.063069 0.915123 0.398211
vn 0.063069 0.915123 0.398211
vn 0.183033 0.915122 0.359236
vn 0.183033 0.915122 0.359236
vn 0.183033 0.915122 0.359236
vn 0.183033 0.915122 0.359236
vn 0.285081 0.915125 0.285088
vn 0.285081 0.915125 0.285088
vn 0.285081 0.915125 0.285088
vn 0.285081 0.915125 0.285088
vn 0.359223 0.915125 0.183044
vn 0.359223 0.915125 0.183044
vn 0.359223 0.915125 0.183044
vn 0.359223 0.915125 0.183044
vn 0.398203 0.915127 0.063072
vn 0.398203 0.915127 0.063072
vn 0.398203 0.915127 0.063072
vn 0.398203 0.915127 0.063072
vn 0.398202 0.915127 -0.063072
vn 0.398202 0.915127 -0.063072
vn 0.398202 0.915127 -0.063072
vn 0.398202 0.915127 -0.063072
vn 0.082067 0.995748 -0.041843
vn 0.082067 0.995748 -0.041843
vn 0.082067 0.995748 -0.041843
vn 0.065129 0.995749 -0.065130
vn 0.065129 0.995749 -0.065130
vn 0.065129 0.995749 -0.065130
vn 0.041815 0.995743 -0.082139
vn 0.041815 0.995743 -0.082139
vn 0.041815 0.995743 -0.082139
vn 0.014409 0.995754 -0.090918
vn 0.014409 0.995754 -0.090918
vn 0.014409 0.995754 -0.090918
vn -0.014409 0.995748 -0.090992
vn -0.014409 0.995748 -0.090992
vn -0.014409 0.995747 -0.090992
vn -0.041815 0.995747 -0.082094
vn -0.041815 0.995747 -0.082094
vn -0.041815 0.995747 -0.082094
vn -0.065129 0.995755 -0.065039
vn -0.065129 0.995755 -0.065039
vn -0.065129 0.995755 -0.065039
vn -0.082067 0.995748 -0.041843
vn -0.082067 0.995748 -0.041843
vn -0.082067 0.995748 -0.041843
vn -0.090972 0.995749 -0.014463
vn -0.090972 0.995748 -0.014463
vn -0.090972 0.995749 -0.014463
vn -0.090972 0.995749 0.014463
vn -0.090972 0.995749 0.014463
vn -0.090972 0.995749 0.014463
vn -0.082067 0.995748 0.041843
vn -0.082067 0.995748 0.041843
vn -0.082067 0.995748 0.041843
vn -0.065129 0.995755 0.065039
vn -0.065129 0.995755 0.065039
vn -0.065129 0.995755 0.065039
vn -0.041815 0.995751 0.082049
vn -0.041815 0.995751 0.082049
vn -0.041815 0.995751 0.082049
vn -0.014409 0.995746 0.091008
vn -0.014409 0.995746 0.091008
vn -0.014409 0.995746 0.091008
vn 0.014409 0.995749 0.090976
vn 0.014409 0.995749 0.090976
vn 0.014409 0.995749 0.090976
vn 0.041815 0.995747 0.082094
vn 0.041815 0.995747 0.082094
vn 0.041815 0.995747 0.082094
vn 0.065129 0.995743 0.065220
vn 0.065129 0.995743 0.065220
vn 0.065129 0.995743 0.065220
vn 0.082068 0.995752 0.041752
vn 0.082068 0.995752 0.041752
vn 0.082068 0.995752 0.041752
vn 0.090972 0.995749 0.014463
vn 0.090972 0.995749 0.014463
vn 0.090972 0.995749 0.014463
vn 0.090972 0.995750 -0.014372
vn 0.090972 0.995750 -0.014372
vn 0.090972 0.995750 -0.014372
vn -0.308786 0.038718 0.950343
vn -0.587345 0.038718 0.808410
vn -0.808410 0.038718 0.587346
vn -0.950343 0.038718 0.308786
vn -0.999250 0.038718 -0.000000
vn -0.950344 0.038718 -0.308785
vn -0.808411 0.038718 -0.587344
vn -0.587345 0.038718 -0.808410
vn -0.308785 0.038718 -0.950343
vn -0.000000 0.038718 -0.999250
vn 0.308785 0.038718 -0.950344
vn 0.587344 0.038718 -0.808411
vn 0.808411 0.038718 -0.587344
vn 0.950344 0.038718 -0.308784
vn 0.999250 0.038718 0.000001
vn 0.950343 0.038718 0.308786
vn 0.808410 0.038718 0.587345
vn 0.587344 0.038718 0.808411
vn 0.308786 0.038718 0.950343
vn 0.000001 0.038718 0.999250
vn 0.000000 -1.000000 0.000000
vn 0.000000 -1.000000 0.000000
vn 0.000000 -1.000000 0.000000
vn 0.000000 -1.000000 -0.000015
vn 0.000000 -1.000000 -0.000015
vn 0.000000 -1.000000 -0.000015
vn 0.000000 -1.000000 0.000008
vn 0.000000 -1.000000 0.000008
vn 0.000000 -1.000000 0.000008
vn 0.000000 -1.000000 0.000002
vn 0.000000 -1.000000 0.000002
vn 0.000000 -1.000000 0.000002
vn 0.000000 -1.000000 -0.000008
vn 0.000000 -1.000000 -0.000008
vn 0.000000 -1.000000 -0.000008
vn 0.000000 -1.000000 0.000015
vn 0.000000 -1.000000 0.000015
vn 0.000000 -1.000000 0.000015
vn 0.000000 -1.000000 0.000000
vn 0.000000 -1.000000 0.000000
vn 0.000000 -1.000000 0.000000
vn 0.000000 -1.000000 0.000000
vn 0.000000 -1.000000 0.000000
vn 0.000000 -1.000000 0.000000
vn 0.000000 -1.000000 0.000000
vn 0.000000 -1.000000 0.000000
vn 0.000000 -1.000000 0.000000
vn 0.000000 -1.000000 0.000000
vn 0.000000 -1.000000 0.000000
vn 0.000000 -1.000000 0.000000
vn 0.000000 -1.000000 -0.000015
vn 0.000000 -1.000000 -0.000015
vn 0.000000 -1.000000 -0.000015
vn 0.000000 -1.000000 0.000015
vn 0.000000 -1.000000 0.000015
vn 0.000000 -1.000000 0.000015
vn 0.000000 -1.000000 -0.000008
vn 0.000000 -1.000000 -0.000008
vn 0.000000 -1.000000 -0.000008
vn 0.000000 -1.000000 0.000002
vn 0.000000 -1.000000 0.000002
vn 0.000000 -1.000000 0.000002
vn 0.000000 -1.000000 0.000000
vn 0.000000 -1.000000 0.000000
vn 0.000000 -1.000000 0.000000
vn 0.000000 -1.000000 0.000000
vn 0.000000 -1.000000 0.000000
vn 0.000000 -1.000000 0.000000
vn 0.000000 -1.000000 0.000000
vn 0.000000 -1.000000 0.000000
vn 0.000000 -1.000000 0.000000
vn 0.000000 -1.000000 0.000000
vn 0.000000 -1.000000 0.000000
vn 0.000000 -1.000000 0.000000
vn 0.000000 -1.000000 0.000000
vn 0.000000 -1.000000 0.000000
vn 0.000000 -1.000000 0.000000
vn 0.000000 -1.000000 0.000000
vn 0.000000 -1.000000 0.000000
vn 0.000000 -1.000000 0.000000
s 1
g pen_GEO
usemtl aiStandardSurface4SG
f 1/1/1 2/2/2 22/23/3 21/22/4
f 2/2/2 3/3/5 23/24/6 22/23/3
f 3/3/5 4/4/7 24/25/8 23/24/6
f 4/4/7 5/5/9 25/26/10 24/25/8
f 5/5/9 6/6/11 26/27/12 25/26/10
f 6/6/11 7/7/13 27/28/14 26/27/12
f 7/7/13 8/8/15 28/29/16 27/28/14
f 8/8/15 9/9/17 29/30/18 28/29/16
f 9/9/17 10/10/19 30/31/20 29/30/18
f 10/10/19 11/11/21 31/32/22 30/31/20
f 11/11/21 12/12/23 32/33/24 31/32/22
f 12/12/23 13/13/25 33/34/26 32/33/24
f 13/13/25 14/14/27 34/35/28 33/34/26
f 14/14/27 15/15/29 35/36/30 34/35/28
f 15/15/29 16/16/31 36/37/32 35/36/30
f 16/16/31 17/17/33 37/38/34 36/37/32
f 17/17/33 18/18/35 38/39/36 37/38/34
f 18/18/35 19/19/37 39/40/38 38/39/36
f 19/19/37 20/20/39 40/41/40 39/40/38
f 20/20/39 1/21/1 21/42/4 40/41/40
s off
f 21/43/41 22/44/42 42/45/43 41/46/44
f 22/47/45 23/48/46 43/49/47 42/50/48
f 23/51/49 24/52/50 44/53/51 43/54/52
f 24/55/53 25/56/54 45/57/55 44/58/56
f 25/59/57 26/60/58 46/61/59 45/62/60
f 26/63/61 27/64/62 47/65/63 46/66/64
f 27/67/65 28/68/66 48/69/67 47/70/68
f 28/71/69 29/72/70 49/73/71 48/74/72
f 29/75/73 30/76/74 50/77/75 49/78/76
f 30/79/77 31/80/78 51/81/79 50/82/80
f 31/83/81 32/84/82 52/85/83 51/86/84
f 32/87/85 33/88/86 53/89/87 52/90/88
f 33/91/89 34/92/90 54/93/91 53/94/92
f 34/95/93 35/96/94 55/97/95 54/98/96
f 35/99/97 36/100/98 56/101/99 55/102/100
f 36/103/101 37/104/102 57/105/103 56/106/104
f 37/107/105 38/108/106 58/109/107 57/110/108
f 38/111/109 39/112/110 59/113/111 58/114/112
f 39/115/113 40/116/114 60/117/115 59/118/116
f 40/119/117 21/120/118 41/121/119 60/122/120
f 41/123/121 42/124/122 62/125/123 61/126/124
f 42/127/125 43/128/126 63/129/127 62/130/128
f 43/131/129 44/132/130 64/133/131 63/134/132
f 44/135/133 45/136/134 65/137/135 64/138/136
f 45/139/137 46/140/138 66/141/139 65/142/140
f 46/143/141 47/144/142 67/145/143 66/146/144
f 47/147/145 48/148/146 68/149/147 67/150/148
f 48/151/149 49/152/150 69/153/151 68/154/152
f 49/155/153 50/156/154 70/157/155 69/158/156
f 50/159/157 51/160/158 71/161/159 70/162/160
f 51/163/161 52/164/162 72/165/163 71/166/164
f 52/167/165 53/168/166 73/169/167 72/170/168
f 53/171/169 54/172/170 74/173/171 73/174/172
f 54/175/173 55/176/174 75/177/175 74/178/176
f 55/179/177 56/180/178 76/181/179 75/182/180
f 56/183/181 57/184/182 77/185/183 76/186/184
f 57/187/185 58/188/186 78/189/187 77/190/188
f 58/191/189 59/192/190 79/193/191 78/194/192
f 59/195/193 60/196/194 80/197/195 79/198/196
f 60/199/197 41/200/198 61/201/199 80/202/200
f 61/203/201 62/204/202 82/205/203 81/206/204
f 62/207/205 63/208/206 83/209/207 82/210/208
f 63/211/209 64/212/210 84/213/211 83/214/212
f 64/215/213 65/216/214 85/217/215 84/218/216
f 65/219/217 66/220/218 86/221/219 85/222/220
f 66/223/221 67/224/222 87/225/223 86/226/224
f 67/227/225 68/228/226 88/229/227 87/230/228
f 68/231/229 69/232/230 89/233/231 88/234/232
f 69/235/233 70/236/234 90/237/235 89/238/236
f 70/239/237 71/240/238 91/241/239 90/242/240
f 71/243/241 72/244/242 92/245/243 91/246/244
f 72/247/245 73/248/246 93/249/247 92/250/248
f 73/251/249 74/252/250 94/253/251 93/254/252
f 74/255/253 75/256/254 95/257/255 94/258/256
f 75/259/257 76/260/258 96/261/259 95/262/260
f 76/263/261 77/264/262 97/265/263 96/266/264
f 77/267/265 78/268/266 98/269/267 97/270/268
f 78/271/269 79/272/270 99/273/271 98/274/272
f 79/275/273 80/276/274 100/277/275 99/278/276
f 80/279/277 61/280/278 81/281/279 100/282/280
f 81/283/281 82/284/282 102/285/283 101/286/284
f 82/287/285 83/288/286 103/289/287 102/290/288
f 83/291/289 84/292/290 104/293/291 103/294/292
f 84/295/293 85/296/294 105/297/295 104/298/296
f 85/299/297 86/300/298 106/301/299 105/302/300
f 86/303/301 87/304/302 107/305/303 106/306/304
f 87/307/305 88/308/306 108/309/307 107/310/308
f 88/311/309 89/312/310 109/313/311 108/314/312
f 89/315/313 90/316/314 110/317/315 109/318/316
f 90/319/317 91/320/318 111/321/319 110/322/320
f 91/323/321 92/324/322 112/325/323 111/326/324
f 92/327/325 93/328/326 113/329/327 112/330/328
f 93/331/329 94/332/330 114/333/331 113/334/332
f 94/335/333 95/336/334 115/337/335 114/338/336
f 95/339/337 96/340/338 116/341/339 115/342/340
f 96/343/341 97/344/342 117/345/343 116/346/344
f 97/347/345 98/348/346 118/349/347 117/350/348
f 98/351/349 99/352/350 119/353/351 118/354/352
f 99/355/353 100/356/354 120/357/355 119/358/356
f 100/359/357 81/360/358 101/361/359 120/362/360
f 101/363/361 102/364/362 122/365/363 121/366/364
f 102/367/365 103/368/366 123/369/367 122/370/368
f 103/371/369 104/372/370 124/373/371 123/374/372
f 104/375/373 105/376/374 125/377/375 124/378/376
f 105/379/377 106/380/378 126/381/379 125/382/380
f 106/383/381 107/384/382 127/385/383 126/386/384
f 107/387/385 108/388/386 128/389/387 127/390/388
f 108/391/389 109/392/390 129/393/391 128/394/392
f 109/395/393 110/396/394 130/397/395 129/398/396
f 110/399/397 111/400/398 131/401/399 130/402/400
f 111/403/401 112/404/402 132/405/403 131/406/404
f 112/407/405 113/408/406 133/409/407 132/410/408
f 113/411/409 114/412/410 134/413/411 133/414/412
f 114/415/413 115/416/414 135/417/415 134/418/416
f 115/419/417 116/420/418 136/421/419 135/422/420
f 116/423/421 117/424/422 137/425/423 136/426/424
f 117/427/425 118/428/426 138/429/427 137/430/428
f 118/431/429 119/432/430 139/433/431 138/434/432
f 119/435/433 120/436/434 140/437/435 139/438/436
f 120/439/437 101/440/438 121/441/439 140/442/440
s 2
f 121/443/441 122/444/442 363/1283/443 364/1286/444
s 3
f 122/447/445 123/448/446 362/1281/447 363/1284/448
s 4
f 123/451/449 124/452/450 361/1279/451 362/1282/452
s 5
f 124/455/453 125/456/454 360/1277/455 361/1280/456
s 6
f 125/459/457 126/460/458 359/1275/459 360/1278/460
s 7
f 126/463/461 127/464/462 358/1273/463 359/1276/464
s 8
f 127/467/465 128/468/466 357/1271/467 358/1274/468
s 9
f 128/471/469 129/472/470 356/1269/471 357/1272/472
s 10
f 129/475/473 130/476/474 355/1267/475 356/1270/476
s 11
f 130/479/477 131/480/478 354/1265/479 355/1268/480
s 12
f 131/483/481 132/484/482 353/1263/483 354/1266/484
s 13
f 132/487/485 133/488/486 352/1261/487 353/1264/488
s 14
f 133/491/489 134/492/490 351/1259/491 352/1262/492
s 15
f 134/495/493 135/496/494 370/1297/495 351/1260/496
s 16
f 135/499/497 136/500/498 369/1295/499 370/1298/500
s 17
f 136/503/501 137/504/502 368/1293/503 369/1296/504
s 18
f 137/507/505 138/508/506 367/1291/507 368/1294/508
s 19
f 138/511/509 139/512/510 366/1289/511 367/1292/512
s 20
f 139/515/513 140/516/514 365/1287/515 366/1290/516
s 21
f 140/519/517 121/520/518 364/1285/519 365/1288/520
s off
f 141/523/521 142/524/522 162/525/523 161/526/524
f 142/527/525 143/528/526 163/529/527 162/530/528
f 143/531/529 144/532/530 164/533/531 163/534/532
f 144/535/533 145/536/534 165/537/535 164/538/536
f 145/539/537 146/540/538 166/541/539 165/542/540
f 146/543/541 147/544/542 167/545/543 166/546/544
f 147/547/545 148/548/546 168/549/547 167/550/548
f 148/551/549 149/552/550 169/553/551 168/554/552
f 149/555/553 150/556/554 170/557/555 169/558/556
f 150/559/557 151/560/558 171/561/559 170/562/560
f 151/563/561 152/564/562 172/565/563 171/566/564
f 152/567/565 153/568/566 173/569/567 172/570/568
f 153/571/569 154/572/570 174/573/571 173/574/572
f 156/575/573 157/576/574 177/577/575 176/578/576
f 157/579/577 158/580/578 178/581/579 177/582/580
f 158/583/581 159/584/582 179/585/583 178/586/584
f 159/587/585 160/588/586 180/589/587 179/590/588
f 160/591/589 141/592/590 161/593/591 180/594/592
s 22
f 161/595/593 162/596/594 384/1325/595 385/1328/596
s 23
f 162/599/597 163/600/598 383/1323/599 384/1326/600
s 24
f 163/603/601 164/604/602 382/1321/603 383/1324/604
s 25
f 164/607/605 165/608/606 381/1319/607 382/1322/608
s 26
f 165/611/609 166/612/610 380/1317/611 381/1320/612
s 27
f 166/615/613 167/616/614 379/1315/615 380/1318/616
s 28
f 167/619/617 168/620/618 378/1313/619 379/1316/620
s 29
f 168/623/621 169/624/622 377/1311/623 378/1314/624
s 30
f 169/627/625 170/628/626 376/1309/627 377/1312/628
s 31
f 170/631/629 171/632/630 375/1307/631 376/1310/632
s 32
f 171/635/633 172/636/634 374/1305/635 375/1308/636
s 33
f 172/639/637 173/640/638 373/1303/639 374/1306/640
s 34
f 173/643/641 174/644/642 372/1301/643 373/1304/644
s 35
f 174/647/645 175/648/646 371/1299/647 372/1302/648
s 36
f 175/651/649 176/652/650 390/1337/651 371/1300/652
s 37
f 176/655/653 177/656/654 389/1335/655 390/1338/656
s 38
f 177/659/657 178/660/658 388/1333/659 389/1336/660
s 39
f 178/663/661 179/664/662 387/1331/663 388/1334/664
s 40
f 179/667/665 180/668/666 386/1329/667 387/1332/668
s 41
f 180/671/669 161/672/670 385/1327/671 386/1330/672
s 42
f 181/675/673 182/676/674 296/1101/675 297/1104/676
s 43
f 182/679/677 183/680/678 295/1099/679 296/1102/680
s 44
f 183/683/681 184/684/682 294/1097/683 295/1100/684
s 45
f 184/687/685 185/688/686 293/1095/687 294/1098/688
s 46
f 185/691/689 186/692/690 292/1093/691 293/1096/692
s 47
f 186/695/693 187/696/694 291/1091/695 292/1094/696
s 48
f 187/699/697 188/700/698 290/1089/699 291/1092/700
s 49
f 188/703/701 189/704/702 289/1087/703 290/1090/704
s 50
f 189/707/705 190/708/706 288/1085/707 289/1088/708
s 51
f 190/711/709 191/712/710 287/1083/711 288/1086/712
s 52
f 191/715/713 192/716/714 286/1081/715 287/1084/716
s 53
f 192/719/717 193/720/718 285/1079/719 286/1082/720
s 54
f 193/723/721 194/724/722 284/1077/723 285/1080/724
s 55
f 194/727/725 195/728/726 283/1075/727 284/1078/728
s 56
f 195/731/729 196/732/730 302/1113/731 283/1076/732
s 57
f 196/735/733 197/736/734 301/1111/735 302/1114/736
s 58
f 197/739/737 198/740/738 300/1109/739 301/1112/740
s 59
f 198/743/741 199/744/742 299/1107/743 300/1110/744
s 60
f 199/747/745 200/748/746 298/1105/747 299/1108/748
s 61
f 200/751/749 181/752/750 297/1103/751 298/1106/752
s off
f 201/755/753 202/756/754 221/757/755
f 202/758/756 203/759/757 221/760/758
f 203/761/759 204/762/760 221/763/761
f 204/764/762 205/765/763 221/766/764
f 205/767/765 206/768/766 221/769/767
f 206/770/768 207/771/769 221/772/770
f 207/773/771 208/774/772 221/775/773
f 208/776/774 209/777/775 221/778/776
f 209/779/777 210/780/778 221/781/779
f 210/782/780 211/783/781 221/784/782
f 211/785/783 212/786/784 221/787/785
f 212/788/786 213/789/787 221/790/788
f 213/791/789 214/792/790 221/793/791
f 214/794/792 215/795/793 221/796/794
f 215/797/795 216/798/796 221/799/797
f 216/800/798 217/801/799 221/802/800
f 217/803/801 218/804/802 221/805/803
f 218/806/804 219/807/805 221/808/806
f 219/809/807 220/810/808 221/811/809
f 220/812/810 201/813/811 221/814/812
f 2/815/813 1/816/814 222/817/815 223/818/816
f 3/819/817 2/820/818 223/821/819 224/822/820
f 4/823/821 3/824/822 224/825/823 225/826/824
f 5/827/825 4/828/826 225/829/827 226/830/828
f 6/831/829 5/832/830 226/833/831 227/834/832
f 7/835/833 6/836/834 227/837/835 228/838/836
f 8/839/837 7/840/838 228/841/839 229/842/840
f 9/843/841 8/844/842 229/845/843 230/846/844
f 10/847/845 9/848/846 230/849/847 231/850/848
f 11/851/849 10/852/850 231/853/851 232/854/852
f 12/855/853 11/856/854 232/857/855 233/858/856
f 13/859/857 12/860/858 233/861/859 234/862/860
f 14/863/861 13/864/862 234/865/863 235/866/864
f 15/867/865 14/868/866 235/869/867 236/870/868
f 16/871/869 15/872/870 236/873/871 237/874/872
f 17/875/873 16/876/874 237/877/875 238/878/876
f 18/879/877 17/880/878 238/881/879 239/882/880
f 19/883/881 18/884/882 239/885/883 240/886/884
f 20/887/885 19/888/886 240/889/887 241/890/888
f 1/891/889 20/892/890 241/893/891 222/894/892
s 62
f 223/895/893 222/896/894 269/1047/895 270/1050/896
s 63
f 224/899/897 223/900/898 270/1049/899 271/1052/900
s 64
f 225/903/901 224/904/902 271/1051/903 272/1054/904
s 65
f 226/907/905 225/908/906 272/1053/907 273/1056/908
s 66
f 227/911/909 226/912/910 273/1055/911 274/1058/912
s 67
f 228/915/913 227/916/914 274/1057/915 275/1060/916
s 68
f 229/919/917 228/920/918 275/1059/919 276/1062/920
s 69
f 230/923/921 229/924/922 276/1061/923 277/1064/924
s 70
f 231/927/925 230/928/926 277/1063/927 278/1066/928
s 71
f 232/931/929 231/932/930 278/1065/931 279/1068/932
s 72
f 233/935/933 232/936/934 279/1067/935 280/1070/936
s 73
f 234/939/937 233/940/938 280/1069/939 281/1072/940
s 74
f 235/943/941 234/944/942 281/1071/943 282/1074/944
s 75
f 236/947/945 235/948/946 282/1073/947 263/1036/948
s 76
f 237/951/949 236/952/950 263/1035/951 264/1038/952
s 77
f 238/955/953 237/956/954 264/1037/955 265/1040/956
s 78
f 239/959/957 238/960/958 265/1039/959 266/1042/960
s 79
f 240/963/961 239/964/962 266/1041/963 267/1044/964
s 80
f 241/967/965 240/968/966 267/1043/967 268/1046/968
s 81
f 222/971/969 241/972/970 268/1045/971 269/1048/972
s off
f 243/975/973 242/976/974 262/977/975
f 244/978/976 243/979/977 262/980/978
f 245/981/979 244/982/980 262/983/981
f 246/984/982 245/985/983 262/986/984
f 247/987/985 246/988/986 262/989/987
f 248/990/988 247/991/989 262/992/990
f 249/993/991 248/994/992 262/995/993
f 250/996/994 249/997/995 262/998/996
f 251/999/997 250/1000/998 262/1001/999
f 252/1002/1000 251/1003/1001 262/1004/1002
f 253/1005/1003 252/1006/1004 262/1007/1005
f 254/1008/1006 253/1009/1007 262/1010/1008
f 255/1011/1009 254/1012/1010 262/1013/1011
f 256/1014/1012 255/1015/1013 262/1016/1014
f 257/1017/1015 256/1018/1016 262/1019/1017
f 258/1020/1018 257/1021/1019 262/1022/1020
f 259/1023/1021 258/1024/1022 262/1025/1023
f 260/1026/1024 259/1027/1025 262/1028/1026
f 261/1029/1027 260/1030/1028 262/1031/1029
f 242/1032/1030 261/1033/1031 262/1034/1032
s 76
f 264/1038/952 263/1035/951 256/953/1033 257/954/1034
s 77
f 265/1040/956 264/1037/955 257/957/1035 258/958/1036
s 78
f 266/1042/960 265/1039/959 258/961/1037 259/962/1038
s 79
f 267/1044/964 266/1041/963 259/965/1039 260/966/1040
s 80
f 268/1046/968 267/1043/967 260/969/1041 261/970/1042
s 81
f 269/1048/972 268/1045/971 261/973/1043 242/974/1044
s 62
f 270/1050/896 269/1047/895 242/897/1045 243/898/1046
s 63
f 271/1052/900 270/1049/899 243/901/1047 244/902/1048
s 64
f 272/1054/904 271/1051/903 244/905/1049 245/906/1050
s 65
f 273/1056/908 272/1053/907 245/909/1051 246/910/1052
s 66
f 274/1058/912 273/1055/911 246/913/1053 247/914/1054
s 67
f 275/1060/916 274/1057/915 247/917/1055 248/918/1056
s 68
f 276/1062/920 275/1059/919 248/921/1057 249/922/1058
s 69
f 277/1064/924 276/1061/923 249/925/1059 250/926/1060
s 70
f 278/1066/928 277/1063/927 250/929/1061 251/930/1062
s 71
f 279/1068/932 278/1065/931 251/933/1063 252/934/1064
s 72
f 280/1070/936 279/1067/935 252/937/1065 253/938/1066
s 73
f 281/1072/940 280/1069/939 253/941/1067 254/942/1068
s 74
f 282/1074/944 281/1071/943 254/945/1069 255/946/1070
s 75
f 263/1036/948 282/1073/947 255/949/1071 256/950/1072
s 55
f 284/1078/728 283/1075/727 215/729/1073 214/730/1074
s 54
f 285/1080/724 284/1077/723 214/725/1075 213/726/1076
s 53
f 286/1082/720 285/1079/719 213/721/1077 212/722/1078
s 52
f 287/1084/716 286/1081/715 212/717/1079 211/718/1080
s 51
f 288/1086/712 287/1083/711 211/713/1081 210/714/1082
s 50
f 289/1088/708 288/1085/707 210/709/1083 209/710/1084
s 49
f 290/1090/704 289/1087/703 209/705/1085 208/706/1086
s 48
f 291/1092/700 290/1089/699 208/701/1087 207/702/1088
s 47
f 292/1094/696 291/1091/695 207/697/1089 206/698/1090
s 46
f 293/1096/692 292/1093/691 206/693/1091 205/694/1092
s 45
f 294/1098/688 293/1095/687 205/689/1093 204/690/1094
s 44
f 295/1100/684 294/1097/683 204/685/1095 203/686/1096
s 43
f 296/1102/680 295/1099/679 203/681/1097 202/682/1098
s 42
f 297/1104/676 296/1101/675 202/677/1099 201/678/1100
s 61
f 298/1106/752 297/1103/751 201/753/1101 220/754/1102
s 60
f 299/1108/748 298/1105/747 220/749/1103 219/750/1104
s 59
f 300/1110/744 299/1107/743 219/745/1105 218/746/1106
s 58
f 301/1112/740 300/1109/739 218/741/1107 217/742/1108
s 57
f 302/1114/736 301/1111/735 217/737/1109 216/738/1110
s 56
f 283/1076/732 302/1113/731 216/733/1111 215/734/1112
s off
f 154/1115/1113 155/1116/1114 304/1117/1115 303/1118/1116
f 155/1119/1117 156/1120/1118 305/1121/1119 304/1122/1120
f 174/1123/1121 154/1124/1122 303/1125/1123 306/1126/1124
f 175/1127/1125 174/1128/1126 306/1129/1127 307/1130/1128
f 156/1131/1129 176/1132/1130 308/1133/1131 305/1134/1132
f 176/1135/1133 175/1136/1134 307/1137/1135 308/1138/1136
s 82
f 303/1139/1137 304/1140/1138 330/1217/1139 331/1220/1140
s 83
f 304/1143/1141 305/1144/1142 329/1215/1143 330/1218/1144
s 84
f 306/1147/1145 303/1148/1146 331/1219/1147 332/1222/1148
s 85
f 307/1151/1149 306/1152/1150 332/1221/1151 327/1212/1152
s 86
f 305/1155/1153 308/1156/1154 328/1213/1155 329/1216/1156
s 87
f 308/1159/1157 307/1160/1158 327/1211/1159 328/1214/1160
s 88
usemtl aiStandardSurface3SG
f 309/1163/1161 310/1164/1162 342/1241/1163 343/1244/1164
s 89
f 310/1167/1165 311/1168/1166 341/1239/1167 342/1242/1168
s 90
f 312/1171/1169 309/1172/1170 343/1243/1171 344/1246/1172
s 91
f 313/1175/1173 312/1176/1174 344/1245/1175 339/1236/1176
s 92
f 311/1179/1177 314/1180/1178 340/1237/1179 341/1240/1180
s 93
f 314/1183/1181 313/1184/1182 339/1235/1183 340/1238/1184
s off
f 315/1187/1185 316/1188/1186 322/1189/1187 321/1190/1188
f 316/1191/1189 317/1192/1190 323/1193/1191 322/1194/1192
f 318/1195/1193 315/1196/1194 321/1197/1195 324/1198/1196
f 319/1199/1197 318/1200/1198 324/1201/1199 325/1202/1200
f 317/1203/1201 320/1204/1202 326/1205/1203 323/1206/1204
f 320/1207/1205 319/1208/1206 325/1209/1207 326/1210/1208
s 94
f 322/1194/1209 323/1206/1210 326/1210/1211 325/1202/1212
f 322/1194/1209 325/1202/1212 324/1198/1213 321/1190/1214
s 87
usemtl aiStandardSurface4SG
f 328/1214/1160 327/1211/1159 333/1223/1215 334/1226/1216
s 86
f 329/1216/1156 328/1213/1155 334/1225/1217 335/1228/1218
s 83
f 330/1218/1144 329/1215/1143 335/1227/1219 336/1230/1220
s 82
f 331/1220/1140 330/1217/1139 336/1229/1221 337/1232/1222
s 84
f 332/1222/1148 331/1219/1147 337/1231/1223 338/1234/1224
s 85
f 327/1212/1152 332/1221/1151 338/1233/1225 333/1224/1226
s 87
f 334/1226/1216 333/1223/1215 313/1161/1227 314/1162/1228
s 86
f 335/1228/1218 334/1225/1217 314/1157/1229 311/1158/1230
s 83
f 336/1230/1220 335/1227/1219 311/1145/1231 310/1146/1232
s 82
f 337/1232/1222 336/1229/1221 310/1141/1233 309/1142/1234
s 84
f 338/1234/1224 337/1231/1223 309/1149/1235 312/1150/1236
s 85
f 333/1224/1226 338/1233/1225 312/1153/1237 313/1154/1238
s 93
usemtl aiStandardSurface3SG
f 340/1238/1184 339/1235/1183 345/1247/1239 346/1250/1240
s 92
f 341/1240/1180 340/1237/1179 346/1249/1241 347/1252/1242
s 89
f 342/1242/1168 341/1239/1167 347/1251/1243 348/1254/1244
s 88
f 343/1244/1164 342/1241/1163 348/1253/1245 349/1256/1246
s 90
f 344/1246/1172 343/1243/1171 349/1255/1247 350/1258/1248
s 91
f 339/1236/1176 344/1245/1175 350/1257/1249 345/1248/1250
s 93
f 346/1250/1240 345/1247/1239 319/1185/1251 320/1186/1252
s 92
f 347/1252/1242 346/1249/1241 320/1181/1253 317/1182/1254
s 89
f 348/1254/1244 347/1251/1243 317/1169/1255 316/1170/1256
s 88
f 349/1256/1246 348/1253/1245 316/1165/1257 315/1166/1258
s 90
f 350/1258/1248 349/1255/1247 315/1173/1259 318/1174/1260
s 91
f 345/1248/1250 350/1257/1249 318/1177/1261 319/1178/1262
s 14
usemtl aiStandardSurface4SG
f 352/1262/492 351/1259/491 154/493/1263 153/494/1264
s 13
f 353/1264/488 352/1261/487 153/489/1265 152/490/1266
s 12
f 354/1266/484 353/1263/483 152/485/1267 151/486/1268
s 11
f 355/1268/480 354/1265/479 151/481/1269 150/482/1270
s 10
f 356/1270/476 355/1267/475 150/477/1271 149/478/1272
s 9
f 357/1272/472 356/1269/471 149/473/1273 148/474/1274
s 8
f 358/1274/468 357/1271/467 148/469/1275 147/470/1276
s 7
f 359/1276/464 358/1273/463 147/465/1277 146/466/1278
s 6
f 360/1278/460 359/1275/459 146/461/1279 145/462/1280
s 5
f 361/1280/456 360/1277/455 145/457/1281 144/458/1282
s 4
f 362/1282/452 361/1279/451 144/453/1283 143/454/1284
s 3
f 363/1284/448 362/1281/447 143/449/1285 142/450/1286
s 2
f 364/1286/444 363/1283/443 142/445/1287 141/446/1288
s 21
f 365/1288/520 364/1285/519 141/521/1289 160/522/1290
s 20
f 366/1290/516 365/1287/515 160/517/1291 159/518/1292
s 19
f 367/1292/512 366/1289/511 159/513/1293 158/514/1294
s 18
f 368/1294/508 367/1291/507 158/509/1295 157/510/1296
s 17
f 369/1296/504 368/1293/503 157/505/1297 156/506/1298
s 16
f 370/1298/500 369/1295/499 156/501/1299 155/502/1300
s 15
f 351/1260/496 370/1297/495 155/497/1301 154/498/1302
s 35
f 372/1302/648 371/1299/647 195/649/1303 194/650/1304
s 34
f 373/1304/644 372/1301/643 194/645/1305 193/646/1306
s 33
f 374/1306/640 373/1303/639 193/641/1307 192/642/1308
s 32
f 375/1308/636 374/1305/635 192/637/1309 191/638/1310
s 31
f 376/1310/632 375/1307/631 191/633/1311 190/634/1312
s 30
f 377/1312/628 376/1309/627 190/629/1313 189/630/1314
s 29
f 378/1314/624 377/1311/623 189/625/1315 188/626/1316
s 28
f 379/1316/620 378/1313/619 188/621/1317 187/622/1318
s 27
f 380/1318/616 379/1315/615 187/617/1319 186/618/1320
s 26
f 381/1320/612 380/1317/611 186/613/1321 185/614/1322
s 25
f 382/1322/608 381/1319/607 185/609/1323 184/610/1324
s 24
f 383/1324/604 382/1321/603 184/605/1325 183/606/1326
s 23
f 384/1326/600 383/1323/599 183/601/1327 182/602/1328
s 22
f 385/1328/596 384/1325/595 182/597/1329 181/598/1330
s 41
f 386/1330/672 385/1327/671 181/673/1331 200/674/1332
s 40
f 387/1332/668 386/1329/667 200/669/1333 199/670/1334
s 39
f 388/1334/664 387/1331/663 199/665/1335 198/666/1336
s 38
f 389/1336/660 388/1333/659 198/661/1337 197/662/1338
s 37
f 390/1338/656 389/1335/655 197/657/1339 196/658/1340
s 36
f 371/1300/652 390/1337/651 196/653/1341 195/654/1342
s 95
usemtl aiStandardSurface3SG
f 391/1339/1343 392/1340/1344 703/1341/1345 704/1342/1346
f 392/1340/1344 393/1343/1347 702/1344/1348 703/1341/1345
f 393/1343/1347 394/1345/1349 701/1346/1350 702/1344/1348
f 394/1345/1349 395/1347/1351 700/1348/1352 701/1346/1350
f 395/1347/1351 396/1349/1353 699/1350/1354 700/1348/1352
f 396/1349/1353 397/1351/1355 698/1352/1356 699/1350/1354
f 397/1351/1355 398/1353/1357 697/1354/1358 698/1352/1356
f 398/1353/1357 399/1355/1359 696/1356/1360 697/1354/1358
f 399/1355/1359 400/1357/1361 695/1358/1362 696/1356/1360
f 400/1357/1361 401/1359/1363 694/1360/1364 695/1358/1362
f 401/1359/1363 402/1361/1365 693/1362/1366 694/1360/1364
f 402/1361/1365 403/1363/1367 692/1364/1368 693/1362/1366
f 403/1363/1367 404/1365/1369 711/1366/1370 692/1364/1368
f 404/1365/1369 405/1367/1371 710/1368/1372 711/1366/1370
f 405/1367/1371 406/1369/1373 709/1370/1374 710/1368/1372
f 406/1369/1373 407/1371/1375 708/1372/1376 709/1370/1374
f 407/1371/1375 408/1373/1377 707/1374/1378 708/1372/1376
f 408/1373/1377 409/1375/1379 706/1376/1380 707/1374/1378
f 409/1375/1379 410/1377/1381 705/1378/1382 706/1376/1380
f 410/1377/1381 391/1379/1343 704/1380/1346 705/1378/1382
s off
f 392/1381/1383 391/1382/1384 431/1383/1385 432/1384/1386
f 393/1385/1387 392/1386/1388 432/1387/1389 433/1388/1390
f 394/1389/1391 393/1390/1392 433/1391/1393 434/1392/1394
f 395/1393/1395 394/1394/1396 434/1395/1397 435/1396/1398
f 396/1397/1399 395/1398/1400 435/1399/1401 436/1400/1402
f 397/1401/1403 396/1402/1404 436/1403/1405 437/1404/1406
f 398/1405/1407 397/1406/1408 437/1407/1409 438/1408/1410
f 399/1409/1411 398/1410/1412 438/1411/1413 439/1412/1414
f 400/1413/1415 399/1414/1416 439/1415/1417 440/1416/1418
f 401/1417/1419 400/1418/1420 440/1419/1421 441/1420/1422
f 402/1421/1423 401/1422/1424 441/1423/1425 442/1424/1426
f 403/1425/1427 402/1426/1428 442/1427/1429 443/1428/1430
f 404/1429/1431 403/1430/1432 443/1431/1433 444/1432/1434
f 405/1433/1435 404/1434/1436 444/1435/1437 445/1436/1438
f 406/1437/1439 405/1438/1440 445/1439/1441 446/1440/1442
f 407/1441/1443 406/1442/1444 446/1443/1445 447/1444/1446
f 408/1445/1447 407/1446/1448 447/1447/1449 448/1448/1450
f 409/1449/1451 408/1450/1452 448/1451/1453 449/1452/1454
f 410/1453/1455 409/1454/1456 449/1455/1457 450/1456/1458
f 391/1457/1459 410/1458/1460 450/1459/1461 431/1460/1462
f 432/1461/1463 431/1462/1464 451/1463/1465 452/1464/1466
f 433/1465/1467 432/1466/1468 452/1467/1469 453/1468/1470
f 434/1469/1471 433/1470/1472 453/1471/1473 454/1472/1474
f 435/1473/1475 434/1474/1476 454/1475/1477 455/1476/1478
f 436/1477/1479 435/1478/1480 455/1479/1481 456/1480/1482
f 437/1481/1483 436/1482/1484 456/1483/1485 457/1484/1486
f 438/1485/1487 437/1486/1488 457/1487/1489 458/1488/1490
f 439/1489/1491 438/1490/1492 458/1491/1493 459/1492/1494
f 440/1493/1495 439/1494/1496 459/1495/1497 460/1496/1498
f 441/1497/1499 440/1498/1500 460/1499/1501 461/1500/1502
f 442/1501/1503 441/1502/1504 461/1503/1505 462/1504/1506
f 443/1505/1507 442/1506/1508 462/1507/1509 463/1508/1510
f 444/1509/1511 443/1510/1512 463/1511/1513 464/1512/1514
f 445/1513/1515 444/1514/1516 464/1515/1517 465/1516/1518
f 446/1517/1519 445/1518/1520 465/1519/1521 466/1520/1522
f 447/1521/1523 446/1522/1524 466/1523/1525 467/1524/1526
f 448/1525/1527 447/1526/1528 467/1527/1529 468/1528/1530
f 449/1529/1531 448/1530/1532 468/1531/1533 469/1532/1534
f 450/1533/1535 449/1534/1536 469/1535/1537 470/1536/1538
f 431/1537/1539 450/1538/1540 470/1539/1541 451/1540/1542
s 96
f 452/1541/1543 451/1542/1544 680/1543/1545 681/1544/1546
s 97
f 453/1545/1547 452/1546/1548 681/1547/1549 682/1548/1550
s 98
f 454/1549/1551 453/1550/1552 682/1551/1553 683/1552/1554
s 99
f 455/1553/1555 454/1554/1556 683/1555/1557 684/1556/1558
s 100
f 456/1557/1559 455/1558/1560 684/1559/1561 685/1560/1562
s 101
f 457/1561/1563 456/1562/1564 685/1563/1565 686/1564/1566
s 102
f 458/1565/1567 457/1566/1568 686/1567/1569 687/1568/1570
s 103
f 459/1569/1571 458/1570/1572 687/1571/1573 688/1572/1574
s 104
f 460/1573/1575 459/1574/1576 688/1575/1577 689/1576/1578
s 105
f 461/1577/1579 460/1578/1580 689/1579/1581 690/1580/1582
s 106
f 462/1581/1583 461/1582/1584 690/1583/1585 691/1584/1586
s 107
f 463/1585/1587 462/1586/1588 691/1587/1589 672/1588/1590
s 108
f 464/1589/1591 463/1590/1592 672/1591/1593 673/1592/1594
s 109
f 465/1593/1595 464/1594/1596 673/1595/1597 674/1596/1598
s 110
f 466/1597/1599 465/1598/1600 674/1599/1601 675/1600/1602
s 111
f 467/1601/1603 466/1602/1604 675/1603/1605 676/1604/1606
s 112
f 468/1605/1607 467/1606/1608 676/1607/1609 677/1608/1610
s 113
f 469/1609/1611 468/1610/1612 677/1611/1613 678/1612/1614
s 114
f 470/1613/1615 469/1614/1616 678/1615/1617 679/1616/1618
s 115
f 451/1617/1619 470/1618/1620 679/1619/1621 680/1620/1622
s off
f 472/1621/1623 471/1622/1624 491/1623/1625 492/1624/1626
f 473/1625/1627 472/1626/1628 492/1627/1629 493/1628/1630
f 474/1629/1631 473/1630/1632 493/1631/1633 494/1632/1634
f 475/1633/1635 474/1634/1636 494/1635/1637 495/1636/1638
f 476/1637/1639 475/1638/1640 495/1639/1641 496/1640/1642
f 477/1641/1643 476/1642/1644 496/1643/1645 497/1644/1646
f 478/1645/1647 477/1646/1648 497/1647/1649 498/1648/1650
f 479/1649/1651 478/1650/1652 498/1651/1653 499/1652/1654
f 480/1653/1655 479/1654/1656 499/1655/1657 500/1656/1658
f 481/1657/1659 480/1658/1660 500/1659/1661 501/1660/1662
f 482/1661/1663 481/1662/1664 501/1663/1665 502/1664/1666
f 483/1665/1667 482/1666/1668 502/1667/1669 503/1668/1670
f 484/1669/1671 483/1670/1672 503/1671/1673 504/1672/1674
f 485/1673/1675 484/1674/1676 504/1675/1677 505/1676/1678
f 486/1677/1679 485/1678/1680 505/1679/1681 506/1680/1682
f 487/1681/1683 486/1682/1684 506/1683/1685 507/1684/1686
f 488/1685/1687 487/1686/1688 507/1687/1689 508/1688/1690
f 489/1689/1691 488/1690/1692 508/1691/1693 509/1692/1694
f 490/1693/1695 489/1694/1696 509/1695/1697 510/1696/1698
f 471/1697/1699 490/1698/1700 510/1699/1701 491/1700/1702
s 116
f 492/1701/1703 491/1702/1704 657/1703/1705 658/1704/1706
s 117
f 493/1705/1707 492/1706/1708 658/1707/1709 659/1708/1710
s 118
f 494/1709/1711 493/1710/1712 659/1711/1713 660/1712/1714
s 119
f 495/1713/1715 494/1714/1716 660/1715/1717 661/1716/1718
s 120
f 496/1717/1719 495/1718/1720 661/1719/1721 662/1720/1722
s 121
f 497/1721/1723 496/1722/1724 662/1723/1725 663/1724/1726
s 122
f 498/1725/1727 497/1726/1728 663/1727/1729 664/1728/1730
s 123
f 499/1729/1731 498/1730/1732 664/1731/1733 665/1732/1734
s 124
f 500/1733/1735 499/1734/1736 665/1735/1737 666/1736/1738
s 125
f 501/1737/1739 500/1738/1740 666/1739/1741 667/1740/1742
s 126
f 502/1741/1743 501/1742/1744 667/1743/1745 668/1744/1746
s 127
f 503/1745/1747 502/1746/1748 668/1747/1749 669/1748/1750
s 128
f 504/1749/1751 503/1750/1752 669/1751/1753 670/1752/1754
s 129
f 505/1753/1755 504/1754/1756 670/1755/1757 671/1756/1758
s 130
f 506/1757/1759 505/1758/1760 671/1759/1761 652/1760/1762
s 131
f 507/1761/1763 506/1762/1764 652/1763/1765 653/1764/1766
s 132
f 508/1765/1767 507/1766/1768 653/1767/1769 654/1768/1770
s 133
f 509/1769/1771 508/1770/1772 654/1771/1773 655/1772/1774
s 134
f 510/1773/1775 509/1774/1776 655/1775/1777 656/1776/1778
s 135
f 491/1777/1779 510/1778/1780 656/1779/1781 657/1780/1782
s off
f 512/1781/1783 511/1782/1784 531/1783/1785 532/1784/1786
f 513/1785/1787 512/1786/1788 532/1787/1789 533/1788/1790
f 514/1789/1791 513/1790/1792 533/1791/1793 534/1792/1794
f 515/1793/1795 514/1794/1796 534/1795/1797 535/1796/1798
f 516/1797/1799 515/1798/1800 535/1799/1801 536/1800/1802
f 517/1801/1803 516/1802/1804 536/1803/1805 537/1804/1806
f 518/1805/1807 517/1806/1808 537/1807/1809 538/1808/1810
f 519/1809/1811 518/1810/1812 538/1811/1813 539/1812/1814
f 520/1813/1815 519/1814/1816 539/1815/1817 540/1816/1818
f 521/1817/1819 520/1818/1820 540/1819/1821 541/1820/1822
f 522/1821/1823 521/1822/1824 541/1823/1825 542/1824/1826
f 523/1825/1827 522/1826/1828 542/1827/1829 543/1828/1830
f 524/1829/1831 523/1830/1832 543/1831/1833 544/1832/1834
f 525/1833/1835 524/1834/1836 544/1835/1837 545/1836/1838
f 526/1837/1839 525/1838/1840 545/1839/1841 546/1840/1842
f 527/1841/1843 526/1842/1844 546/1843/1845 547/1844/1846
f 528/1845/1847 527/1846/1848 547/1847/1849 548/1848/1850
f 529/1849/1851 528/1850/1852 548/1851/1853 549/1852/1854
f 530/1853/1855 529/1854/1856 549/1855/1857 550/1856/1858
f 511/1857/1859 530/1858/1860 550/1859/1861 531/1860/1862
s 136
f 532/1861/1863 531/1862/1864 637/1863/1865 638/1864/1866
s 137
f 533/1865/1867 532/1866/1868 638/1867/1869 639/1868/1870
s 138
f 534/1869/1871 533/1870/1872 639/1871/1873 640/1872/1874
s 139
f 535/1873/1875 534/1874/1876 640/1875/1877 641/1876/1878
s 140
f 536/1877/1879 535/1878/1880 641/1879/1881 642/1880/1882
s 141
f 537/1881/1883 536/1882/1884 642/1883/1885 643/1884/1886
s 142
f 538/1885/1887 537/1886/1888 643/1887/1889 644/1888/1890
s 143
f 539/1889/1891 538/1890/1892 644/1891/1893 645/1892/1894
s 144
f 540/1893/1895 539/1894/1896 645/1895/1897 646/1896/1898
s 145
f 541/1897/1899 540/1898/1900 646/1899/1901 647/1900/1902
s 146
f 542/1901/1903 541/1902/1904 647/1903/1905 648/1904/1906
s 147
f 543/1905/1907 542/1906/1908 648/1907/1909 649/1908/1910
s 148
f 544/1909/1911 543/1910/1912 649/1911/1913 650/1912/1914
s 149
f 545/1913/1915 544/1914/1916 650/1915/1917 651/1916/1918
s 150
f 546/1917/1919 545/1918/1920 651/1919/1921 632/1920/1922
s 151
f 547/1921/1923 546/1922/1924 632/1923/1925 633/1924/1926
s 152
f 548/1925/1927 547/1926/1928 633/1927/1929 634/1928/1930
s 153
f 549/1929/1931 548/1930/1932 634/1931/1933 635/1932/1934
s 154
f 550/1933/1935 549/1934/1936 635/1935/1937 636/1936/1938
s 155
f 531/1937/1939 550/1938/1940 636/1939/1941 637/1940/1942
s off
f 552/1941/1943 551/1942/1944 571/1943/1945 572/1944/1946
f 553/1945/1947 552/1946/1948 572/1947/1949 573/1948/1950
f 554/1949/1951 553/1950/1952 573/1951/1953 574/1952/1954
f 555/1953/1955 554/1954/1956 574/1955/1957 575/1956/1958
f 556/1957/1959 555/1958/1960 575/1959/1961 576/1960/1962
f 557/1961/1963 556/1962/1964 576/1963/1965 577/1964/1966
f 558/1965/1967 557/1966/1968 577/1967/1969 578/1968/1970
f 559/1969/1971 558/1970/1972 578/1971/1973 579/1972/1974
f 560/1973/1975 559/1974/1976 579/1975/1977 580/1976/1978
f 561/1977/1979 560/1978/1980 580/1979/1981 581/1980/1982
f 562/1981/1983 561/1982/1984 581/1983/1985 582/1984/1986
f 563/1985/1987 562/1986/1988 582/1987/1989 583/1988/1990
f 564/1989/1991 563/1990/1992 583/1991/1993 584/1992/1994
f 565/1993/1995 564/1994/1996 584/1995/1997 585/1996/1998
f 566/1997/1999 565/1998/2000 585/1999/2001 586/2000/2002
f 567/2001/2003 566/2002/2004 586/2003/2005 587/2004/2006
f 568/2005/2007 567/2006/2008 587/2007/2009 588/2008/2010
f 569/2009/2011 568/2010/2012 588/2011/2013 589/2012/2014
f 570/2013/2015 569/2014/2016 589/2015/2017 590/2016/2018
f 551/2017/2019 570/2018/2020 590/2019/2021 571/2020/2022
f 411/2021/2023 412/2022/2024 591/2023/2025
f 412/2024/2026 413/2025/2027 591/2026/2028
f 413/2027/2029 414/2028/2030 591/2029/2031
f 414/2030/2032 415/2031/2033 591/2032/2034
f 415/2033/2035 416/2034/2036 591/2035/2037
f 416/2036/2038 417/2037/2039 591/2038/2040
f 417/2039/2041 418/2040/2042 591/2041/2043
f 418/2042/2044 419/2043/2045 591/2044/2046
f 419/2045/2047 420/2046/2048 591/2047/2049
f 420/2048/2050 421/2049/2051 591/2050/2052
f 421/2051/2053 422/2052/2054 591/2053/2055
f 422/2054/2056 423/2055/2057 591/2056/2058
f 423/2057/2059 424/2058/2060 591/2059/2061
f 424/2060/2062 425/2061/2063 591/2062/2064
f 425/2063/2065 426/2064/2066 591/2065/2067
f 426/2066/2068 427/2067/2069 591/2068/2070
f 427/2069/2071 428/2070/2072 591/2071/2073
f 428/2072/2074 429/2073/2075 591/2074/2076
f 429/2075/2077 430/2076/2078 591/2077/2079
f 430/2078/2080 411/2079/2081 591/2080/2082
s 95
f 593/2081/2083 592/2082/2084 425/2083/2085 424/2084/2086
f 594/2085/2087 593/2081/2083 424/2084/2086 423/2086/2088
f 595/2087/2089 594/2085/2087 423/2086/2088 422/2088/2090
f 596/2089/2091 595/2087/2089 422/2088/2090 421/2090/2092
f 597/2091/2093 596/2089/2091 421/2090/2092 420/2092/2094
f 598/2093/2095 597/2091/2093 420/2092/2094 419/2094/2096
f 599/2095/2097 598/2093/2095 419/2094/2096 418/2096/2098
f 600/2097/2099 599/2095/2097 418/2096/2098 417/2098/2100
f 601/2099/2101 600/2097/2099 417/2098/2100 416/2100/2102
f 602/2101/2103 601/2099/2101 416/2100/2102 415/2102/2104
f 603/2103/2105 602/2101/2103 415/2102/2104 414/2104/2106
f 604/2105/2107 603/2103/2105 414/2104/2106 413/2106/2108
f 605/2107/2109 604/2105/2107 413/2106/2108 412/2108/2110
f 606/2109/2111 605/2107/2109 412/2108/2110 411/2110/2112
f 607/2111/2113 606/2112/2111 411/2113/2112 430/2114/2114
f 608/2115/2115 607/2111/2113 430/2114/2114 429/2116/2116
f 609/2117/2117 608/2115/2115 429/2116/2116 428/2118/2118
f 610/2119/2119 609/2117/2117 428/2118/2118 427/2120/2120
f 611/2121/2121 610/2119/2119 427/2120/2120 426/2122/2122
f 592/2082/2084 611/2121/2121 426/2122/2122 425/2083/2085
s 151
f 613/2123/2123 612/2124/2124 566/2125/2125 567/2126/2126
s 152
f 614/2127/2127 613/2128/2128 567/2129/2129 568/2130/2130
s 153
f 615/2131/2131 614/2132/2132 568/2133/2133 569/2134/2134
s 154
f 616/2135/2135 615/2136/2136 569/2137/2137 570/2138/2138
s 155
f 617/2139/2139 616/2140/2140 570/2141/2141 551/2142/2142
s 136
f 618/2143/2143 617/2144/2144 551/2145/2145 552/2146/2146
s 137
f 619/2147/2147 618/2148/2148 552/2149/2149 553/2150/2150
s 138
f 620/2151/2151 619/2152/2152 553/2153/2153 554/2154/2154
s 139
f 621/2155/2155 620/2156/2156 554/2157/2157 555/2158/2158
s 140
f 622/2159/2159 621/2160/2160 555/2161/2161 556/2162/2162
s 141
f 623/2163/2163 622/2164/2164 556/2165/2165 557/2166/2166
s 142
f 624/2167/2167 623/2168/2168 557/2169/2169 558/2170/2170
s 143
f 625/2171/2171 624/2172/2172 558/2173/2173 559/2174/2174
s 144
f 626/2175/2175 625/2176/2176 559/2177/2177 560/2178/2178
s 145
f 627/2179/2179 626/2180/2180 560/2181/2181 561/2182/2182
s 146
f 628/2183/2183 627/2184/2184 561/2185/2185 562/2186/2186
s 147
f 629/2187/2187 628/2188/2188 562/2189/2189 563/2190/2190
s 148
f 630/2191/2191 629/2192/2192 563/2193/2193 564/2194/2194
s 149
f 631/2195/2195 630/2196/2196 564/2197/2197 565/2198/2198
s 150
f 612/2199/2199 631/2200/2200 565/2201/2201 566/2202/2202
s 151
f 633/1924/1926 632/1923/1925 612/2124/2124 613/2123/2123
s 152
f 634/1928/1930 633/1927/1929 613/2128/2128 614/2127/2127
s 153
f 635/1932/1934 634/1931/1933 614/2132/2132 615/2131/2131
s 154
f 636/1936/1938 635/1935/1937 615/2136/2136 616/2135/2135
s 155
f 637/1940/1942 636/1939/1941 616/2140/2140 617/2139/2139
s 136
f 638/1864/1866 637/1863/1865 617/2144/2144 618/2143/2143
s 137
f 639/1868/1870 638/1867/1869 618/2148/2148 619/2147/2147
s 138
f 640/1872/1874 639/1871/1873 619/2152/2152 620/2151/2151
s 139
f 641/1876/1878 640/1875/1877 620/2156/2156 621/2155/2155
s 140
f 642/1880/1882 641/1879/1881 621/2160/2160 622/2159/2159
s 141
f 643/1884/1886 642/1883/1885 622/2164/2164 623/2163/2163
s 142
f 644/1888/1890 643/1887/1889 623/2168/2168 624/2167/2167
s 143
f 645/1892/1894 644/1891/1893 624/2172/2172 625/2171/2171
s 144
f 646/1896/1898 645/1895/1897 625/2176/2176 626/2175/2175
s 145
f 647/1900/1902 646/1899/1901 626/2180/2180 627/2179/2179
s 146
f 648/1904/1906 647/1903/1905 627/2184/2184 628/2183/2183
s 147
f 649/1908/1910 648/1907/1909 628/2188/2188 629/2187/2187
s 148
f 650/1912/1914 649/1911/1913 629/2192/2192 630/2191/2191
s 149
f 651/1916/1918 650/1915/1917 630/2196/2196 631/2195/2195
s 150
f 632/1920/1922 651/1919/1921 631/2200/2200 612/2199/2199
s 131
f 653/1764/1766 652/1763/1765 526/2203/2203 527/2204/2204
s 132
f 654/1768/1770 653/1767/1769 527/2205/2205 528/2206/2206
s 133
f 655/1772/1774 654/1771/1773 528/2207/2207 529/2208/2208
s 134
f 656/1776/1778 655/1775/1777 529/2209/2209 530/2210/2210
s 135
f 657/1780/1782 656/1779/1781 530/2211/2211 511/2212/2212
s 116
f 658/1704/1706 657/1703/1705 511/2213/2213 512/2214/2214
s 117
f 659/1708/1710 658/1707/1709 512/2215/2215 513/2216/2216
s 118
f 660/1712/1714 659/1711/1713 513/2217/2217 514/2218/2218
s 119
f 661/1716/1718 660/1715/1717 514/2219/2219 515/2220/2220
s 120
f 662/1720/1722 661/1719/1721 515/2221/2221 516/2222/2222
s 121
f 663/1724/1726 662/1723/1725 516/2223/2223 517/2224/2224
s 122
f 664/1728/1730 663/1727/1729 517/2225/2225 518/2226/2226
s 123
f 665/1732/1734 664/1731/1733 518/2227/2227 519/2228/2228
s 124
f 666/1736/1738 665/1735/1737 519/2229/2229 520/2230/2230
s 125
f 667/1740/1742 666/1739/1741 520/2231/2231 521/2232/2232
s 126
f 668/1744/1746 667/1743/1745 521/2233/2233 522/2234/2234
s 127
f 669/1748/1750 668/1747/1749 522/2235/2235 523/2236/2236
s 128
f 670/1752/1754 669/1751/1753 523/2237/2237 524/2238/2238
s 129
f 671/1756/1758 670/1755/1757 524/2239/2239 525/2240/2240
s 130
f 652/1760/1762 671/1759/1761 525/2241/2241 526/2242/2242
s 108
f 673/1592/1594 672/1591/1593 483/2243/2243 484/2244/2244
s 109
f 674/1596/1598 673/1595/1597 484/2245/2245 485/2246/2246
s 110
f 675/1600/1602 674/1599/1601 485/2247/2247 486/2248/2248
s 111
f 676/1604/1606 675/1603/1605 486/2249/2249 487/2250/2250
s 112
f 677/1608/1610 676/1607/1609 487/2251/2251 488/2252/2252
s 113
f 678/1612/1614 677/1611/1613 488/2253/2253 489/2254/2254
s 114
f 679/1616/1618 678/1615/1617 489/2255/2255 490/2256/2256
s 115
f 680/1620/1622 679/1619/1621 490/2257/2257 471/2258/2258
s 96
f 681/1544/1546 680/1543/1545 471/2259/2259 472/2260/2260
s 97
f 682/1548/1550 681/1547/1549 472/2261/2261 473/2262/2262
s 98
f 683/1552/1554 682/1551/1553 473/2263/2263 474/2264/2264
s 99
f 684/1556/1558 683/1555/1557 474/2265/2265 475/2266/2266
s 100
f 685/1560/1562 684/1559/1561 475/2267/2267 476/2268/2268
s 101
f 686/1564/1566 685/1563/1565 476/2269/2269 477/2270/2270
s 102
f 687/1568/1570 686/1567/1569 477/2271/2271 478/2272/2272
s 103
f 688/1572/1574 687/1571/1573 478/2273/2273 479/2274/2274
s 104
f 689/1576/1578 688/1575/1577 479/2275/2275 480/2276/2276
s 105
f 690/1580/1582 689/1579/1581 480/2277/2277 481/2278/2278
s 106
f 691/1584/1586 690/1583/1585 481/2279/2279 482/2280/2280
s 107
f 672/1588/1590 691/1587/1589 482/2281/2281 483/2282/2282
s 95
f 693/1362/1366 692/1364/1368 712/2283/2283 713/2284/2284
f 694/1360/1364 693/1362/1366 713/2284/2284 714/2285/2285
f 695/1358/1362 694/1360/1364 714/2285/2285 715/2286/2286
f 696/1356/1360 695/1358/1362 715/2286/2286 716/2287/2287
f 697/1354/1358 696/1356/1360 716/2287/2287 717/2288/2288
f 698/1352/1356 697/1354/1358 717/2288/2288 718/2289/2289
f 699/1350/1354 698/1352/1356 718/2289/2289 719/2290/2290
f 700/1348/1352 699/1350/1354 719/2290/2290 720/2291/2291
f 701/1346/1350 700/1348/1352 720/2291/2291 721/2292/2292
f 702/1344/1348 701/1346/1350 721/2292/2292 722/2293/2293
f 703/1341/1345 702/1344/1348 722/2293/2293 723/2294/2294
f 704/1342/1346 703/1341/1345 723/2294/2294 724/2295/2295
f 705/1378/1382 704/1380/1346 724/2296/2295 725/2297/2296
f 706/1376/1380 705/1378/1382 725/2297/2296 726/2298/2297
f 707/1374/1378 706/1376/1380 726/2298/2297 727/2299/2298
f 708/1372/1376 707/1374/1378 727/2299/2298 728/2300/2299
f 709/1370/1374 708/1372/1376 728/2300/2299 729/2301/2300
f 710/1368/1372 709/1370/1374 729/2301/2300 730/2302/2301
f 711/1366/1370 710/1368/1372 730/2302/2301 731/2303/2302
f 692/1364/1368 711/1366/1370 731/2303/2302 712/2283/2283
f 713/2284/2284 712/2283/2283 594/2085/2087 595/2087/2089
f 714/2285/2285 713/2284/2284 595/2087/2089 596/2089/2091
f 715/2286/2286 714/2285/2285 596/2089/2091 597/2091/2093
f 716/2287/2287 715/2286/2286 597/2091/2093 598/2093/2095
f 717/2288/2288 716/2287/2287 598/2093/2095 599/2095/2097
f 718/2289/2289 717/2288/2288 599/2095/2097 600/2097/2099
f 719/2290/2290 718/2289/2289 600/2097/2099 601/2099/2101
f 720/2291/2291 719/2290/2290 601/2099/2101 602/2101/2103
f 721/2292/2292 720/2291/2291 602/2101/2103 603/2103/2105
f 722/2293/2293 721/2292/2292 603/2103/2105 604/2105/2107
f 723/2294/2294 722/2293/2293 604/2105/2107 605/2107/2109
f 724/2295/2295 723/2294/2294 605/2107/2109 606/2109/2111
f 725/2297/2296 724/2296/2295 606/2112/2111 607/2111/2113
f 726/2298/2297 725/2297/2296 607/2111/2113 608/2115/2115
f 727/2299/2298 726/2298/2297 608/2115/2115 609/2117/2117
f 728/2300/2299 727/2299/2298 609/2117/2117 610/2119/2119
f 729/2301/2300 728/2300/2299 610/2119/2119 611/2121/2121
f 730/2302/2301 729/2301/2300 611/2121/2121 592/2082/2084
f 731/2303/2302 730/2302/2301 592/2082/2084 593/2081/2083
f 712/2283/2283 731/2303/2302 593/2081/2083 594/2085/2087
s 157
usemtl aiStandardSurface1SG
f 732/2304/2303 733/2305/2304 865/2306/2305 866/2307/2306
f 733/2305/2304 734/2308/2307 864/2309/2308 865/2306/2305
f 734/2308/2307 735/2310/2309 863/2311/2310 864/2309/2308
f 735/2310/2309 736/2312/2311 862/2313/2312 863/2311/2310
f 736/2312/2311 737/2314/2313 861/2315/2314 862/2313/2312
f 737/2314/2313 738/2316/2315 860/2317/2316 861/2315/2314
f 738/2316/2315 739/2318/2317 859/2319/2318 860/2317/2316
f 739/2318/2317 740/2320/2319 858/2321/2320 859/2319/2318
f 740/2320/2319 741/2322/2321 857/2323/2322 858/2321/2320
f 741/2322/2321 742/2324/2323 856/2325/2324 857/2323/2322
f 742/2324/2323 743/2326/2325 855/2327/2326 856/2325/2324
f 743/2326/2325 744/2328/2327 854/2329/2328 855/2327/2326
f 744/2328/2327 745/2330/2329 873/2331/2330 854/2329/2328
f 745/2330/2329 746/2332/2331 872/2333/2332 873/2331/2330
f 746/2332/2331 747/2334/2333 871/2335/2334 872/2333/2332
f 747/2334/2333 748/2336/2335 870/2337/2336 871/2335/2334
f 748/2336/2335 749/2338/2337 869/2339/2338 870/2337/2336
f 749/2338/2337 750/2340/2339 868/2341/2340 869/2339/2338
f 750/2340/2339 751/2342/2341 867/2343/2342 868/2341/2340
f 751/2342/2341 732/2344/2303 866/2345/2306 867/2343/2342
s off
f 752/2346/2343 753/2347/2344 773/2348/2345 772/2349/2346
f 753/2350/2347 754/2351/2348 774/2352/2349 773/2353/2350
f 754/2354/2351 755/2355/2352 775/2356/2353 774/2357/2354
f 755/2358/2355 756/2359/2356 776/2360/2357 775/2361/2358
f 756/2362/2359 757/2363/2360 777/2364/2361 776/2365/2362
f 757/2366/2363 758/2367/2364 778/2368/2365 777/2369/2366
f 758/2370/2367 759/2371/2368 779/2372/2369 778/2373/2370
f 759/2374/2371 760/2375/2372 780/2376/2373 779/2377/2374
f 760/2378/2375 761/2379/2376 781/2380/2377 780/2381/2378
f 761/2382/2379 762/2383/2380 782/2384/2381 781/2385/2382
f 762/2386/2383 763/2387/2384 783/2388/2385 782/2389/2386
f 763/2390/2387 764/2391/2388 784/2392/2389 783/2393/2390
f 764/2394/2391 765/2395/2392 785/2396/2393 784/2397/2394
f 765/2398/2395 766/2399/2396 786/2400/2397 785/2401/2398
f 766/2402/2399 767/2403/2400 787/2404/2401 786/2405/2402
f 767/2406/2403 768/2407/2404 788/2408/2405 787/2409/2406
f 768/2410/2407 769/2411/2408 789/2412/2409 788/2413/2410
f 769/2414/2411 770/2415/2412 790/2416/2413 789/2417/2414
f 770/2418/2415 771/2419/2416 791/2420/2417 790/2421/2418
f 771/2422/2419 752/2423/2420 772/2424/2421 791/2425/2422
f 772/2426/2423 773/2427/2424 793/2428/2425 792/2429/2426
f 773/2430/2427 774/2431/2428 794/2432/2429 793/2433/2430
f 774/2434/2431 775/2435/2432 795/2436/2433 794/2437/2434
f 775/2438/2435 776/2439/2436 796/2440/2437 795/2441/2438
f 776/2442/2439 777/2443/2440 797/2444/2441 796/2445/2442
f 777/2446/2443 778/2447/2444 798/2448/2445 797/2449/2446
f 778/2450/2447 779/2451/2448 799/2452/2449 798/2453/2450
f 779/2454/2451 780/2455/2452 800/2456/2453 799/2457/2454
f 780/2458/2455 781/2459/2456 801/2460/2457 800/2461/2458
f 781/2462/2459 782/2463/2460 802/2464/2461 801/2465/2462
f 782/2466/2463 783/2467/2464 803/2468/2465 802/2469/2466
f 783/2470/2467 784/2471/2468 804/2472/2469 803/2473/2470
f 784/2474/2471 785/2475/2472 805/2476/2473 804/2477/2474
f 785/2478/2475 786/2479/2476 806/2480/2477 805/2481/2478
f 786/2482/2479 787/2483/2480 807/2484/2481 806/2485/2482
f 787/2486/2483 788/2487/2484 808/2488/2485 807/2489/2486
f 788/2490/2487 789/2491/2488 809/2492/2489 808/2493/2490
f 789/2494/2491 790/2495/2492 810/2496/2493 809/2497/2494
f 790/2498/2495 791/2499/2496 811/2500/2497 810/2501/2498
f 791/2502/2499 772/2503/2500 792/2504/2501 811/2505/2502
f 792/2506/2503 793/2507/2504 813/2508/2505 812/2509/2506
f 793/2510/2507 794/2511/2508 814/2512/2509 813/2513/2510
f 794/2514/2511 795/2515/2512 815/2516/2513 814/2517/2514
f 795/2518/2515 796/2519/2516 816/2520/2517 815/2521/2518
f 796/2522/2519 797/2523/2520 817/2524/2521 816/2525/2522
f 797/2526/2523 798/2527/2524 818/2528/2525 817/2529/2526
f 798/2530/2527 799/2531/2528 819/2532/2529 818/2533/2530
f 799/2534/2531 800/2535/2532 820/2536/2533 819/2537/2534
f 800/2538/2535 801/2539/2536 821/2540/2537 820/2541/2538
f 801/2542/2539 802/2543/2540 822/2544/2541 821/2545/2542
f 802/2546/2543 803/2547/2544 823/2548/2545 822/2549/2546
f 803/2550/2547 804/2551/2548 824/2552/2549 823/2553/2550
f 804/2554/2551 805/2555/2552 825/2556/2553 824/2557/2554
f 805/2558/2555 806/2559/2556 826/2560/2557 825/2561/2558
f 806/2562/2559 807/2563/2560 827/2564/2561 826/2565/2562
f 807/2566/2563 808/2567/2564 828/2568/2565 827/2569/2566
f 808/2570/2567 809/2571/2568 829/2572/2569 828/2573/2570
f 809/2574/2571 810/2575/2572 830/2576/2573 829/2577/2574
f 810/2578/2575 811/2579/2576 831/2580/2577 830/2581/2578
f 811/2582/2579 792/2583/2580 812/2584/2581 831/2585/2582
s 158
f 812/2586/2583 813/2587/2584 887/2588/2585 888/2589/2586
s 159
f 813/2590/2587 814/2591/2588 886/2592/2589 887/2593/2590
s 160
f 814/2594/2591 815/2595/2592 885/2596/2593 886/2597/2594
s 161
f 815/2598/2595 816/2599/2596 884/2600/2597 885/2601/2598
s 162
f 816/2602/2599 817/2603/2600 883/2604/2601 884/2605/2602
s 163
f 817/2606/2603 818/2607/2604 882/2608/2605 883/2609/2606
s 164
f 818/2610/2607 819/2611/2608 881/2612/2609 882/2613/2610
s 165
f 819/2614/2611 820/2615/2612 880/2616/2613 881/2617/2614
s 166
f 820/2618/2615 821/2619/2616 879/2620/2617 880/2621/2618
s 167
f 821/2622/2619 822/2623/2620 878/2624/2621 879/2625/2622
s 168
f 822/2626/2623 823/2627/2624 877/2628/2625 878/2629/2626
s 169
f 823/2630/2627 824/2631/2628 876/2632/2629 877/2633/2630
s 170
f 824/2634/2631 825/2635/2632 875/2636/2633 876/2637/2634
s 171
f 825/2638/2635 826/2639/2636 874/2640/2637 875/2641/2638
s 172
f 826/2642/2639 827/2643/2640 893/2644/2641 874/2645/2642
s 173
f 827/2646/2643 828/2647/2644 892/2648/2645 893/2649/2646
s 174
f 828/2650/2647 829/2651/2648 891/2652/2649 892/2653/2650
s 175
f 829/2654/2651 830/2655/2652 890/2656/2653 891/2657/2654
s 176
f 830/2658/2655 831/2659/2656 889/2660/2657 890/2661/2658
s 177
f 831/2662/2659 812/2663/2660 888/2664/2661 889/2665/2662
s off
f 832/2666/2663 833/2667/2664 852/2668/2665
f 833/2669/2666 834/2670/2667 852/2671/2668
f 834/2672/2669 835/2673/2670 852/2674/2671
f 835/2675/2672 836/2676/2673 852/2677/2674
f 836/2678/2675 837/2679/2676 852/2680/2677
f 837/2681/2678 838/2682/2679 852/2683/2680
f 838/2684/2681 839/2685/2682 852/2686/2683
f 839/2687/2684 840/2688/2685 852/2689/2686
f 840/2690/2687 841/2691/2688 852/2692/2689
f 841/2693/2690 842/2694/2691 852/2695/2692
f 842/2696/2693 843/2697/2694 852/2698/2695
f 843/2699/2696 844/2700/2697 852/2701/2698
f 844/2702/2699 845/2703/2700 852/2704/2701
f 845/2705/2702 846/2706/2703 852/2707/2704
f 846/2708/2705 847/2709/2706 852/2710/2707
f 847/2711/2708 848/2712/2709 852/2713/2710
f 848/2714/2711 849/2715/2712 852/2716/2713
f 849/2717/2714 850/2718/2715 852/2719/2716
f 850/2720/2717 851/2721/2718 852/2722/2719
f 851/2723/2720 832/2724/2721 852/2725/2722
f 733/2726/2723 732/2727/2724 853/2728/2725
f 734/2729/2726 733/2730/2727 853/2731/2728
f 735/2732/2729 734/2733/2730 853/2734/2731
f 736/2735/2732 735/2736/2733 853/2737/2734
f 737/2738/2735 736/2739/2736 853/2740/2737
f 738/2741/2738 737/2742/2739 853/2743/2740
f 739/2744/2741 738/2745/2742 853/2746/2743
f 740/2747/2744 739/2748/2745 853/2749/2746
f 741/2750/2747 740/2751/2748 853/2752/2749
f 742/2753/2750 741/2754/2751 853/2755/2752
f 743/2756/2753 742/2757/2754 853/2758/2755
f 744/2759/2756 743/2760/2757 853/2761/2758
f 745/2762/2759 744/2763/2760 853/2764/2761
f 746/2765/2762 745/2766/2763 853/2767/2764
f 747/2768/2765 746/2769/2766 853/2770/2767
f 748/2771/2768 747/2772/2769 853/2773/2770
f 749/2774/2771 748/2775/2772 853/2776/2773
f 750/2777/2774 749/2778/2775 853/2779/2776
f 751/2780/2777 750/2781/2778 853/2782/2779
f 732/2783/2780 751/2784/2781 853/2785/2782
s 157
f 855/2327/2326 854/2329/2328 764/2786/2783 763/2787/2784
f 856/2325/2324 855/2327/2326 763/2787/2784 762/2788/2785
f 857/2323/2322 856/2325/2324 762/2788/2785 761/2789/2786
f 858/2321/2320 857/2323/2322 761/2789/2786 760/2790/2787
f 859/2319/2318 858/2321/2320 760/2790/2787 759/2791/2788
f 860/2317/2316 859/2319/2318 759/2791/2788 758/2792/2789
f 861/2315/2314 860/2317/2316 758/2792/2789 757/2793/2790
f 862/2313/2312 861/2315/2314 757/2793/2790 756/2794/2791
f 863/2311/2310 862/2313/2312 756/2794/2791 755/2795/2792
f 864/2309/2308 863/2311/2310 755/2795/2792 754/2796/2793
f 865/2306/2305 864/2309/2308 754/2796/2793 753/2797/2794
f 866/2307/2306 865/2306/2305 753/2797/2794 752/2798/2795
f 867/2343/2342 866/2345/2306 752/2799/2795 771/2800/2796
f 868/2341/2340 867/2343/2342 771/2800/2796 770/2801/2797
f 869/2339/2338 868/2341/2340 770/2801/2797 769/2802/2798
f 870/2337/2336 869/2339/2338 769/2802/2798 768/2803/2799
f 871/2335/2334 870/2337/2336 768/2803/2799 767/2804/2800
f 872/2333/2332 871/2335/2334 767/2804/2800 766/2805/2801
f 873/2331/2330 872/2333/2332 766/2805/2801 765/2806/2802
f 854/2329/2328 873/2331/2330 765/2806/2802 764/2786/2783
s 171
f 875/2641/2638 874/2640/2637 846/2807/2803 845/2808/2804
s 170
f 876/2637/2634 875/2636/2633 845/2809/2805 844/2810/2806
s 169
f 877/2633/2630 876/2632/2629 844/2811/2807 843/2812/2808
s 168
f 878/2629/2626 877/2628/2625 843/2813/2809 842/2814/2810
s 167
f 879/2625/2622 878/2624/2621 842/2815/2811 841/2816/2812
s 166
f 880/2621/2618 879/2620/2617 841/2817/2813 840/2818/2814
s 165
f 881/2617/2614 880/2616/2613 840/2819/2815 839/2820/2816
s 164
f 882/2613/2610 881/2612/2609 839/2821/2817 838/2822/2818
s 163
f 883/2609/2606 882/2608/2605 838/2823/2819 837/2824/2820
s 162
f 884/2605/2602 883/2604/2601 837/2825/2821 836/2826/2822
s 161
f 885/2601/2598 884/2600/2597 836/2827/2823 835/2828/2824
s 160
f 886/2597/2594 885/2596/2593 835/2829/2825 834/2830/2826
s 159
f 887/2593/2590 886/2592/2589 834/2831/2827 833/2832/2828
s 158
f 888/2589/2586 887/2588/2585 833/2833/2829 832/2834/2830
s 177
f 889/2665/2662 888/2664/2661 832/2835/2831 851/2836/2832
s 176
f 890/2661/2658 889/2660/2657 851/2837/2833 850/2838/2834
s 175
f 891/2657/2654 890/2656/2653 850/2839/2835 849/2840/2836
s 174
f 892/2653/2650 891/2652/2649 849/2841/2837 848/2842/2838
s 173
f 893/2649/2646 892/2648/2645 848/2843/2839 847/2844/2840
s 172
f 874/2645/2642 893/2644/2641 847/2845/2841 846/2846/2842
s 178
usemtl aiStandardSurface3SG
f 894/2847/2843 895/2848/2844 1002/2849/2845 1003/2850/2846
f 895/2848/2844 896/2851/2847 1001/2852/2848 1002/2849/2845
f 896/2851/2847 897/2853/2849 1000/2854/2850 1001/2852/2848
f 897/2853/2849 898/2855/2851 999/2856/2852 1000/2854/2850
f 898/2855/2851 899/2857/2853 998/2858/2854 999/2856/2852
f 899/2857/2853 900/2859/2855 997/2860/2856 998/2858/2854
f 900/2859/2855 901/2861/2857 996/2862/2858 997/2860/2856
f 901/2861/2857 902/2863/2859 1015/2864/2860 996/2862/2858
f 902/2863/2859 903/2865/2861 1014/2866/2862 1015/2864/2860
f 903/2865/2861 904/2867/2863 1013/2868/2864 1014/2866/2862
f 904/2867/2863 905/2869/2865 1012/2870/2866 1013/2868/2864
f 905/2869/2865 906/2871/2867 1011/2872/2868 1012/2870/2866
f 906/2871/2867 907/2873/2869 1010/2874/2870 1011/2872/2868
f 907/2873/2869 908/2875/2871 1009/2876/2872 1010/2874/2870
f 908/2875/2871 909/2877/2873 1008/2878/2874 1009/2876/2872
f 909/2877/2873 910/2879/2875 1007/2880/2876 1008/2878/2874
f 910/2879/2875 911/2881/2877 1006/2882/2878 1007/2880/2876
f 911/2881/2877 912/2883/2879 1005/2884/2880 1006/2882/2878
f 912/2883/2879 913/2885/2881 1004/2886/2882 1005/2884/2880
f 913/2885/2881 894/2887/2843 1003/2888/2846 1004/2886/2882
s off
f 895/2889/2883 894/2890/2884 934/2891/2885 935/2892/2886
f 896/2893/2887 895/2894/2888 935/2895/2889 936/2896/2890
f 897/2897/2891 896/2898/2892 936/2899/2893 937/2900/2894
f 898/2901/2895 897/2902/2896 937/2903/2897 938/2904/2898
f 899/2905/2899 898/2906/2900 938/2907/2901 939/2908/2902
f 900/2909/2903 899/2910/2904 939/2911/2905 940/2912/2906
f 901/2913/2907 900/2914/2908 940/2915/2909 941/2916/2910
f 902/2917/2911 901/2918/2912 941/2919/2913 942/2920/2914
f 903/2921/2915 902/2922/2916 942/2923/2917 943/2924/2918
f 904/2925/2919 903/2926/2920 943/2927/2921 944/2928/2922
f 905/2929/2923 904/2930/2924 944/2931/2925 945/2932/2926
f 906/2933/2927 905/2934/2928 945/2935/2929 946/2936/2930
f 907/2937/2931 906/2938/2932 946/2939/2933 947/2940/2934
f 908/2941/2935 907/2942/2936 947/2943/2937 948/2944/2938
f 909/2945/2939 908/2946/2940 948/2947/2941 949/2948/2942
f 910/2949/2943 909/2950/2944 949/2951/2945 950/2952/2946
f 911/2953/2947 910/2954/2948 950/2955/2949 951/2956/2950
f 912/2957/2951 911/2958/2952 951/2959/2953 952/2960/2954
f 913/2961/2955 912/2962/2956 952/2963/2957 953/2964/2958
f 894/2965/2959 913/2966/2960 953/2967/2961 934/2968/2962
f 935/2969/2963 934/2970/2964 954/2971/2965 955/2972/2966
f 936/2973/2967 935/2974/2968 955/2975/2969 956/2976/2970
f 937/2977/2971 936/2978/2972 956/2979/2973 957/2980/2974
f 938/2981/2975 937/2982/2976 957/2983/2977 958/2984/2978
f 939/2985/2979 938/2986/2980 958/2987/2981 959/2988/2982
f 940/2989/2983 939/2990/2984 959/2991/2985 960/2992/2986
f 941/2993/2987 940/2994/2988 960/2995/2989 961/2996/2990
f 942/2997/2991 941/2998/2992 961/2999/2993 962/3000/2994
f 943/3001/2995 942/3002/2996 962/3003/2997 963/3004/2998
f 944/3005/2999 943/3006/3000 963/3007/3001 964/3008/3002
f 945/3009/3003 944/3010/3004 964/3011/3005 965/3012/3006
f 946/3013/3007 945/3014/3008 965/3015/3009 966/3016/3010
f 947/3017/3011 946/3018/3012 966/3019/3013 967/3020/3014
f 948/3021/3015 947/3022/3016 967/3023/3017 968/3024/3018
f 949/3025/3019 948/3026/3020 968/3027/3021 969/3028/3022
f 950/3029/3023 949/3030/3024 969/3031/3025 970/3032/3026
f 951/3033/3027 950/3034/3028 970/3035/3029 971/3036/3030
f 952/3037/3031 951/3038/3032 971/3039/3033 972/3040/3034
f 953/3041/3035 952/3042/3036 972/3043/3037 973/3044/3038
f 934/3045/3039 953/3046/3040 973/3047/3041 954/3048/3042
f 955/3049/3043 954/3050/3044 974/3051/3045 975/3052/3046
f 956/3053/3047 955/3054/3048 975/3055/3049 976/3056/3050
f 957/3057/3051 956/3058/3052 976/3059/3053 977/3060/3054
f 958/3061/3055 957/3062/3056 977/3063/3057 978/3064/3058
f 959/3065/3059 958/3066/3060 978/3067/3061 979/3068/3062
f 960/3069/3063 959/3070/3064 979/3071/3065 980/3072/3066
f 961/3073/3067 960/3074/3068 980/3075/3069 981/3076/3070
f 962/3077/3071 961/3078/3072 981/3079/3073 982/3080/3074
f 963/3081/3075 962/3082/3076 982/3083/3077 983/3084/3078
f 964/3085/3079 963/3086/3080 983/3087/3081 984/3088/3082
f 965/3089/3083 964/3090/3084 984/3091/3085 985/3092/3086
f 966/3093/3087 965/3094/3088 985/3095/3089 986/3096/3090
f 967/3097/3091 966/3098/3092 986/3099/3093 987/3100/3094
f 968/3101/3095 967/3102/3096 987/3103/3097 988/3104/3098
f 969/3105/3099 968/3106/3100 988/3107/3101 989/3108/3102
f 970/3109/3103 969/3110/3104 989/3111/3105 990/3112/3106
f 971/3113/3107 970/3114/3108 990/3115/3109 991/3116/3110
f 972/3117/3111 971/3118/3112 991/3119/3113 992/3120/3114
f 973/3121/3115 972/3122/3116 992/3123/3117 993/3124/3118
f 954/3125/3119 973/3126/3120 993/3127/3121 974/3128/3122
f 975/3129/3123 974/3130/3124 994/3131/3125
f 976/3132/3126 975/3133/3127 994/3134/3128
f 977/3135/3129 976/3136/3130 994/3137/3131
f 978/3138/3132 977/3139/3133 994/3140/3134
f 979/3141/3135 978/3142/3136 994/3143/3137
f 980/3144/3138 979/3145/3139 994/3146/3140
f 981/3147/3141 980/3148/3142 994/3149/3143
f 982/3150/3144 981/3151/3145 994/3152/3146
f 983/3153/3147 982/3154/3148 994/3155/3149
f 984/3156/3150 983/3157/3151 994/3158/3152
f 985/3159/3153 984/3160/3154 994/3161/3155
f 986/3162/3156 985/3163/3157 994/3164/3158
f 987/3165/3159 986/3166/3160 994/3167/3161
f 988/3168/3162 987/3169/3163 994/3170/3164
f 989/3171/3165 988/3172/3166 994/3173/3167
f 990/3174/3168 989/3175/3169 994/3176/3170
f 991/3177/3171 990/3178/3172 994/3179/3173
f 992/3180/3174 991/3181/3175 994/3182/3176
f 993/3183/3177 992/3184/3178 994/3185/3179
f 974/3186/3180 993/3187/3181 994/3188/3182
f 914/3189/3183 915/3190/3184 995/3191/3185
f 915/3192/3186 916/3193/3187 995/3194/3188
f 916/3195/3189 917/3196/3190 995/3197/3191
f 917/3198/3192 918/3199/3193 995/3200/3194
f 918/3201/3195 919/3202/3196 995/3203/3197
f 919/3204/3198 920/3205/3199 995/3206/3200
f 920/3207/3201 921/3208/3202 995/3209/3203
f 921/3210/3204 922/3211/3205 995/3212/3206
f 922/3213/3207 923/3214/3208 995/3215/3209
f 923/3216/3210 924/3217/3211 995/3218/3212
f 924/3219/3213 925/3220/3214 995/3221/3215
f 925/3222/3216 926/3223/3217 995/3224/3218
f 926/3225/3219 927/3226/3220 995/3227/3221
f 927/3228/3222 928/3229/3223 995/3230/3224
f 928/3231/3225 929/3232/3226 995/3233/3227
f 929/3234/3228 930/3235/3229 995/3236/3230
f 930/3237/3231 931/3238/3232 995/3239/3233
f 931/3240/3234 932/3241/3235 995/3242/3236
f 932/3243/3237 933/3244/3238 995/3245/3239
f 933/3246/3240 914/3247/3241 995/3248/3242
s 178
f 997/2860/2856 996/2862/2858 921/3249/3243 920/3250/3244
f 998/2858/2854 997/2860/2856 920/3250/3244 919/3251/3245
f 999/2856/2852 998/2858/2854 919/3251/3245 918/3252/3246
f 1000/2854/2850 999/2856/2852 918/3252/3246 917/3253/3247
f 1001/2852/2848 1000/2854/2850 917/3253/3247 916/3254/3248
f 1002/2849/2845 1001/2852/2848 916/3254/3248 915/3255/3249
f 1003/2850/2846 1002/2849/2845 915/3255/3249 914/3256/3250
f 1004/2886/2882 1003/2888/2846 914/3257/3250 933/3258/3251
f 1005/2884/2880 1004/2886/2882 933/3258/3251 932/3259/3252
f 1006/2882/2878 1005/2884/2880 932/3259/3252 931/3260/3253
f 1007/2880/2876 1006/2882/2878 931/3260/3253 930/3261/3254
f 1008/2878/2874 1007/2880/2876 930/3261/3254 929/3262/3255
f 1009/2876/2872 1008/2878/2874 929/3262/3255 928/3263/3256
f 1010/2874/2870 1009/2876/2872 928/3263/3256 927/3264/3257
f 1011/2872/2868 1010/2874/2870 927/3264/3257 926/3265/3258
f 1012/2870/2866 1011/2872/2868 926/3265/3258 925/3266/3259
f 1013/2868/2864 1012/2870/2866 925/3266/3259 924/3267/3260
f 1014/2866/2862 1013/2868/2864 924/3267/3260 923/3268/3261
f 1015/2864/2860 1014/2866/2862 923/3268/3261 922/3269/3262
f 996/2862/2858 1015/2864/2860 922/3269/3262 921/3249/3243
s 179
f 1016/3270/3263 1017/3271/3264 1166/3272/3265 1167/3273/3266
f 1017/3271/3264 1018/3274/3267 1165/3275/3268 1166/3272/3265
f 1018/3274/3267 1019/3276/3269 1164/3277/3270 1165/3275/3268
f 1019/3276/3269 1020/3278/3271 1163/3279/3272 1164/3277/3270
f 1020/3278/3271 1021/3280/3273 1162/3281/3274 1163/3279/3272
f 1021/3280/3273 1022/3282/3275 1161/3283/3276 1162/3281/3274
f 1022/3282/3275 1023/3284/3277 1160/3285/3278 1161/3283/3276
f 1023/3284/3277 1024/3286/3279 1159/3287/3280 1160/3285/3278
f 1024/3286/3279 1025/3288/3281 1158/3289/3282 1159/3287/3280
f 1025/3288/3281 1026/3290/3283 1157/3291/3284 1158/3289/3282
f 1026/3290/3283 1027/3292/3285 1176/3293/3286 1157/3291/3284
f 1027/3292/3285 1028/3294/3287 1175/3295/3288 1176/3293/3286
f 1028/3294/3287 1029/3296/3289 1174/3297/3290 1175/3295/3288
f 1029/3296/3289 1030/3298/3291 1173/3299/3292 1174/3297/3290
f 1030/3298/3291 1031/3300/3293 1172/3301/3294 1173/3299/3292
f 1031/3300/3293 1032/3302/3295 1171/3303/3296 1172/3301/3294
f 1032/3302/3295 1033/3304/3297 1170/3305/3298 1171/3303/3296
f 1033/3304/3297 1034/3306/3299 1169/3307/3300 1170/3305/3298
f 1034/3306/3299 1035/3308/3301 1168/3309/3302 1169/3307/3300
f 1035/3308/3301 1016/3310/3263 1167/3311/3266 1168/3309/3302
s off
f 1036/3312/3303 1037/3313/3304 1057/3314/3305 1056/3315/3306
f 1037/3316/3307 1038/3317/3308 1058/3318/3309 1057/3319/3310
f 1038/3320/3311 1039/3321/3312 1059/3322/3313 1058/3323/3314
f 1039/3324/3315 1040/3325/3316 1060/3326/3317 1059/3327/3318
f 1040/3328/3319 1041/3329/3320 1061/3330/3321 1060/3331/3322
f 1041/3332/3323 1042/3333/3324 1062/3334/3325 1061/3335/3326
f 1042/3336/3327 1043/3337/3328 1063/3338/3329 1062/3339/3330
f 1043/3340/3331 1044/3341/3332 1064/3342/3333 1063/3343/3334
f 1044/3344/3335 1045/3345/3336 1065/3346/3337 1064/3347/3338
f 1045/3348/3339 1046/3349/3340 1066/3350/3341 1065/3351/3342
f 1046/3352/3343 1047/3353/3344 1067/3354/3345 1066/3355/3346
f 1047/3356/3347 1048/3357/3348 1068/3358/3349 1067/3359/3350
f 1048/3360/3351 1049/3361/3352 1069/3362/3353 1068/3363/3354
f 1049/3364/3355 1050/3365/3356 1070/3366/3357 1069/3367/3358
f 1050/3368/3359 1051/3369/3360 1071/3370/3361 1070/3371/3362
f 1051/3372/3363 1052/3373/3364 1072/3374/3365 1071/3375/3366
f 1052/3376/3367 1053/3377/3368 1073/3378/3369 1072/3379/3370
f 1053/3380/3371 1054/3381/3372 1074/3382/3373 1073/3383/3374
f 1054/3384/3375 1055/3385/3376 1075/3386/3377 1074/3387/3378
f 1055/3388/3379 1036/3389/3380 1056/3390/3381 1075/3391/3382
s 180
f 1056/3392/3383 1057/3393/3384 1116/3394/3385 1097/3395/3386
s 181
f 1057/3396/3387 1058/3397/3388 1115/3398/3389 1116/3399/3390
s 182
f 1058/3400/3391 1059/3401/3392 1114/3402/3393 1115/3403/3394
s 183
f 1059/3404/3395 1060/3405/3396 1113/3406/3397 1114/3407/3398
s 184
f 1060/3408/3399 1061/3409/3400 1112/3410/3401 1113/3411/3402
s 185
f 1061/3412/3403 1062/3413/3404 1111/3414/3405 1112/3415/3406
s 186
f 1062/3416/3407 1063/3417/3408 1110/3418/3409 1111/3419/3410
s 187
f 1063/3420/3411 1064/3421/3412 1109/3422/3413 1110/3423/3414
s 188
f 1064/3424/3415 1065/3425/3416 1108/3426/3417 1109/3427/3418
s 189
f 1065/3428/3419 1066/3429/3420 1107/3430/3421 1108/3431/3422
s 190
f 1066/3432/3423 1067/3433/3424 1106/3434/3425 1107/3435/3426
s 191
f 1067/3436/3427 1068/3437/3428 1105/3438/3429 1106/3439/3430
s 192
f 1068/3440/3431 1069/3441/3432 1104/3442/3433 1105/3443/3434
s 193
f 1069/3444/3435 1070/3445/3436 1103/3446/3437 1104/3447/3438
s 194
f 1070/3448/3439 1071/3449/3440 1102/3450/3441 1103/3451/3442
s 195
f 1071/3452/3443 1072/3453/3444 1101/3454/3445 1102/3455/3446
s 196
f 1072/3456/3447 1073/3457/3448 1100/3458/3449 1101/3459/3450
s 197
f 1073/3460/3451 1074/3461/3452 1099/3462/3453 1100/3463/3454
s 198
f 1074/3464/3455 1075/3465/3456 1098/3466/3457 1099/3467/3458
s 199
f 1075/3468/3459 1056/3469/3460 1097/3470/3461 1098/3471/3462
s off
f 1076/3472/3463 1077/3473/3464 1096/3474/3465
f 1077/3475/3466 1078/3476/3467 1096/3477/3468
f 1078/3478/3469 1079/3479/3470 1096/3480/3471
f 1079/3481/3472 1080/3482/3473 1096/3483/3474
f 1080/3484/3475 1081/3485/3476 1096/3486/3477
f 1081/3487/3478 1082/3488/3479 1096/3489/3480
f 1082/3490/3481 1083/3491/3482 1096/3492/3483
f 1083/3493/3484 1084/3494/3485 1096/3495/3486
f 1084/3496/3487 1085/3497/3488 1096/3498/3489
f 1085/3499/3490 1086/3500/3491 1096/3501/3492
f 1086/3502/3493 1087/3503/3494 1096/3504/3495
f 1087/3505/3496 1088/3506/3497 1096/3507/3498
f 1088/3508/3499 1089/3509/3500 1096/3510/3501
f 1089/3511/3502 1090/3512/3503 1096/3513/3504
f 1090/3514/3505 1091/3515/3506 1096/3516/3507
f 1091/3517/3508 1092/3518/3509 1096/3519/3510
f 1092/3520/3511 1093/3521/3512 1096/3522/3513
f 1093/3523/3514 1094/3524/3515 1096/3525/3516
f 1094/3526/3517 1095/3527/3518 1096/3528/3519
f 1095/3529/3520 1076/3530/3521 1096/3531/3522
s 199
f 1098/3471/3462 1097/3470/3461 1117/3532/3523 1118/3533/3524
s 198
f 1099/3467/3458 1098/3466/3457 1118/3534/3525 1119/3535/3526
s 197
f 1100/3463/3454 1099/3462/3453 1119/3536/3527 1120/3537/3528
s 196
f 1101/3459/3450 1100/3458/3449 1120/3538/3529 1121/3539/3530
s 195
f 1102/3455/3446 1101/3454/3445 1121/3540/3531 1122/3541/3532
s 194
f 1103/3451/3442 1102/3450/3441 1122/3542/3533 1123/3543/3534
s 193
f 1104/3447/3438 1103/3446/3437 1123/3544/3535 1124/3545/3536
s 192
f 1105/3443/3434 1104/3442/3433 1124/3546/3537 1125/3547/3538
s 191
f 1106/3439/3430 1105/3438/3429 1125/3548/3539 1126/3549/3540
s 190
f 1107/3435/3426 1106/3434/3425 1126/3550/3541 1127/3551/3542
s 189
f 1108/3431/3422 1107/3430/3421 1127/3552/3543 1128/3553/3544
s 188
f 1109/3427/3418 1108/3426/3417 1128/3554/3545 1129/3555/3546
s 187
f 1110/3423/3414 1109/3422/3413 1129/3556/3547 1130/3557/3548
s 186
f 1111/3419/3410 1110/3418/3409 1130/3558/3549 1131/3559/3550
s 185
f 1112/3415/3406 1111/3414/3405 1131/3560/3551 1132/3561/3552
s 184
f 1113/3411/3402 1112/3410/3401 1132/3562/3553 1133/3563/3554
s 183
f 1114/3407/3398 1113/3406/3397 1133/3564/3555 1134/3565/3556
s 182
f 1115/3403/3394 1114/3402/3393 1134/3566/3557 1135/3567/3558
s 181
f 1116/3399/3390 1115/3398/3389 1135/3568/3559 1136/3569/3560
s 180
f 1097/3395/3386 1116/3394/3385 1136/3570/3561 1117/3571/3562
s 199
f 1118/3533/3524 1117/3532/3523 1076/3572/3563 1095/3573/3564
s 198
f 1119/3535/3526 1118/3534/3525 1095/3574/3565 1094/3575/3566
s 197
f 1120/3537/3528 1119/3536/3527 1094/3576/3567 1093/3577/3568
s 196
f 1121/3539/3530 1120/3538/3529 1093/3578/3569 1092/3579/3570
s 195
f 1122/3541/3532 1121/3540/3531 1092/3580/3571 1091/3581/3572
s 194
f 1123/3543/3534 1122/3542/3533 1091/3582/3573 1090/3583/3574
s 193
f 1124/3545/3536 1123/3544/3535 1090/3584/3575 1089/3585/3576
s 192
f 1125/3547/3538 1124/3546/3537 1089/3586/3577 1088/3587/3578
s 191
f 1126/3549/3540 1125/3548/3539 1088/3588/3579 1087/3589/3580
s 190
f 1127/3551/3542 1126/3550/3541 1087/3590/3581 1086/3591/3582
s 189
f 1128/3553/3544 1127/3552/3543 1086/3592/3583 1085/3593/3584
s 188
f 1129/3555/3546 1128/3554/3545 1085/3594/3585 1084/3595/3586
s 187
f 1130/3557/3548 1129/3556/3547 1084/3596/3587 1083/3597/3588
s 186
f 1131/3559/3550 1130/3558/3549 1083/3598/3589 1082/3599/3590
s 185
f 1132/3561/3552 1131/3560/3551 1082/3600/3591 1081/3601/3592
s 184
f 1133/3563/3554 1132/3562/3553 1081/3602/3593 1080/3603/3594
s 183
f 1134/3565/3556 1133/3564/3555 1080/3604/3595 1079/3605/3596
s 182
f 1135/3567/3558 1134/3566/3557 1079/3606/3597 1078/3607/3598
s 181
f 1136/3569/3560 1135/3568/3559 1078/3608/3599 1077/3609/3600
s 180
f 1117/3571/3562 1136/3570/3561 1077/3610/3601 1076/3611/3602
s 179
f 1138/3612/3603 1137/3613/3604 1046/3614/3605 1045/3615/3606
f 1139/3616/3607 1138/3612/3603 1045/3615/3606 1044/3617/3608
f 1140/3618/3609 1139/3616/3607 1044/3617/3608 1043/3619/3610
f 1141/3620/3611 1140/3618/3609 1043/3619/3610 1042/3621/3612
f 1142/3622/3613 1141/3620/3611 1042/3621/3612 1041/3623/3614
f 1143/3624/3615 1142/3622/3613 1041/3623/3614 1040/3625/3616
f 1144/3626/3617 1143/3624/3615 1040/3625/3616 1039/3627/3618
f 1145/3628/3619 1144/3626/3617 1039/3627/3618 1038/3629/3620
f 1146/3630/3621 1145/3628/3619 1038/3629/3620 1037/3631/3622
f 1147/3632/3623 1146/3630/3621 1037/3631/3622 1036/3633/3624
f 1148/3634/3625 1147/3635/3623 1036/3636/3624 1055/3637/3626
f 1149/3638/3627 1148/3634/3625 1055/3637/3626 1054/3639/3628
f 1150/3640/3629 1149/3638/3627 1054/3639/3628 1053/3641/3630
f 1151/3642/3631 1150/3640/3629 1053/3641/3630 1052/3643/3632
f 1152/3644/3633 1151/3642/3631 1052/3643/3632 1051/3645/3634
f 1153/3646/3635 1152/3644/3633 1051/3645/3634 1050/3647/3636
f 1154/3648/3637 1153/3646/3635 1050/3647/3636 1049/3649/3638
f 1155/3650/3639 1154/3648/3637 1049/3649/3638 1048/3651/3640
f 1156/3652/3641 1155/3650/3639 1048/3651/3640 1047/3653/3642
f 1137/3613/3604 1156/3652/3641 1047/3653/3642 1046/3614/3605
f 1158/3289/3282 1157/3291/3284 1180/3654/3643 1181/3655/3644
f 1159/3287/3280 1158/3289/3282 1181/3655/3644 1182/3656/3645
f 1160/3285/3278 1159/3287/3280 1182/3656/3645 1183/3657/3646
f 1161/3283/3276 1160/3285/3278 1183/3657/3646 1184/3658/3647
f 1162/3281/3274 1161/3283/3276 1184/3658/3647 1185/3659/3648
f 1163/3279/3272 1162/3281/3274 1185/3659/3648 1186/3660/3649
f 1164/3277/3270 1163/3279/3272 1186/3660/3649 1187/3661/3650
f 1165/3275/3268 1164/3277/3270 1187/3661/3650 1188/3662/3651
f 1166/3272/3265 1165/3275/3268 1188/3662/3651 1189/3663/3652
f 1167/3273/3266 1166/3272/3265 1189/3663/3652 1190/3664/3653
f 1168/3309/3302 1167/3311/3266 1190/3665/3653 1191/3666/3654
f 1169/3307/3300 1168/3309/3302 1191/3666/3654 1192/3667/3655
f 1170/3305/3298 1169/3307/3300 1192/3667/3655 1193/3668/3656
f 1171/3303/3296 1170/3305/3298 1193/3668/3656 1194/3669/3657
f 1172/3301/3294 1171/3303/3296 1194/3669/3657 1195/3670/3658
f 1173/3299/3292 1172/3301/3294 1195/3670/3658 1196/3671/3659
f 1174/3297/3290 1173/3299/3292 1196/3671/3659 1197/3672/3660
f 1175/3295/3288 1174/3297/3290 1197/3672/3660 1178/3673/3661
f 1176/3293/3286 1175/3295/3288 1178/3673/3661 1179/3674/3662
f 1157/3291/3284 1176/3293/3286 1179/3674/3662 1180/3654/3643
s off
f 1017/3675/3663 1016/3676/3664 1177/3677/3665
f 1018/3678/3666 1017/3679/3667 1177/3680/3668
f 1019/3681/3669 1018/3682/3670 1177/3683/3671
f 1020/3684/3672 1019/3685/3673 1177/3686/3674
f 1021/3687/3675 1020/3688/3676 1177/3689/3677
f 1022/3690/3678 1021/3691/3679 1177/3692/3680
f 1023/3693/3681 1022/3694/3682 1177/3695/3683
f 1024/3696/3684 1023/3697/3685 1177/3698/3686
f 1025/3699/3687 1024/3700/3688 1177/3701/3689
f 1026/3702/3690 1025/3703/3691 1177/3704/3692
f 1027/3705/3693 1026/3706/3694 1177/3707/3695
f 1028/3708/3696 1027/3709/3697 1177/3710/3698
f 1029/3711/3699 1028/3712/3700 1177/3713/3701
f 1030/3714/3702 1029/3715/3703 1177/3716/3704
f 1031/3717/3705 1030/3718/3706 1177/3719/3707
f 1032/3720/3708 1031/3721/3709 1177/3722/3710
f 1033/3723/3711 1032/3724/3712 1177/3725/3713
f 1034/3726/3714 1033/3727/3715 1177/3728/3716
f 1035/3729/3717 1034/3730/3718 1177/3731/3719
f 1016/3732/3720 1035/3733/3721 1177/3734/3722
s 179
f 1179/3674/3662 1178/3673/3661 1155/3650/3639 1156/3652/3641
f 1180/3654/3643 1179/3674/3662 1156/3652/3641 1137/3613/3604
f 1181/3655/3644 1180/3654/3643 1137/3613/3604 1138/3612/3603
f 1182/3656/3645 1181/3655/3644 1138/3612/3603 1139/3616/3607
f 1183/3657/3646 1182/3656/3645 1139/3616/3607 1140/3618/3609
f 1184/3658/3647 1183/3657/3646 1140/3618/3609 1141/3620/3611
f 1185/3659/3648 1184/3658/3647 1141/3620/3611 1142/3622/3613
f 1186/3660/3649 1185/3659/3648 1142/3622/3613 1143/3624/3615
f 1187/3661/3650 1186/3660/3649 1143/3624/3615 1144/3626/3617
f 1188/3662/3651 1187/3661/3650 1144/3626/3617 1145/3628/3619
f 1189/3663/3652 1188/3662/3651 1145/3628/3619 1146/3630/3621
f 1190/3664/3653 1189/3663/3652 1146/3630/3621 1147/3632/3623
f 1191/3666/3654 1190/3665/3653 1147/3635/3623 1148/3634/3625
f 1192/3667/3655 1191/3666/3654 1148/3634/3625 1149/3638/3627
f 1193/3668/3656 1192/3667/3655 1149/3638/3627 1150/3640/3629
f 1194/3669/3657 1193/3668/3656 1150/3640/3629 1151/3642/3631
f 1195/3670/3658 1194/3669/3657 1151/3642/3631 1152/3644/3633
f 1196/3671/3659 1195/3670/3658 1152/3644/3633 1153/3646/3635
f 1197/3672/3660 1196/3671/3659 1153/3646/3635 1154/3648/3637
f 1178/3673/3661 1197/3672/3660 1154/3648/3637 1155/3650/3639
s 201
usemtl aiStandardSurface1SG
f 1198/3735/3723 1199/3736/3724 1371/3737/3725 1372/3738/3726
f 1199/3736/3724 1200/3739/3727 1370/3740/3728 1371/3737/3725
f 1200/3739/3727 1201/3741/3729 1369/3742/3730 1370/3740/3728
f 1201/3741/3729 1202/3743/3731 1368/3744/3732 1369/3742/3730
f 1202/3743/3731 1203/3745/3733 1367/3746/3734 1368/3744/3732
f 1203/3745/3733 1204/3747/3735 1366/3748/3736 1367/3746/3734
f 1204/3747/3735 1205/3749/3737 1365/3750/3738 1366/3748/3736
f 1205/3749/3737 1206/3751/3739 1364/3752/3740 1365/3750/3738
f 1206/3751/3739 1207/3753/3741 1363/3754/3742 1364/3752/3740
f 1207/3753/3741 1208/3755/3743 1362/3756/3744 1363/3754/3742
f 1208/3755/3743 1209/3757/3745 1361/3758/3746 1362/3756/3744
f 1209/3757/3745 1210/3759/3747 1360/3760/3748 1361/3758/3746
f 1210/3759/3747 1211/3761/3749 1359/3762/3750 1360/3760/3748
f 1211/3761/3749 1212/3763/3751 1378/3764/3752 1359/3762/3750
f 1212/3763/3751 1213/3765/3753 1377/3766/3754 1378/3764/3752
f 1213/3765/3753 1214/3767/3755 1376/3768/3756 1377/3766/3754
f 1214/3767/3755 1215/3769/3757 1375/3770/3758 1376/3768/3756
f 1215/3769/3757 1216/3771/3759 1374/3772/3760 1375/3770/3758
f 1216/3771/3759 1217/3773/3761 1373/3774/3762 1374/3772/3760
f 1217/3773/3761 1198/3775/3723 1372/3776/3726 1373/3774/3762
s off
f 1218/3777/3763 1219/3778/3764 1239/3779/3765 1238/3780/3766
f 1219/3781/3767 1220/3782/3768 1240/3783/3769 1239/3784/3770
f 1220/3785/3771 1221/3786/3772 1241/3787/3773 1240/3788/3774
f 1221/3789/3775 1222/3790/3776 1242/3791/3777 1241/3792/3778
f 1222/3793/3779 1223/3794/3780 1243/3795/3781 1242/3796/3782
f 1223/3797/3783 1224/3798/3784 1244/3799/3785 1243/3800/3786
f 1224/3801/3787 1225/3802/3788 1245/3803/3789 1244/3804/3790
f 1225/3805/3791 1226/3806/3792 1246/3807/3793 1245/3808/3794
f 1226/3809/3795 1227/3810/3796 1247/3811/3797 1246/3812/3798
f 1227/3813/3799 1228/3814/3800 1248/3815/3801 1247/3816/3802
f 1228/3817/3803 1229/3818/3804 1249/3819/3805 1248/3820/3806
f 1229/3821/3807 1230/3822/3808 1250/3823/3809 1249/3824/3810
f 1230/3825/3811 1231/3826/3812 1251/3827/3813 1250/3828/3814
f 1231/3829/3815 1232/3830/3816 1252/3831/3817 1251/3832/3818
f 1232/3833/3819 1233/3834/3820 1253/3835/3821 1252/3836/3822
f 1233/3837/3823 1234/3838/3824 1254/3839/3825 1253/3840/3826
f 1234/3841/3827 1235/3842/3828 1255/3843/3829 1254/3844/3830
f 1235/3845/3831 1236/3846/3832 1256/3847/3833 1255/3848/3834
f 1236/3849/3835 1237/3850/3836 1257/3851/3837 1256/3852/3838
f 1237/3853/3839 1218/3854/3840 1238/3855/3841 1257/3856/3842
f 1238/3857/3843 1239/3858/3844 1259/3859/3845 1258/3860/3846
f 1239/3861/3847 1240/3862/3848 1260/3863/3849 1259/3864/3850
f 1240/3865/3851 1241/3866/3852 1261/3867/3853 1260/3868/3854
f 1241/3869/3855 1242/3870/3856 1262/3871/3857 1261/3872/3858
f 1242/3873/3859 1243/3874/3860 1263/3875/3861 1262/3876/3862
f 1243/3877/3863 1244/3878/3864 1264/3879/3865 1263/3880/3866
f 1244/3881/3867 1245/3882/3868 1265/3883/3869 1264/3884/3870
f 1245/3885/3871 1246/3886/3872 1266/3887/3873 1265/3888/3874
f 1246/3889/3875 1247/3890/3876 1267/3891/3877 1266/3892/3878
f 1247/3893/3879 1248/3894/3880 1268/3895/3881 1267/3896/3882
f 1248/3897/3883 1249/3898/3884 1269/3899/3885 1268/3900/3886
f 1249/3901/3887 1250/3902/3888 1270/3903/3889 1269/3904/3890
f 1250/3905/3891 1251/3906/3892 1271/3907/3893 1270/3908/3894
f 1251/3909/3895 1252/3910/3896 1272/3911/3897 1271/3912/3898
f 1252/3913/3899 1253/3914/3900 1273/3915/3901 1272/3916/3902
f 1253/3917/3903 1254/3918/3904 1274/3919/3905 1273/3920/3906
f 1254/3921/3907 1255/3922/3908 1275/3923/3909 1274/3924/3910
f 1255/3925/3911 1256/3926/3912 1276/3927/3913 1275/3928/3914
f 1256/3929/3915 1257/3930/3916 1277/3931/3917 1276/3932/3918
f 1257/3933/3919 1238/3934/3920 1258/3935/3921 1277/3936/3922
f 1258/3937/3923 1259/3938/3924 1279/3939/3925 1278/3940/3926
f 1259/3941/3927 1260/3942/3928 1280/3943/3929 1279/3944/3930
f 1260/3945/3931 1261/3946/3932 1281/3947/3933 1280/3948/3934
f 1261/3949/3935 1262/3950/3936 1282/3951/3937 1281/3952/3938
f 1262/3953/3939 1263/3954/3940 1283/3955/3941 1282/3956/3942
f 1263/3957/3943 1264/3958/3944 1284/3959/3945 1283/3960/3946
f 1264/3961/3947 1265/3962/3948 1285/3963/3949 1284/3964/3950
f 1265/3965/3951 1266/3966/3952 1286/3967/3953 1285/3968/3954
f 1266/3969/3955 1267/3970/3956 1287/3971/3957 1286/3972/3958
f 1267/3973/3959 1268/3974/3960 1288/3975/3961 1287/3976/3962
f 1268/3977/3963 1269/3978/3964 1289/3979/3965 1288/3980/3966
f 1269/3981/3967 1270/3982/3968 1290/3983/3969 1289/3984/3970
f 1270/3985/3971 1271/3986/3972 1291/3987/3973 1290/3988/3974
f 1271/3989/3975 1272/3990/3976 1292/3991/3977 1291/3992/3978
f 1272/3993/3979 1273/3994/3980 1293/3995/3981 1292/3996/3982
f 1273/3997/3983 1274/3998/3984 1294/3999/3985 1293/4000/3986
f 1274/4001/3987 1275/4002/3988 1295/4003/3989 1294/4004/3990
f 1275/4005/3991 1276/4006/3992 1296/4007/3993 1295/4008/3994
f 1276/4009/3995 1277/4010/3996 1297/4011/3997 1296/4012/3998
f 1277/4013/3999 1258/4014/4000 1278/4015/4001 1297/4016/4002
f 1278/4017/4003 1279/4018/4004 1299/4019/4005 1298/4020/4006
f 1279/4021/4007 1280/4022/4008 1300/4023/4009 1299/4024/4010
f 1280/4025/4011 1281/4026/4012 1301/4027/4013 1300/4028/4014
f 1281/4029/4015 1282/4030/4016 1302/4031/4017 1301/4032/4018
f 1282/4033/4019 1283/4034/4020 1303/4035/4021 1302/4036/4022
f 1283/4037/4023 1284/4038/4024 1304/4039/4025 1303/4040/4026
f 1284/4041/4027 1285/4042/4028 1305/4043/4029 1304/4044/4030
f 1285/4045/4031 1286/4046/4032 1306/4047/4033 1305/4048/4034
f 1286/4049/4035 1287/4050/4036 1307/4051/4037 1306/4052/4038
f 1287/4053/4039 1288/4054/4040 1308/4055/4041 1307/4056/4042
f 1288/4057/4043 1289/4058/4044 1309/4059/4045 1308/4060/4046
f 1289/4061/4047 1290/4062/4048 1310/4063/4049 1309/4064/4050
f 1290/4065/4051 1291/4066/4052 1311/4067/4053 1310/4068/4054
f 1291/4069/4055 1292/4070/4056 1312/4071/4057 1311/4072/4058
f 1292/4073/4059 1293/4074/4060 1313/4075/4061 1312/4076/4062
f 1293/4077/4063 1294/4078/4064 1314/4079/4065 1313/4080/4066
f 1294/4081/4067 1295/4082/4068 1315/4083/4069 1314/4084/4070
f 1295/4085/4071 1296/4086/4072 1316/4087/4073 1315/4088/4074
f 1296/4089/4075 1297/4090/4076 1317/4091/4077 1316/4092/4078
f 1297/4093/4079 1278/4094/4080 1298/4095/4081 1317/4096/4082
f 1298/4097/4083 1299/4098/4084 1319/4099/4085 1318/4100/4086
f 1299/4101/4087 1300/4102/4088 1320/4103/4089 1319/4104/4090
f 1300/4105/4091 1301/4106/4092 1321/4107/4093 1320/4108/4094
f 1301/4109/4095 1302/4110/4096 1322/4111/4097 1321/4112/4098
f 1302/4113/4099 1303/4114/4100 1323/4115/4101 1322/4116/4102
f 1303/4117/4103 1304/4118/4104 1324/4119/4105 1323/4120/4106
f 1304/4121/4107 1305/4122/4108 1325/4123/4109 1324/4124/4110
f 1305/4125/4111 1306/4126/4112 1326/4127/4113 1325/4128/4114
f 1306/4129/4115 1307/4130/4116 1327/4131/4117 1326/4132/4118
f 1307/4133/4119 1308/4134/4120 1328/4135/4121 1327/4136/4122
f 1308/4137/4123 1309/4138/4124 1329/4139/4125 1328/4140/4126
f 1309/4141/4127 1310/4142/4128 1330/4143/4129 1329/4144/4130
f 1310/4145/4131 1311/4146/4132 1331/4147/4133 1330/4148/4134
f 1311/4149/4135 1312/4150/4136 1332/4151/4137 1331/4152/4138
f 1312/4153/4139 1313/4154/4140 1333/4155/4141 1332/4156/4142
f 1313/4157/4143 1314/4158/4144 1334/4159/4145 1333/4160/4146
f 1314/4161/4147 1315/4162/4148 1335/4163/4149 1334/4164/4150
f 1315/4165/4151 1316/4166/4152 1336/4167/4153 1335/4168/4154
f 1316/4169/4155 1317/4170/4156 1337/4171/4157 1336/4172/4158
f 1317/4173/4159 1298/4174/4160 1318/4175/4161 1337/4176/4162
f 1318/4177/4163 1319/4178/4164 1339/4179/4165 1338/4180/4166
f 1319/4181/4167 1320/4182/4168 1340/4183/4169 1339/4184/4170
f 1320/4185/4171 1321/4186/4172 1341/4187/4173 1340/4188/4174
f 1321/4189/4175 1322/4190/4176 1342/4191/4177 1341/4192/4178
f 1322/4193/4179 1323/4194/4180 1343/4195/4181 1342/4196/4182
f 1323/4197/4183 1324/4198/4184 1344/4199/4185 1343/4200/4186
f 1324/4201/4187 1325/4202/4188 1345/4203/4189 1344/4204/4190
f 1325/4205/4191 1326/4206/4192 1346/4207/4193 1345/4208/4194
f 1326/4209/4195 1327/4210/4196 1347/4211/4197 1346/4212/4198
f 1327/4213/4199 1328/4214/4200 1348/4215/4201 1347/4216/4202
f 1328/4217/4203 1329/4218/4204 1349/4219/4205 1348/4220/4206
f 1329/4221/4207 1330/4222/4208 1350/4223/4209 1349/4224/4210
f 1330/4225/4211 1331/4226/4212 1351/4227/4213 1350/4228/4214
f 1331/4229/4215 1332/4230/4216 1352/4231/4217 1351/4232/4218
f 1332/4233/4219 1333/4234/4220 1353/4235/4221 1352/4236/4222
f 1333/4237/4223 1334/4238/4224 1354/4239/4225 1353/4240/4226
f 1334/4241/4227 1335/4242/4228 1355/4243/4229 1354/4244/4230
f 1335/4245/4231 1336/4246/4232 1356/4247/4233 1355/4248/4234
f 1336/4249/4235 1337/4250/4236 1357/4251/4237 1356/4252/4238
f 1337/4253/4239 1318/4254/4240 1338/4255/4241 1357/4256/4242
f 1338/4257/4243 1339/4258/4244 1358/4259/4245
f 1339/4260/4246 1340/4261/4247 1358/4262/4248
f 1340/4263/4249 1341/4264/4250 1358/4265/4251
f 1341/4266/4252 1342/4267/4253 1358/4268/4254
f 1342/4269/4255 1343/4270/4256 1358/4271/4257
f 1343/4272/4258 1344/4273/4259 1358/4274/4260
f 1344/4275/4261 1345/4276/4262 1358/4277/4263
f 1345/4278/4264 1346/4279/4265 1358/4280/4266
f 1346/4281/4267 1347/4282/4268 1358/4283/4269
f 1347/4284/4270 1348/4285/4271 1358/4286/4272
f 1348/4287/4273 1349/4288/4274 1358/4289/4275
f 1349/4290/4276 1350/4291/4277 1358/4292/4278
f 1350/4293/4279 1351/4294/4280 1358/4295/4281
f 1351/4296/4282 1352/4297/4283 1358/4298/4284
f 1352/4299/4285 1353/4300/4286 1358/4301/4287
f 1353/4302/4288 1354/4303/4289 1358/4304/4290
f 1354/4305/4291 1355/4306/4292 1358/4307/4293
f 1355/4308/4294 1356/4309/4295 1358/4310/4296
f 1356/4311/4297 1357/4312/4298 1358/4313/4299
f 1357/4314/4300 1338/4315/4301 1358/4316/4302
s 201
f 1360/3760/3748 1359/3762/3750 1231/4317/4303 1230/4318/4304
f 1361/3758/3746 1360/3760/3748 1230/4318/4304 1229/4319/4305
f 1362/3756/3744 1361/3758/3746 1229/4319/4305 1228/4320/4306
f 1363/3754/3742 1362/3756/3744 1228/4320/4306 1227/4321/4307
f 1364/3752/3740 1363/3754/3742 1227/4321/4307 1226/4322/4308
f 1365/3750/3738 1364/3752/3740 1226/4322/4308 1225/4323/4309
f 1366/3748/3736 1365/3750/3738 1225/4323/4309 1224/4324/4310
f 1367/3746/3734 1366/3748/3736 1224/4324/4310 1223/4325/4311
f 1368/3744/3732 1367/3746/3734 1223/4325/4311 1222/4326/4312
f 1369/3742/3730 1368/3744/3732 1222/4326/4312 1221/4327/4313
f 1370/3740/3728 1369/3742/3730 1221/4327/4313 1220/4328/4314
f 1371/3737/3725 1370/3740/3728 1220/4328/4314 1219/4329/4315
f 1372/3738/3726 1371/3737/3725 1219/4329/4315 1218/4330/4316
f 1373/3774/3762 1372/3776/3726 1218/4331/4316 1237/4332/4317
f 1374/3772/3760 1373/3774/3762 1237/4332/4317 1236/4333/4318
f 1375/3770/3758 1374/3772/3760 1236/4333/4318 1235/4334/4319
f 1376/3768/3756 1375/3770/3758 1235/4334/4319 1234/4335/4320
f 1377/3766/3754 1376/3768/3756 1234/4335/4320 1233/4336/4321
f 1378/3764/3752 1377/3766/3754 1233/4336/4321 1232/4337/4322
f 1359/3762/3750 1378/3764/3752 1232/4337/4322 1231/4317/4303
s off
f 1199/4338/4323 1198/4339/4324 1379/4340/4325
f 1200/4341/4326 1199/4342/4327 1379/4343/4328
f 1201/4344/4329 1200/4345/4330 1379/4346/4331
f 1202/4347/4332 1201/4348/4333 1379/4349/4334
f 1203/4350/4335 1202/4351/4336 1379/4352/4337
f 1204/4353/4338 1203/4354/4339 1379/4355/4340
f 1205/4356/4341 1204/4357/4342 1379/4358/4343
f 1206/4359/4344 1205/4360/4345 1379/4361/4346
f 1207/4362/4347 1206/4363/4348 1379/4364/4349
f 1208/4365/4350 1207/4366/4351 1379/4367/4352
f 1209/4368/4353 1208/4369/4354 1379/4370/4355
f 1210/4371/4356 1209/4372/4357 1379/4373/4358
f 1211/4374/4359 1210/4375/4360 1379/4376/4361
f 1212/4377/4362 1211/4378/4363 1379/4379/4364
f 1213/4380/4365 1212/4381/4366 1379/4382/4367
f 1214/4383/4368 1213/4384/4369 1379/4385/4370
f 1215/4386/4371 1214/4387/4372 1379/4388/4373
f 1216/4389/4374 1215/4390/4375 1379/4391/4376
f 1217/4392/4377 1216/4393/4378 1379/4394/4379
f 1198/4395/4380 1217/4396/4381 1379/4397/4382
