# Blender 3.5.1
# www.blender.org
mtllib erasers.mtl
o STAEDTLER
v 1.326218 -0.263661 0.237959
v 1.326218 0.289516 0.237959
v 1.326219 -0.263661 1.216824
v 1.326219 0.289516 1.216824
v -1.125882 -0.263661 0.237960
v -1.125882 0.289516 0.237960
v -1.125882 -0.263661 1.216825
v -1.125882 0.289516 1.216825
v 1.326219 -0.256947 1.211654
v 1.326218 -0.256947 0.243129
v 1.326218 0.282802 0.243129
v 1.326219 0.282802 1.211654
v -1.125882 0.282802 1.211655
v -1.125882 -0.256947 1.211655
v -1.125882 -0.256947 0.243130
v -1.125882 0.282802 0.243130
v -1.675755 -0.258560 1.191890
v -1.675755 -0.239753 1.210696
v -1.694562 -0.239753 1.191890
v -1.675756 -0.253051 1.205188
v -1.686614 -0.250611 1.202748
v -1.689054 -0.239753 1.205188
v -1.689054 -0.253051 1.191890
v -1.675755 0.265608 1.210696
v -1.675755 0.284414 1.191890
v -1.694562 0.265608 1.191890
v -1.675756 0.278906 1.205188
v -1.686614 0.276466 1.202748
v -1.689054 0.278906 1.191890
v -1.689054 0.265608 1.205188
v -1.675755 -0.258560 0.262894
v -1.694562 -0.239753 0.262894
v -1.675755 -0.239753 0.244088
v -1.689054 -0.253051 0.262894
v -1.686614 -0.250611 0.252036
v -1.689054 -0.239753 0.249596
v -1.675756 -0.253051 0.249596
v -1.675755 0.284414 0.262894
v -1.675755 0.265608 0.244088
v -1.694562 0.265608 0.262894
v -1.675756 0.278906 0.249596
v -1.686614 0.276466 0.252036
v -1.689054 0.265608 0.249596
v -1.689054 0.278906 0.262894
v 1.288747 -0.258560 1.191890
v 1.307554 -0.239753 1.191890
v 1.288747 -0.239753 1.210696
v 1.302045 -0.253051 1.191890
v 1.299605 -0.250611 1.202748
v 1.302045 -0.239753 1.205188
v 1.288747 -0.253051 1.205188
v 1.288747 0.284414 1.191890
v 1.288747 0.265608 1.210696
v 1.307554 0.265608 1.191890
v 1.288747 0.278906 1.205188
v 1.299605 0.276466 1.202748
v 1.302045 0.265608 1.205188
v 1.302045 0.278906 1.191890
v 1.288747 -0.258560 0.262894
v 1.288747 -0.239753 0.244088
v 1.307554 -0.239753 0.262894
v 1.288747 -0.253051 0.249596
v 1.299605 -0.250611 0.252036
v 1.302045 -0.239753 0.249596
v 1.302045 -0.253051 0.262894
v 1.288747 0.284414 0.262894
v 1.307554 0.265608 0.262894
v 1.288747 0.265608 0.244088
v 1.302045 0.278906 0.262894
v 1.299605 0.276466 0.252036
v 1.302045 0.265608 0.249596
v 1.288747 0.278906 0.249596
vn 1.0000 -0.0000 -0.0000
vn -0.0000 -0.0000 1.0000
vn -0.0000 -0.0000 -1.0000
vn -0.0000 -1.0000 -0.0000
vn -0.0000 1.0000 -0.0000
vn -1.0000 -0.0000 -0.0000
vn 0.1794 -0.1794 0.9673
vn 0.1794 0.1794 0.9673
vn -0.1794 0.1794 0.9673
vn -0.1794 -0.1794 0.9673
vn 0.9673 -0.1794 -0.1794
vn 0.9673 0.1794 -0.1794
vn 0.9673 0.1794 0.1794
vn 0.9673 -0.1794 0.1794
vn 0.1794 0.9673 -0.1794
vn -0.1794 0.9673 -0.1794
vn -0.1794 0.9673 0.1794
vn 0.1794 0.9673 0.1794
vn -0.9673 -0.1794 0.1794
vn -0.9673 0.1794 0.1794
vn -0.9673 0.1794 -0.1794
vn -0.9673 -0.1794 -0.1794
vn -0.1794 -0.1794 -0.9673
vn -0.1794 0.1794 -0.9673
vn 0.1794 0.1794 -0.9673
vn 0.1794 -0.1794 -0.9673
vn -0.1794 -0.9673 0.1794
vn -0.1585 -0.9194 0.3600
vn -0.3251 -0.8881 0.3251
vn -0.3600 -0.9194 0.1585
vn -0.3600 -0.1585 0.9194
vn -0.3251 -0.3251 0.8881
vn -0.1585 -0.3600 0.9194
vn -0.9194 -0.3600 0.1585
vn -0.8881 -0.3251 0.3250
vn -0.9194 -0.1585 0.3600
vn -0.1585 0.3600 0.9194
vn -0.3251 0.3251 0.8881
vn -0.3600 0.1585 0.9194
vn -0.3600 0.9194 0.1585
vn -0.3251 0.8881 0.3251
vn -0.1585 0.9194 0.3600
vn -0.9194 0.1585 0.3600
vn -0.8881 0.3251 0.3250
vn -0.9194 0.3600 0.1585
vn -0.1794 -0.9673 -0.1794
vn -0.3600 -0.9194 -0.1585
vn -0.3251 -0.8881 -0.3251
vn -0.1585 -0.9194 -0.3600
vn -0.9194 -0.1585 -0.3600
vn -0.8881 -0.3251 -0.3250
vn -0.9194 -0.3600 -0.1585
vn -0.1585 -0.3600 -0.9194
vn -0.3251 -0.3251 -0.8881
vn -0.3600 -0.1585 -0.9194
vn -0.1585 0.9194 -0.3600
vn -0.3251 0.8881 -0.3251
vn -0.3600 0.9194 -0.1585
vn -0.3600 0.1585 -0.9194
vn -0.3251 0.3251 -0.8881
vn -0.1585 0.3600 -0.9194
vn -0.9194 0.3600 -0.1585
vn -0.8881 0.3251 -0.3250
vn -0.9194 0.1585 -0.3600
vn 0.1794 -0.9673 0.1794
vn 0.3600 -0.9194 0.1585
vn 0.3251 -0.8881 0.3251
vn 0.1585 -0.9194 0.3600
vn 0.9194 -0.1585 0.3600
vn 0.8881 -0.3251 0.3251
vn 0.9194 -0.3600 0.1585
vn 0.1585 -0.3600 0.9194
vn 0.3251 -0.3251 0.8881
vn 0.3600 -0.1585 0.9194
vn 0.1585 0.9194 0.3600
vn 0.3251 0.8881 0.3251
vn 0.3600 0.9194 0.1585
vn 0.3600 0.1585 0.9194
vn 0.3251 0.3251 0.8881
vn 0.1585 0.3600 0.9194
vn 0.9194 0.3600 0.1585
vn 0.8881 0.3251 0.3251
vn 0.9194 0.1585 0.3600
vn 0.1794 -0.9673 -0.1794
vn 0.1585 -0.9194 -0.3600
vn 0.3251 -0.8881 -0.3251
vn 0.3600 -0.9194 -0.1585
vn 0.3600 -0.1585 -0.9194
vn 0.3251 -0.3251 -0.8881
vn 0.1585 -0.3600 -0.9194
vn 0.9194 -0.3600 -0.1585
vn 0.8881 -0.3251 -0.3251
vn 0.9194 -0.1585 -0.3600
vn 0.3600 0.9194 -0.1585
vn 0.3251 0.8881 -0.3251
vn 0.1585 0.9194 -0.3600
vn 0.9194 0.1585 -0.3600
vn 0.8881 0.3251 -0.3251
vn 0.9194 0.3600 -0.1585
vn 0.1585 0.3600 -0.9194
vn 0.3251 0.3251 -0.8881
vn 0.3600 0.1585 -0.9194
vt 0.872712 0.073427
vt 0.996808 0.389708
vt 0.045141 0.986653
vt 0.892015 0.092730
vt 0.930621 0.073427
vt 0.996808 0.003149
vt 0.995290 0.991199
vt 0.911318 0.092730
vt 0.872712 0.054124
vt 1.000448 0.001713
vt 0.045141 0.404991
vt 0.892015 0.034821
vt 1.000448 0.387883
vt 0.930621 0.054124
vt 0.995290 0.401658
vt 0.911318 0.034821
vt 0.003192 0.389708
vt 0.992458 0.986653
vt 0.892015 0.073427
vt 0.003192 0.003149
vt 0.044710 0.991199
vt 0.911318 0.073427
vt -0.000448 0.001713
vt 0.992458 0.404991
vt 0.892015 0.054124
vt -0.000448 0.387883
vt 0.044710 0.401658
vt 0.911318 0.054124
vt 0.872712 0.054124
vt 0.892015 0.034821
vt 0.892015 0.092730
vt 0.872712 0.073427
vt 0.911318 0.092730
vt 0.930621 0.073427
vt 0.930621 0.054124
vt 0.911318 0.034821
vt 0.911318 0.054124
vt 0.892015 0.054124
vt 0.892015 0.073427
vt 0.911318 0.073427
vt 0.126566 0.745136
vt 0.383659 0.998434
vt 0.383659 0.004864
vt 0.126566 0.750000
vt 0.375000 0.998434
vt 0.125662 0.750000
vt 0.378660 1.000000
vt 0.375000 0.002056
vt 0.383659 1.000000
vt 0.383659 0.000000
vt 0.125000 0.745136
vt 0.375000 0.004864
vt 0.616341 0.998434
vt 0.873434 0.745136
vt 0.616341 0.004864
vt 0.873434 0.750000
vt 0.625000 0.998434
vt 0.625000 0.999338
vt 0.875000 0.747944
vt 0.621340 0.000000
vt 0.875000 0.745136
vt 0.625000 0.004864
vt 0.616341 1.000000
vt 0.616341 0.000000
vt 0.126566 0.504864
vt 0.383659 0.245136
vt 0.383659 0.251566
vt 0.125000 0.504864
vt 0.375000 0.245136
vt 0.125000 0.502056
vt 0.378660 0.250000
vt 0.375000 0.250662
vt 0.383659 0.250000
vt 0.126566 0.500000
vt 0.375000 0.251566
vt 0.873434 0.504864
vt 0.616341 0.251566
vt 0.616341 0.245136
vt 0.873434 0.500000
vt 0.625000 0.251566
vt 0.874338 0.500000
vt 0.621340 0.250000
vt 0.625000 0.247944
vt 0.616341 0.250000
vt 0.875000 0.504864
vt 0.625000 0.245136
vt 0.373434 0.745136
vt 0.383659 0.745136
vt 0.383659 0.751566
vt 0.375000 0.745136
vt 0.376220 0.749535
vt 0.383659 0.750000
vt 0.373434 0.750000
vt 0.375000 0.751566
vt 0.626566 0.745136
vt 0.616341 0.751566
vt 0.616341 0.745136
vt 0.626566 0.750000
vt 0.625000 0.751566
vt 0.624001 0.749315
vt 0.616341 0.750000
vt 0.625000 0.745136
vt 0.373434 0.504864
vt 0.383659 0.498434
vt 0.383659 0.504864
vt 0.373434 0.500000
vt 0.375000 0.498434
vt 0.375999 0.500685
vt 0.383659 0.500000
vt 0.375000 0.504864
vt 0.626566 0.504864
vt 0.616341 0.504864
vt 0.616341 0.498434
vt 0.625000 0.504864
vt 0.623780 0.500465
vt 0.616341 0.500000
vt 0.626566 0.500000
vt 0.625000 0.498434
s 1
usemtl steadtler
f 3/9/1 1/1/1 10/32/1 9/29/1
f 3/10/2 4/13/2 8/26/2 7/23/2
f 2/5/1 4/14/1 12/35/1 11/34/1
f 5/17/3 6/20/3 2/6/3 1/2/3
f 3/11/4 7/24/4 5/18/4 1/3/4
f 8/27/5 4/15/5 2/7/5 6/21/5
f 9/30/5 10/32/5 15/39/5 14/38/5
f 9/30/3 14/38/3 13/37/3 12/36/3
f 6/22/6 5/19/6 15/39/6 16/40/6
f 5/19/6 7/25/6 14/38/6 15/39/6
f 4/16/1 3/12/1 9/30/1 12/36/1
f 1/4/1 2/8/1 11/33/1 10/31/1
f 8/28/6 6/22/6 16/40/6 13/37/6
f 7/25/6 8/28/6 13/37/6 14/38/6
f 11/34/4 12/36/4 13/37/4 16/40/4
f 10/32/2 11/34/2 16/40/2 15/39/2
usemtl eraser
f 47/89/7 53/96/8 24/53/9 18/42/10
f 61/105/11 67/112/12 54/97/13 46/88/14
f 66/111/15 38/76/16 25/54/17 52/95/18
f 19/43/19 26/55/20 40/78/21 32/66/22
f 33/67/23 39/77/24 68/113/25 60/104/26
f 17/41/27 20/44/28 21/46/29 23/51/30
f 18/42/10 22/49/31 21/47/32 20/45/33
f 19/43/19 23/52/34 21/48/35 22/50/36
f 24/53/9 27/57/37 28/58/38 30/63/39
f 25/54/17 29/61/40 28/59/41 27/56/42
f 26/55/20 30/64/43 28/60/44 29/62/45
f 31/65/46 34/68/47 35/70/48 37/74/49
f 32/66/22 36/73/50 35/71/51 34/69/52
f 33/67/23 37/75/53 35/72/54 36/73/55
f 38/76/16 41/79/56 42/81/57 44/85/58
f 39/77/24 43/84/59 42/82/60 41/80/61
f 40/78/21 44/86/62 42/83/63 43/84/64
f 45/87/65 48/90/66 49/91/67 51/93/68
f 46/88/14 50/92/69 49/91/70 48/90/71
f 47/89/7 51/94/72 49/91/73 50/92/74
f 52/95/18 55/98/75 56/100/76 58/102/77
f 53/96/8 57/101/78 56/100/79 55/99/80
f 54/97/13 58/102/81 56/100/82 57/101/83
f 59/103/84 62/106/85 63/108/86 65/110/87
f 60/104/26 64/109/88 63/108/89 62/107/90
f 61/105/11 65/110/91 63/108/92 64/109/93
f 66/111/15 69/114/94 70/115/95 72/117/96
f 67/112/12 71/116/97 70/115/98 69/114/99
f 68/113/25 72/118/100 70/115/101 71/116/102
f 31/65/46 17/41/27 23/51/30 34/68/47
f 34/69/52 23/52/34 19/43/19 32/66/22
f 18/42/10 24/53/9 30/63/39 22/49/31
f 22/50/36 30/64/43 26/55/20 19/43/19
f 25/54/17 38/76/16 44/85/58 29/61/40
f 29/62/45 44/86/62 40/78/21 26/55/20
f 39/77/24 33/67/23 36/73/55 43/84/59
f 43/84/64 36/73/50 32/66/22 40/78/21
f 59/103/84 31/65/46 37/74/49 62/106/85
f 62/107/90 37/75/53 33/67/23 60/104/26
f 38/76/16 66/111/15 72/117/96 41/79/56
f 41/80/61 72/118/100 68/113/25 39/77/24
f 67/112/12 61/105/11 64/109/93 71/116/97
f 71/116/102 64/109/88 60/104/26 68/113/25
f 45/87/65 59/103/84 65/110/87 48/90/66
f 48/90/71 65/110/91 61/105/11 46/88/14
f 66/111/15 52/95/18 58/102/77 69/114/94
f 69/114/99 58/102/81 54/97/13 67/112/12
f 53/96/8 47/89/7 50/92/74 57/101/78
f 57/101/83 50/92/69 46/88/14 54/97/13
f 17/41/27 45/87/65 51/93/68 20/44/28
f 20/45/33 51/94/72 47/89/7 18/42/10
f 52/95/18 25/54/17 27/56/42 55/98/75
f 55/99/80 27/57/37 24/53/9 53/96/8
f 31/65/46 59/103/84 45/87/65 17/41/27
o Cube
v 0.400431 -0.293119 -0.761383
v 0.565501 -0.128050 -0.761383
v 0.400431 -0.128050 -0.596314
v 0.451450 -0.285037 -0.761383
v 0.497441 -0.261606 -0.761383
v 0.400431 -0.285037 -0.710365
v 0.453098 -0.275466 -0.709012
v 0.495205 -0.253345 -0.710719
v 0.400431 -0.261606 -0.664374
v 0.451227 -0.253229 -0.666525
v 0.487773 -0.237553 -0.674042
v 0.557419 -0.128050 -0.710365
v 0.533987 -0.128050 -0.664374
v 0.557419 -0.179069 -0.761383
v 0.547848 -0.180421 -0.708717
v 0.525727 -0.178714 -0.666610
v 0.533987 -0.225059 -0.761383
v 0.525610 -0.222908 -0.710588
v 0.509935 -0.215391 -0.674042
v 0.400431 -0.179069 -0.604396
v 0.400431 -0.225059 -0.627827
v 0.451450 -0.128050 -0.604396
v 0.452803 -0.180716 -0.613967
v 0.451096 -0.222824 -0.636088
v 0.497441 -0.128050 -0.627827
v 0.495290 -0.178845 -0.636204
v 0.487773 -0.215391 -0.651880
v 0.565501 0.095049 -0.761383
v 0.426359 0.260119 -0.735456
v 0.400431 0.095049 -0.596314
v 0.557419 0.146068 -0.761383
v 0.533987 0.192058 -0.761383
v 0.557419 0.095049 -0.710365
v 0.547848 0.147715 -0.709012
v 0.525727 0.189823 -0.710719
v 0.533987 0.095049 -0.664374
v 0.525610 0.145844 -0.666525
v 0.509935 0.182390 -0.674042
v 0.400431 0.252036 -0.710365
v 0.400431 0.228605 -0.664374
v 0.451450 0.252036 -0.761383
v 0.452803 0.242465 -0.708717
v 0.451096 0.220345 -0.666610
v 0.497441 0.228605 -0.761383
v 0.495290 0.220228 -0.710588
v 0.487773 0.204552 -0.674042
v 0.451450 0.095049 -0.604396
v 0.497441 0.095049 -0.627827
v 0.400431 0.146068 -0.604396
v 0.453098 0.147420 -0.613967
v 0.495205 0.145713 -0.636088
v 0.400431 0.192058 -0.627827
v 0.451227 0.189907 -0.636204
v 0.487773 0.182390 -0.651880
v -0.570753 -0.293119 -0.761383
v -0.570753 -0.128050 -0.596314
v -0.735823 -0.128050 -0.761383
v -0.570754 -0.285037 -0.710365
v -0.570754 -0.261606 -0.664374
v -0.621772 -0.285037 -0.761383
v -0.623125 -0.275466 -0.708717
v -0.621418 -0.253345 -0.666610
v -0.667763 -0.261606 -0.761383
v -0.665612 -0.253229 -0.710588
v -0.658095 -0.237553 -0.674042
v -0.621772 -0.128050 -0.604396
v -0.667763 -0.128050 -0.627827
v -0.570754 -0.179069 -0.604396
v -0.623420 -0.180421 -0.613967
v -0.665527 -0.178714 -0.636088
v -0.570754 -0.225059 -0.627827
v -0.621549 -0.222908 -0.636204
v -0.658095 -0.215391 -0.651880
v -0.727741 -0.179069 -0.761383
v -0.704309 -0.225059 -0.761383
v -0.727741 -0.128050 -0.710365
v -0.718170 -0.180716 -0.709012
v -0.696049 -0.222824 -0.710719
v -0.704309 -0.128050 -0.664374
v -0.695933 -0.178845 -0.666525
v -0.680257 -0.215391 -0.674042
v -0.596681 0.260119 -0.735456
v -0.735823 0.095049 -0.761383
v -0.570753 0.095049 -0.596314
v -0.621772 0.252036 -0.761383
v -0.667763 0.228605 -0.761383
v -0.570753 0.252036 -0.710365
v -0.623420 0.242465 -0.709012
v -0.665527 0.220345 -0.710719
v -0.570753 0.228605 -0.664374
v -0.621549 0.220228 -0.666525
v -0.658095 0.204552 -0.674042
v -0.727741 0.095049 -0.710365
v -0.704309 0.095049 -0.664374
v -0.727741 0.146068 -0.761383
v -0.718170 0.147420 -0.708717
v -0.696049 0.145713 -0.666610
v -0.704309 0.192058 -0.761383
v -0.695932 0.189907 -0.710588
v -0.680256 0.182390 -0.674042
v -0.570753 0.146068 -0.604396
v -0.570753 0.192058 -0.627827
v -0.621772 0.095049 -0.604396
v -0.623125 0.147715 -0.613967
v -0.621418 0.189823 -0.636088
v -0.667763 0.095049 -0.627827
v -0.665612 0.145844 -0.636204
v -0.658095 0.182390 -0.651880
v 0.400431 -0.293119 -1.732568
v 0.400431 -0.128050 -1.897638
v 0.565501 -0.128050 -1.732568
v 0.400431 -0.285037 -1.783587
v 0.400431 -0.261606 -1.829578
v 0.451450 -0.285037 -1.732568
v 0.452803 -0.275466 -1.785235
v 0.451096 -0.253345 -1.827342
v 0.497441 -0.261606 -1.732568
v 0.495290 -0.253229 -1.783364
v 0.487773 -0.237553 -1.819910
v 0.451450 -0.128050 -1.889556
v 0.497441 -0.128050 -1.866124
v 0.400431 -0.179069 -1.889556
v 0.453098 -0.180421 -1.879984
v 0.495205 -0.178714 -1.857864
v 0.400431 -0.225059 -1.866124
v 0.451227 -0.222908 -1.857747
v 0.487773 -0.215391 -1.842072
v 0.557419 -0.179069 -1.732568
v 0.533987 -0.225059 -1.732568
v 0.557419 -0.128050 -1.783587
v 0.547848 -0.180716 -1.784940
v 0.525727 -0.222824 -1.783233
v 0.533987 -0.128050 -1.829578
v 0.525610 -0.178845 -1.827426
v 0.509935 -0.215391 -1.819910
v 0.426359 0.260119 -1.758496
v 0.565501 0.095049 -1.732568
v 0.400431 0.095049 -1.897638
v 0.451450 0.252036 -1.732568
v 0.497441 0.228605 -1.732568
v 0.400431 0.252036 -1.783587
v 0.453098 0.242465 -1.784940
v 0.495205 0.220345 -1.783233
v 0.400431 0.228605 -1.829578
v 0.451227 0.220228 -1.827426
v 0.487773 0.204552 -1.819910
v 0.557419 0.095049 -1.783587
v 0.533987 0.095049 -1.829578
v 0.557419 0.146068 -1.732568
v 0.547848 0.147420 -1.785235
v 0.525727 0.145713 -1.827342
v 0.533987 0.192058 -1.732568
v 0.525610 0.189907 -1.783364
v 0.509935 0.182390 -1.819910
v 0.400431 0.146068 -1.889556
v 0.400431 0.192058 -1.866124
v 0.451450 0.095049 -1.889556
v 0.452803 0.147715 -1.879984
v 0.451096 0.189823 -1.857864
v 0.497441 0.095049 -1.866124
v 0.495290 0.145844 -1.857747
v 0.487773 0.182390 -1.842072
v -0.570753 -0.293119 -1.732568
v -0.735823 -0.128050 -1.732568
v -0.570753 -0.128050 -1.897638
v -0.621772 -0.285037 -1.732568
v -0.667763 -0.261606 -1.732568
v -0.570753 -0.285037 -1.783587
v -0.623420 -0.275466 -1.784940
v -0.665527 -0.253345 -1.783233
v -0.570753 -0.261606 -1.829578
v -0.621549 -0.253229 -1.827426
v -0.658095 -0.237553 -1.819910
v -0.727741 -0.128050 -1.783587
v -0.704309 -0.128050 -1.829578
v -0.727741 -0.179069 -1.732568
v -0.718170 -0.180421 -1.785235
v -0.696049 -0.178714 -1.827342
v -0.704309 -0.225059 -1.732568
v -0.695932 -0.222908 -1.783364
v -0.680256 -0.215391 -1.819910
v -0.570753 -0.179069 -1.889556
v -0.570753 -0.225059 -1.866124
v -0.621772 -0.128050 -1.889556
v -0.623125 -0.180716 -1.879984
v -0.621418 -0.222824 -1.857864
v -0.667763 -0.128050 -1.866124
v -0.665612 -0.178845 -1.857747
v -0.658095 -0.215391 -1.842072
v -0.596681 0.260119 -1.758496
v -0.570753 0.095049 -1.897638
v -0.735823 0.095049 -1.732568
v -0.570754 0.252036 -1.783587
v -0.570754 0.228605 -1.829578
v -0.621772 0.252036 -1.732568
v -0.623125 0.242465 -1.785235
v -0.621418 0.220345 -1.827342
v -0.667763 0.228605 -1.732568
v -0.665612 0.220228 -1.783364
v -0.658095 0.204552 -1.819910
v -0.621772 0.095049 -1.889556
v -0.667763 0.095049 -1.866124
v -0.570754 0.146068 -1.889556
v -0.623420 0.147420 -1.879984
v -0.665527 0.145713 -1.857864
v -0.570754 0.192058 -1.866124
v -0.621549 0.189907 -1.857747
v -0.658095 0.182390 -1.842072
v -0.727741 0.146068 -1.732568
v -0.704309 0.192058 -1.732568
v -0.727741 0.095049 -1.783587
v -0.718170 0.147715 -1.784940
v -0.696049 0.189823 -1.783233
v -0.704309 0.095049 -1.829578
v -0.695933 0.145844 -1.827426
v -0.680257 0.182390 -1.819910
vn 0.9935 -0.0802 -0.0802
vn 0.9935 0.0802 -0.0802
vn 0.9935 0.0802 0.0802
vn 0.9935 -0.0802 0.0802
vn -0.0802 -0.0802 -0.9935
vn -0.0802 0.0802 -0.9935
vn 0.0802 0.0802 -0.9935
vn 0.0802 -0.0802 -0.9935
vn -0.1843 0.9655 -0.1843
vn -0.1843 0.9655 0.1843
vn 0.1843 0.9655 0.1843
vn 0.1843 0.9655 -0.1843
vn 0.0802 -0.0802 0.9935
vn 0.0802 0.0802 0.9935
vn -0.0802 0.0802 0.9935
vn -0.0802 -0.0802 0.9935
vn -0.9935 -0.0802 0.0802
vn -0.9935 0.0802 0.0802
vn -0.9935 0.0802 -0.0802
vn -0.9935 -0.0802 -0.0802
vn 0.0802 -0.9935 0.0802
vn 0.3083 -0.9479 0.0802
vn 0.3077 -0.9006 0.3068
vn 0.0805 -0.9478 0.3084
vn 0.5856 -0.8071 0.0754
vn 0.5697 -0.7707 0.2854
vn 0.8072 -0.5853 0.0758
vn 0.7705 -0.5698 0.2858
vn 0.2858 -0.7705 0.5698
vn 0.0758 -0.8072 0.5853
vn 0.5155 -0.6844 0.5156
vn 0.6844 -0.5156 0.5155
vn 0.9479 -0.0802 0.3083
vn 0.9006 -0.3068 0.3077
vn 0.9478 -0.3084 0.0805
vn 0.8071 -0.0754 0.5856
vn 0.7707 -0.2854 0.5697
vn 0.5853 -0.0758 0.8072
vn 0.5698 -0.2858 0.7705
vn 0.5156 -0.5155 0.6844
vn 0.0802 -0.3083 0.9479
vn 0.3068 -0.3077 0.9006
vn 0.3084 -0.0805 0.9478
vn 0.0754 -0.5856 0.8071
vn 0.2854 -0.5697 0.7707
vn 0.9479 0.3083 0.0802
vn 0.9006 0.3077 0.3068
vn 0.9478 0.0805 0.3084
vn 0.8071 0.5856 0.0754
vn 0.7707 0.5697 0.2854
vn 0.5853 0.8072 0.0758
vn 0.5698 0.7705 0.2858
vn 0.7705 0.2858 0.5698
vn 0.8072 0.0758 0.5853
vn 0.6844 0.5155 0.5156
vn 0.5156 0.6844 0.5155
vn 0.0794 0.9211 0.3811
vn 0.3381 0.8780 0.3390
vn 0.3811 0.9211 0.0795
vn 0.0754 0.8071 0.5856
vn 0.2854 0.7707 0.5697
vn 0.0758 0.5853 0.8072
vn 0.2858 0.5698 0.7705
vn 0.5155 0.5156 0.6844
vn 0.3083 0.0802 0.9479
vn 0.3077 0.3068 0.9006
vn 0.0805 0.3084 0.9478
vn 0.5856 0.0754 0.8071
vn 0.5697 0.2854 0.7707
vn -0.0802 -0.9935 0.0802
vn -0.0802 -0.9479 0.3083
vn -0.3068 -0.9006 0.3077
vn -0.3084 -0.9478 0.0805
vn -0.0754 -0.8071 0.5856
vn -0.2854 -0.7707 0.5697
vn -0.0758 -0.5853 0.8072
vn -0.2858 -0.5698 0.7705
vn -0.5698 -0.7705 0.2858
vn -0.5853 -0.8072 0.0758
vn -0.5156 -0.6844 0.5155
vn -0.5155 -0.5156 0.6844
vn -0.3083 -0.0802 0.9479
vn -0.3077 -0.3068 0.9006
vn -0.0805 -0.3084 0.9478
vn -0.5856 -0.0754 0.8071
vn -0.5697 -0.2854 0.7707
vn -0.8072 -0.0758 0.5853
vn -0.7705 -0.2858 0.5698
vn -0.6844 -0.5155 0.5156
vn -0.9479 -0.3083 0.0802
vn -0.9006 -0.3077 0.3068
vn -0.9478 -0.0805 0.3084
vn -0.8071 -0.5856 0.0754
vn -0.7707 -0.5697 0.2854
vn -0.3811 0.9211 0.0794
vn -0.3390 0.8780 0.3381
vn -0.0795 0.9211 0.3811
vn -0.5856 0.8071 0.0754
vn -0.5697 0.7707 0.2854
vn -0.8072 0.5853 0.0758
vn -0.7705 0.5698 0.2858
vn -0.2858 0.7705 0.5698
vn -0.0758 0.8072 0.5853
vn -0.5155 0.6844 0.5156
vn -0.6844 0.5156 0.5155
vn -0.9479 0.0802 0.3083
vn -0.9006 0.3068 0.3077
vn -0.9478 0.3084 0.0805
vn -0.8071 0.0754 0.5856
vn -0.7707 0.2854 0.5697
vn -0.5853 0.0758 0.8072
vn -0.5698 0.2858 0.7705
vn -0.5156 0.5155 0.6844
vn -0.0802 0.3083 0.9479
vn -0.3068 0.3077 0.9006
vn -0.3084 0.0805 0.9478
vn -0.0754 0.5856 0.8071
vn -0.2854 0.5697 0.7707
vn 0.0802 -0.9935 -0.0802
vn 0.0802 -0.9479 -0.3083
vn 0.3068 -0.9006 -0.3077
vn 0.3084 -0.9478 -0.0805
vn 0.0754 -0.8071 -0.5856
vn 0.2854 -0.7707 -0.5697
vn 0.0758 -0.5853 -0.8072
vn 0.2858 -0.5698 -0.7705
vn 0.5698 -0.7705 -0.2858
vn 0.5853 -0.8072 -0.0758
vn 0.5156 -0.6844 -0.5155
vn 0.5155 -0.5156 -0.6844
vn 0.3083 -0.0802 -0.9479
vn 0.3077 -0.3068 -0.9006
vn 0.0805 -0.3084 -0.9478
vn 0.5856 -0.0754 -0.8071
vn 0.5697 -0.2854 -0.7707
vn 0.8072 -0.0758 -0.5853
vn 0.7705 -0.2858 -0.5698
vn 0.6844 -0.5155 -0.5156
vn 0.9479 -0.3083 -0.0802
vn 0.9006 -0.3077 -0.3068
vn 0.9478 -0.0805 -0.3084
vn 0.8071 -0.5856 -0.0754
vn 0.7707 -0.5697 -0.2854
vn 0.3811 0.9211 -0.0794
vn 0.3390 0.8780 -0.3381
vn 0.0795 0.9211 -0.3811
vn 0.5856 0.8071 -0.0754
vn 0.5697 0.7707 -0.2854
vn 0.8072 0.5853 -0.0758
vn 0.7705 0.5698 -0.2858
vn 0.2858 0.7705 -0.5698
vn 0.0758 0.8072 -0.5853
vn 0.5155 0.6844 -0.5156
vn 0.6844 0.5156 -0.5155
vn 0.9479 0.0802 -0.3083
vn 0.9006 0.3068 -0.3077
vn 0.9478 0.3084 -0.0805
vn 0.8071 0.0754 -0.5856
vn 0.7707 0.2854 -0.5697
vn 0.5853 0.0758 -0.8072
vn 0.5698 0.2858 -0.7705
vn 0.5156 0.5155 -0.6844
vn 0.0802 0.3083 -0.9479
vn 0.3068 0.3077 -0.9006
vn 0.3084 0.0805 -0.9478
vn 0.0754 0.5856 -0.8071
vn 0.2854 0.5697 -0.7707
vn -0.0802 -0.9935 -0.0802
vn -0.3083 -0.9479 -0.0802
vn -0.3077 -0.9006 -0.3068
vn -0.0805 -0.9478 -0.3084
vn -0.5856 -0.8071 -0.0754
vn -0.5697 -0.7707 -0.2854
vn -0.8072 -0.5853 -0.0758
vn -0.7705 -0.5698 -0.2858
vn -0.2858 -0.7705 -0.5698
vn -0.0758 -0.8072 -0.5853
vn -0.5155 -0.6844 -0.5156
vn -0.6844 -0.5156 -0.5155
vn -0.9479 -0.0802 -0.3083
vn -0.9006 -0.3068 -0.3077
vn -0.9478 -0.3084 -0.0805
vn -0.8071 -0.0754 -0.5856
vn -0.7707 -0.2854 -0.5697
vn -0.5853 -0.0758 -0.8072
vn -0.5698 -0.2858 -0.7705
vn -0.5156 -0.5155 -0.6844
vn -0.0802 -0.3083 -0.9479
vn -0.3068 -0.3077 -0.9006
vn -0.3084 -0.0805 -0.9478
vn -0.0754 -0.5856 -0.8071
vn -0.2854 -0.5697 -0.7707
vn -0.0794 0.9211 -0.3811
vn -0.3381 0.8780 -0.3390
vn -0.3811 0.9211 -0.0795
vn -0.0754 0.8071 -0.5856
vn -0.2854 0.7707 -0.5697
vn -0.0758 0.5853 -0.8072
vn -0.2858 0.5698 -0.7705
vn -0.5698 0.7705 -0.2858
vn -0.5853 0.8072 -0.0758
vn -0.5156 0.6844 -0.5155
vn -0.5155 0.5156 -0.6844
vn -0.3083 0.0802 -0.9479
vn -0.3077 0.3068 -0.9006
vn -0.0805 0.3084 -0.9478
vn -0.5856 0.0754 -0.8071
vn -0.5697 0.2854 -0.7707
vn -0.8072 0.0758 -0.5853
vn -0.7705 0.2858 -0.5698
vn -0.6844 0.5155 -0.5156
vn -0.9479 0.3083 -0.0802
vn -0.9006 0.3077 -0.3068
vn -0.9478 0.0805 -0.3084
vn -0.8071 0.5856 -0.0754
vn -0.7707 0.5697 -0.2854
vt 0.102946 0.840011
vt 0.248314 0.964096
vt 0.248314 0.499237
vt 0.102946 0.844876
vt 0.102946 0.849261
vt 0.098082 0.840011
vt 0.097953 0.845033
vt 0.098115 0.849048
vt 0.093696 0.840011
vt 0.093901 0.844855
vt 0.094618 0.848340
vt 0.248314 0.968961
vt 0.248314 0.979836
vt 0.248314 0.483498
vt 0.236871 0.964096
vt 0.236568 0.969118
vt 0.236951 0.979836
vt 0.236951 0.483498
vt 0.102946 0.855751
vt 0.211291 0.964096
vt 0.098103 0.855751
vt 0.211291 0.968939
vt 0.211291 0.972424
vt 0.211291 0.483498
vt 0.094618 0.855751
vt 0.236871 0.499237
vt 0.087207 0.840011
vt 0.211291 0.499237
vt 0.248314 0.494373
vt 0.236502 0.494244
vt 0.211291 0.494407
vt 0.087207 0.844842
vt 0.248314 0.489987
vt 0.236921 0.490193
vt 0.211291 0.490909
vt 0.087207 0.848340
vt 0.298353 0.964096
vt 0.961700 0.961953
vt 0.298353 0.499237
vt 0.309795 0.964096
vt 0.320110 0.964096
vt 0.298353 0.968961
vt 0.310165 0.969090
vt 0.319609 0.968927
vt 0.298353 0.979836
vt 0.298353 0.483498
vt 0.309745 0.979836
vt 0.309745 0.483498
vt 0.317942 0.979836
vt 0.317942 0.483498
vt 0.984360 0.938551
vt 0.448585 0.840011
vt 0.459460 0.840011
vt 0.335376 0.499237
vt 0.938285 0.984600
vt 0.443720 0.844876
vt 0.985835 0.985834
vt 0.448742 0.845005
vt 0.459460 0.844842
vt 0.335376 0.494407
vt 0.443720 0.855751
vt 0.335376 0.964096
vt 0.335376 0.968939
vt 0.448564 0.855751
vt 0.335376 0.979836
vt 0.459460 0.848340
vt 0.335376 0.490909
vt 0.298353 0.494373
vt 0.298353 0.489987
vt 0.309795 0.499237
vt 0.310099 0.494216
vt 0.309716 0.490201
vt 0.320110 0.499237
vt 0.319628 0.494394
vt 0.317942 0.490909
vt 0.102946 0.747407
vt 0.248314 0.591842
vt 0.248314 0.623322
vt 0.098082 0.747406
vt 0.093696 0.747406
vt 0.102946 0.742542
vt 0.097925 0.742413
vt 0.093910 0.742575
vt 0.102946 0.738156
vt 0.098103 0.738361
vt 0.094618 0.739078
vt 0.248314 0.596707
vt 0.248314 0.601092
vt 0.236871 0.591842
vt 0.236568 0.596864
vt 0.236951 0.600879
vt 0.087207 0.747406
vt 0.211291 0.591842
vt 0.087207 0.742563
vt 0.211291 0.596686
vt 0.211291 0.600171
vt 0.087207 0.739078
vt 0.236871 0.623322
vt 0.102946 0.731667
vt 0.211291 0.623322
vt 0.248314 0.618457
vt 0.236502 0.618328
vt 0.211291 0.618491
vt 0.098115 0.731667
vt 0.248314 0.614072
vt 0.236921 0.614277
vt 0.211291 0.614994
vt 0.094618 0.731667
vt 0.961953 0.038300
vt 0.298352 0.623322
vt 0.298353 0.591842
vt 0.938551 0.015640
vt 0.443720 0.742542
vt 0.443720 0.731667
vt 0.335376 0.623322
vt 0.984600 0.061715
vt 0.448585 0.747406
vt 0.985835 0.014165
vt 0.448714 0.742385
vt 0.448551 0.731667
vt 0.335376 0.618491
vt 0.459460 0.747406
vt 0.335376 0.591842
vt 0.459460 0.742563
vt 0.335376 0.596686
vt 0.459460 0.739078
vt 0.335376 0.607582
vt 0.335376 0.600171
vt 0.298353 0.618457
vt 0.298353 0.614072
vt 0.309795 0.623322
vt 0.310099 0.618300
vt 0.309716 0.614285
vt 0.320110 0.623322
vt 0.319628 0.618479
vt 0.317942 0.614994
vt 0.317942 0.602284
vt 0.309795 0.591842
vt 0.320111 0.591842
vt 0.298353 0.596707
vt 0.310165 0.596836
vt 0.319609 0.596673
vt 0.298353 0.601092
vt 0.309745 0.600887
vt 0.317942 0.600171
vt 0.195551 0.840011
vt 0.248314 0.840011
vt 0.248314 0.871491
vt 0.200416 0.840011
vt 0.204801 0.840011
vt 0.195551 0.844876
vt 0.200573 0.845005
vt 0.204588 0.844842
vt 0.195551 0.849261
vt 0.200395 0.849056
vt 0.203880 0.848340
vt 0.248314 0.844876
vt 0.248314 0.849261
vt 0.236871 0.840011
vt 0.236568 0.845033
vt 0.236951 0.849048
vt 0.226556 0.840011
vt 0.227039 0.844855
vt 0.228725 0.848340
vt 0.205993 0.848340
vt 0.236871 0.871491
vt 0.195551 0.855751
vt 0.211291 0.871491
vt 0.248314 0.866626
vt 0.236502 0.866497
vt 0.211291 0.866660
vt 0.200382 0.855751
vt 0.248314 0.862241
vt 0.236921 0.862446
vt 0.211291 0.863163
vt 0.203880 0.855751
vt 0.038047 0.961700
vt 0.298352 0.871491
vt 0.298353 0.840011
vt 0.061449 0.984360
vt 0.351115 0.844876
vt 0.351115 0.855751
vt 0.335376 0.871491
vt 0.015400 0.938285
vt 0.346251 0.840011
vt 0.014165 0.985835
vt 0.346122 0.845033
vt 0.346284 0.855751
vt 0.335376 0.866660
vt 0.341865 0.840011
vt 0.342070 0.844855
vt 0.342787 0.855751
vt 0.335376 0.863163
vt 0.298353 0.866626
vt 0.298353 0.862241
vt 0.309795 0.871491
vt 0.310099 0.866469
vt 0.309716 0.862454
vt 0.320110 0.871491
vt 0.319628 0.866647
vt 0.317942 0.863163
vt 0.309795 0.840011
vt 0.320110 0.840011
vt 0.298353 0.844876
vt 0.310165 0.845005
vt 0.319609 0.844842
vt 0.298353 0.849261
vt 0.309745 0.849056
vt 0.317942 0.848340
vt 0.317942 0.861050
vt 0.195551 0.747406
vt 0.248314 0.715927
vt 0.248314 0.747406
vt 0.195551 0.742542
vt 0.195551 0.738156
vt 0.200416 0.747406
vt 0.200545 0.742385
vt 0.200382 0.738370
vt 0.204801 0.747406
vt 0.204596 0.742563
vt 0.203880 0.739078
vt 0.248314 0.720792
vt 0.248314 0.725177
vt 0.236871 0.715927
vt 0.236568 0.720949
vt 0.236951 0.724964
vt 0.195551 0.731667
vt 0.211291 0.715927
vt 0.200395 0.731667
vt 0.211291 0.720770
vt 0.211291 0.724255
vt 0.203880 0.731667
vt 0.236871 0.747407
vt 0.226556 0.747406
vt 0.248314 0.742542
vt 0.236502 0.742413
vt 0.227058 0.742576
vt 0.248314 0.738156
vt 0.236921 0.738362
vt 0.228725 0.739078
vt 0.205993 0.739078
vt 0.038300 0.038047
vt 0.298352 0.747406
vt 0.298353 0.715927
vt 0.015640 0.061449
vt 0.346251 0.747406
vt 0.341865 0.747406
vt 0.061715 0.015399
vt 0.351115 0.742542
vt 0.014165 0.014165
vt 0.346094 0.742413
vt 0.342079 0.742575
vt 0.351115 0.731667
vt 0.335376 0.715927
vt 0.346272 0.731667
vt 0.335376 0.720770
vt 0.342787 0.731667
vt 0.335376 0.724255
vt 0.298352 0.742542
vt 0.298353 0.738156
vt 0.309795 0.747406
vt 0.310099 0.742385
vt 0.309716 0.738370
vt 0.320110 0.747406
vt 0.319628 0.742563
vt 0.317942 0.739078
vt 0.317942 0.726368
vt 0.309795 0.715927
vt 0.320110 0.715927
vt 0.298353 0.720792
vt 0.310165 0.720921
vt 0.319609 0.720758
vt 0.298353 0.725177
vt 0.309745 0.724972
vt 0.317942 0.724255
s 1
usemtl Material.001
f 183/266/103 209/296/104 100/155/105 74/120/106
f 237/331/107 263/361/108 210/297/109 182/265/110
f 262/360/111 154/227/112 101/156/113 208/295/114
f 75/121/115 102/157/116 156/229/117 128/195/118
f 129/196/119 155/228/120 264/362/121 236/330/122
f 73/119/123 76/122/124 79/125/125 78/124/126
f 76/122/124 77/123/127 80/126/128 79/125/125
f 77/123/127 89/137/129 90/139/130 80/126/128
f 78/124/126 79/125/125 82/128/131 81/127/132
f 79/125/125 80/126/128 83/129/133 82/128/131
f 80/126/128 90/139/130 91/143/134 83/129/133
f 74/120/106 84/130/135 87/134/136 86/133/137
f 84/130/135 85/131/138 88/135/139 87/134/136
f 85/132/138 97/151/140 98/152/141 88/136/139
f 86/133/137 87/134/136 90/140/130 89/138/129
f 87/134/136 88/135/139 91/141/134 90/140/130
f 88/136/139 98/152/141 99/153/142 91/142/134
f 75/121/115 92/144/143 95/148/144 94/147/145
f 92/144/143 93/146/146 96/149/147 95/148/144
f 93/145/146 81/127/132 82/128/131 96/150/147
f 94/147/145 95/148/144 98/152/141 97/151/140
f 95/148/144 96/149/147 99/153/142 98/152/141
f 96/150/147 82/128/131 83/129/133 99/154/142
f 83/129/133 91/143/134 99/154/142
f 100/155/105 103/158/148 106/161/149 105/160/150
f 103/158/148 104/159/151 107/162/152 106/161/149
f 104/159/151 116/180/153 117/181/154 107/162/152
f 105/160/150 106/161/149 109/165/155 108/163/156
f 106/161/149 107/162/152 110/167/157 109/165/155
f 107/162/152 117/181/154 118/183/158 110/167/157
f 101/156/113 111/169/159 114/175/160 113/173/161
f 111/170/159 112/171/162 115/177/163 114/176/160
f 112/172/162 124/191/164 125/192/165 115/178/163
f 113/174/161 114/176/160 117/182/154 116/179/153
f 114/176/160 115/177/163 118/184/158 117/182/154
f 115/178/163 125/192/165 126/193/166 118/185/158
f 102/157/116 119/186/167 122/189/168 121/188/169
f 119/186/167 120/187/170 123/190/171 122/189/168
f 120/187/170 108/164/156 109/166/155 123/190/171
f 121/188/169 122/189/168 125/192/165 124/191/164
f 122/189/168 123/190/171 126/193/166 125/192/165
f 123/190/171 109/166/155 110/168/157 126/193/166
f 110/168/157 118/185/158 126/193/166
f 127/194/172 130/197/173 133/200/174 132/199/175
f 130/197/173 131/198/176 134/201/177 133/200/174
f 131/198/176 143/210/178 144/212/179 134/201/177
f 132/199/175 133/200/174 136/203/180 135/202/181
f 133/200/174 134/201/177 137/204/182 136/203/180
f 134/201/177 144/212/179 145/215/183 137/204/182
f 128/195/118 138/205/184 141/208/185 140/207/186
f 138/205/184 139/206/187 142/209/188 141/208/185
f 139/206/187 151/223/189 152/224/190 142/209/188
f 140/207/186 141/208/185 144/213/179 143/211/178
f 141/208/185 142/209/188 145/214/183 144/213/179
f 142/209/188 152/224/190 153/225/191 145/214/183
f 129/196/119 146/216/192 149/220/193 148/219/194
f 146/216/192 147/218/195 150/221/196 149/220/193
f 147/217/195 135/202/181 136/203/180 150/222/196
f 148/219/194 149/220/193 152/224/190 151/223/189
f 149/220/193 150/221/196 153/225/191 152/224/190
f 150/222/196 136/203/180 137/204/182 153/226/191
f 137/204/182 145/215/183 153/226/191
f 154/227/112 157/230/197 160/236/198 159/234/199
f 157/231/197 158/232/200 161/238/201 160/237/198
f 158/233/200 170/252/202 171/253/203 161/239/201
f 159/235/199 160/237/198 163/242/204 162/240/205
f 160/237/198 161/238/201 164/244/206 163/242/204
f 161/239/201 171/253/203 172/254/207 164/245/206
f 155/228/120 165/247/208 168/250/209 167/249/210
f 165/247/208 166/248/211 169/251/212 168/250/209
f 166/248/211 178/261/213 179/262/214 169/251/212
f 167/249/210 168/250/209 171/253/203 170/252/202
f 168/250/209 169/251/212 172/254/207 171/253/203
f 169/251/212 179/262/214 180/263/215 172/254/207
f 156/229/117 173/256/216 176/259/217 175/258/218
f 173/256/216 174/257/219 177/260/220 176/259/217
f 174/257/219 162/241/205 163/243/204 177/260/220
f 175/258/218 176/259/217 179/262/214 178/261/213
f 176/259/217 177/260/220 180/263/215 179/262/214
f 177/260/220 163/243/204 164/246/206 180/263/215
f 164/246/206 172/255/207 180/263/215
f 181/264/221 184/267/222 187/270/223 186/269/224
f 184/267/222 185/268/225 188/271/226 187/270/223
f 185/268/225 197/280/227 198/281/228 188/271/226
f 186/269/224 187/270/223 190/273/229 189/272/230
f 187/270/223 188/271/226 191/274/231 190/273/229
f 188/271/226 198/281/228 199/282/232 191/274/231
f 182/265/110 192/275/233 195/278/234 194/277/235
f 192/275/233 193/276/236 196/279/237 195/278/234
f 193/276/236 205/291/238 206/292/239 196/279/237
f 194/277/235 195/278/234 198/281/228 197/280/227
f 195/278/234 196/279/237 199/282/232 198/281/228
f 196/279/237 206/292/239 207/293/240 199/282/232
f 183/266/103 200/284/241 203/288/242 202/287/243
f 200/284/241 201/286/244 204/289/245 203/288/242
f 201/285/244 189/272/230 190/273/229 204/290/245
f 202/287/243 203/288/242 206/292/239 205/291/238
f 203/288/242 204/289/245 207/293/240 206/292/239
f 204/290/245 190/273/229 191/274/231 207/294/240
f 191/274/231 199/283/232 207/294/240
f 208/295/114 211/298/246 214/304/247 213/302/248
f 211/299/246 212/300/249 215/306/250 214/305/247
f 212/301/249 224/317/251 225/318/252 215/307/250
f 213/303/248 214/305/247 217/309/253 216/308/254
f 214/305/247 215/306/250 218/310/255 217/309/253
f 215/307/250 225/318/252 226/319/256 218/311/255
f 209/296/104 219/312/257 222/315/258 221/314/259
f 219/312/257 220/313/260 223/316/261 222/315/258
f 220/313/260 232/325/262 233/326/263 223/316/261
f 221/314/259 222/315/258 225/318/252 224/317/251
f 222/315/258 223/316/261 226/319/256 225/318/252
f 223/316/261 233/326/263 234/327/264 226/319/256
f 210/297/109 227/320/265 230/323/266 229/322/267
f 227/320/265 228/321/268 231/324/269 230/323/266
f 228/321/268 216/308/254 217/309/253 231/324/269
f 229/322/267 230/323/266 233/326/263 232/325/262
f 230/323/266 231/324/269 234/327/264 233/326/263
f 231/324/269 217/309/253 218/310/255 234/327/264
f 218/311/255 226/319/256 234/328/264
f 235/329/270 238/332/271 241/335/272 240/334/273
f 238/332/271 239/333/274 242/336/275 241/335/272
f 239/333/274 251/345/276 252/347/277 242/336/275
f 240/334/273 241/335/272 244/338/278 243/337/279
f 241/335/272 242/336/275 245/339/280 244/338/278
f 242/336/275 252/347/277 253/350/281 245/339/280
f 236/330/122 246/340/282 249/343/283 248/342/284
f 246/340/282 247/341/285 250/344/286 249/343/283
f 247/341/285 259/356/287 260/357/288 250/344/286
f 248/342/284 249/343/283 252/348/277 251/346/276
f 249/343/283 250/344/286 253/349/281 252/348/277
f 250/344/286 260/357/288 261/358/289 253/349/281
f 237/331/107 254/351/290 257/354/291 256/353/292
f 254/351/290 255/352/293 258/355/294 257/354/291
f 255/352/293 243/337/279 244/338/278 258/355/294
f 256/353/292 257/354/291 260/357/288 259/356/287
f 257/354/291 258/355/294 261/358/289 260/357/288
f 258/355/294 244/338/278 245/339/280 261/358/289
f 245/339/280 253/350/281 261/359/289
f 262/360/111 265/363/295 268/368/296 267/366/297
f 265/364/295 266/365/298 269/370/299 268/369/296
f 266/365/298 278/382/300 279/383/301 269/370/299
f 267/367/297 268/369/296 271/373/302 270/371/303
f 268/369/296 269/370/299 272/375/304 271/373/302
f 269/370/299 279/383/301 280/384/305 272/375/304
f 263/361/108 273/377/306 276/380/307 275/379/308
f 273/377/306 274/378/309 277/381/310 276/380/307
f 274/378/309 286/391/311 287/392/312 277/381/310
f 275/379/308 276/380/307 279/383/301 278/382/300
f 276/380/307 277/381/310 280/384/305 279/383/301
f 277/381/310 287/392/312 288/393/313 280/384/305
f 264/362/121 281/386/314 284/389/315 283/388/316
f 281/386/314 282/387/317 285/390/318 284/389/315
f 282/387/317 270/372/303 271/374/302 285/390/318
f 283/388/316 284/389/315 287/392/312 286/391/311
f 284/389/315 285/390/318 288/393/313 287/392/312
f 285/390/318 271/374/302 272/376/304 288/393/313
f 272/376/304 280/385/305 288/393/313
f 127/194/172 73/119/123 78/124/126 130/197/173
f 130/197/173 78/124/126 81/127/132 131/198/176
f 131/198/176 81/127/132 93/145/146 143/210/178
f 143/211/178 93/146/146 92/144/143 140/207/186
f 140/207/186 92/144/143 75/121/115 128/195/118
f 74/120/106 100/155/105 105/160/150 84/130/135
f 84/130/135 105/160/150 108/163/156 85/131/138
f 85/132/138 108/164/156 120/187/170 97/151/140
f 97/151/140 120/187/170 119/186/167 94/147/145
f 94/147/145 119/186/167 102/157/116 75/121/115
f 101/156/113 154/227/112 159/234/199 111/169/159
f 111/170/159 159/235/199 162/240/205 112/171/162
f 112/172/162 162/241/205 174/257/219 124/191/164
f 124/191/164 174/257/219 173/256/216 121/188/169
f 121/188/169 173/256/216 156/229/117 102/157/116
f 155/228/120 129/196/119 148/219/194 165/247/208
f 165/247/208 148/219/194 151/223/189 166/248/211
f 166/248/211 151/223/189 139/206/187 178/261/213
f 178/261/213 139/206/187 138/205/184 175/258/218
f 175/258/218 138/205/184 128/195/118 156/229/117
f 235/329/270 127/194/172 132/199/175 238/332/271
f 238/332/271 132/199/175 135/202/181 239/333/274
f 239/333/274 135/202/181 147/217/195 251/345/276
f 251/346/276 147/218/195 146/216/192 248/342/284
f 248/342/284 146/216/192 129/196/119 236/330/122
f 154/227/112 262/360/111 267/366/297 157/230/197
f 157/231/197 267/367/297 270/371/303 158/232/200
f 158/233/200 270/372/303 282/387/317 170/252/202
f 170/252/202 282/387/317 281/386/314 167/249/210
f 167/249/210 281/386/314 264/362/121 155/228/120
f 263/361/108 237/331/107 256/353/292 273/377/306
f 273/377/306 256/353/292 259/356/287 274/378/309
f 274/378/309 259/356/287 247/341/285 286/391/311
f 286/391/311 247/341/285 246/340/282 283/388/316
f 283/388/316 246/340/282 236/330/122 264/362/121
f 181/264/221 235/329/270 240/334/273 184/267/222
f 184/267/222 240/334/273 243/337/279 185/268/225
f 185/268/225 243/337/279 255/352/293 197/280/227
f 197/280/227 255/352/293 254/351/290 194/277/235
f 194/277/235 254/351/290 237/331/107 182/265/110
f 262/360/111 208/295/114 213/302/248 265/363/295
f 265/364/295 213/303/248 216/308/254 266/365/298
f 266/365/298 216/308/254 228/321/268 278/382/300
f 278/382/300 228/321/268 227/320/265 275/379/308
f 275/379/308 227/320/265 210/297/109 263/361/108
f 209/296/104 183/266/103 202/287/243 219/312/257
f 219/312/257 202/287/243 205/291/238 220/313/260
f 220/313/260 205/291/238 193/276/236 232/325/262
f 232/325/262 193/276/236 192/275/233 229/322/267
f 229/322/267 192/275/233 182/265/110 210/297/109
f 73/119/123 181/264/221 186/269/224 76/122/124
f 76/122/124 186/269/224 189/272/230 77/123/127
f 77/123/127 189/272/230 201/285/244 89/137/129
f 89/138/129 201/286/244 200/284/241 86/133/137
f 86/133/137 200/284/241 183/266/103 74/120/106
f 208/295/114 101/156/113 113/173/161 211/298/246
f 211/299/246 113/174/161 116/179/153 212/300/249
f 212/301/249 116/180/153 104/159/151 224/317/251
f 224/317/251 104/159/151 103/158/148 221/314/259
f 221/314/259 103/158/148 100/155/105 209/296/104
f 127/194/172 235/329/270 181/264/221 73/119/123
o Cube.001
v -1.058580 -0.274696 -2.813979
v -1.098298 -0.196713 -2.735997
v -1.184280 -0.213017 -2.813979
v -1.059484 -0.268757 -2.789877
v -1.064576 -0.256573 -2.768150
v -1.086060 -0.273796 -2.813979
v -1.087990 -0.267213 -2.789099
v -1.091980 -0.255691 -2.769206
v -1.115107 -0.266155 -2.813979
v -1.115026 -0.259996 -2.789983
v -1.114559 -0.251189 -2.772717
v -1.123833 -0.199632 -2.739815
v -1.147242 -0.203060 -2.750885
v -1.084982 -0.218695 -2.739815
v -1.111012 -0.222341 -2.744337
v -1.132913 -0.224791 -2.754787
v -1.073369 -0.239308 -2.750885
v -1.099370 -0.241320 -2.754842
v -1.119891 -0.240719 -2.762248
v -1.166754 -0.234201 -2.813979
v -1.142937 -0.252499 -2.813979
v -1.179030 -0.210098 -2.789877
v -1.160295 -0.231839 -2.789238
v -1.138199 -0.248643 -2.790044
v -1.166278 -0.206670 -2.768150
v -1.148717 -0.227851 -2.769166
v -1.131435 -0.242908 -2.772717
v -1.340138 0.115882 -2.735997
v -1.421082 0.193864 -2.813979
v -1.451347 0.132185 -2.813979
v -1.360834 0.137864 -2.739815
v -1.381116 0.158476 -2.750885
v -1.370188 0.118800 -2.739815
v -1.392452 0.141620 -2.744337
v -1.410110 0.160441 -2.754787
v -1.398902 0.122229 -2.750885
v -1.418308 0.144024 -2.754842
v -1.429821 0.159888 -2.762248
v -1.447170 0.192964 -2.813979
v -1.464393 0.185323 -2.813979
v -1.412798 0.187925 -2.789877
v -1.439113 0.186410 -2.789238
v -1.454794 0.179216 -2.790044
v -1.399037 0.175742 -2.768150
v -1.425098 0.174813 -2.769166
v -1.440689 0.170357 -2.772717
v -1.441581 0.129267 -2.789877
v -1.423524 0.125838 -2.768150
v -1.466598 0.153369 -2.813979
v -1.456340 0.150868 -2.789099
v -1.438760 0.146974 -2.769206
v -1.471094 0.171667 -2.813979
v -1.460343 0.167835 -2.789983
v -1.444752 0.162077 -2.772717
v -1.058580 -0.274696 -3.937421
v -1.184280 -0.213017 -3.937421
v -1.098298 -0.196713 -4.015403
v -1.086060 -0.273796 -3.937421
v -1.115107 -0.266155 -3.937421
v -1.059484 -0.268757 -3.961523
v -1.088144 -0.267242 -3.962162
v -1.114956 -0.260048 -3.961356
v -1.064576 -0.256573 -3.983250
v -1.092074 -0.255644 -3.982234
v -1.114559 -0.251189 -3.978683
v -1.179030 -0.210098 -3.961523
v -1.166278 -0.206670 -3.983250
v -1.166754 -0.234201 -3.937421
v -1.160366 -0.231699 -3.962301
v -1.148812 -0.227805 -3.982194
v -1.142937 -0.252499 -3.937421
v -1.138115 -0.248667 -3.961417
v -1.131435 -0.242908 -3.978683
v -1.084982 -0.218695 -4.011585
v -1.073369 -0.239308 -4.000515
v -1.123833 -0.199632 -4.011585
v -1.110788 -0.222451 -4.007063
v -1.099324 -0.241272 -3.996613
v -1.147242 -0.203060 -4.000515
v -1.132924 -0.224856 -3.996558
v -1.119891 -0.240719 -3.989152
v -1.421082 0.193864 -3.937421
v -1.340138 0.115882 -4.015403
v -1.451347 0.132185 -3.937421
v -1.412798 0.187925 -3.961523
v -1.399037 0.175742 -3.983250
v -1.447170 0.192964 -3.937421
v -1.438914 0.186381 -3.962301
v -1.425077 0.174860 -3.982194
v -1.464393 0.185323 -3.937421
v -1.454784 0.179165 -3.961417
v -1.440689 0.170357 -3.978683
v -1.370188 0.118800 -4.011585
v -1.398902 0.122229 -4.000515
v -1.360834 0.137864 -4.011585
v -1.392506 0.141509 -4.007063
v -1.418197 0.143959 -3.996613
v -1.381116 0.158476 -4.000515
v -1.410230 0.160489 -3.996558
v -1.429821 0.159888 -3.989152
v -1.466598 0.153369 -3.937421
v -1.471094 0.171668 -3.937421
v -1.441581 0.129267 -3.961523
v -1.456485 0.151007 -3.962162
v -1.460390 0.167812 -3.961356
v -1.423524 0.125838 -3.983250
v -1.438736 0.147019 -3.982234
v -1.444752 0.162077 -3.978683
v 1.402041 -0.274696 -2.813979
v 1.432305 -0.213017 -2.813979
v 1.321096 -0.196713 -2.735997
v 1.428128 -0.273796 -2.813979
v 1.445352 -0.266155 -2.813979
v 1.393756 -0.268757 -2.789877
v 1.420071 -0.267242 -2.789238
v 1.435753 -0.260048 -2.790044
v 1.379996 -0.256573 -2.768150
v 1.406057 -0.255644 -2.769166
v 1.421647 -0.251189 -2.772717
v 1.422539 -0.210098 -2.789877
v 1.404483 -0.206670 -2.768150
v 1.447557 -0.234201 -2.813979
v 1.437298 -0.231699 -2.789099
v 1.419719 -0.227805 -2.769206
v 1.452053 -0.252499 -2.813979
v 1.441301 -0.248667 -2.789983
v 1.425710 -0.242908 -2.772717
v 1.341793 -0.218695 -2.739815
v 1.362075 -0.239308 -2.750885
v 1.351147 -0.199632 -2.739815
v 1.373410 -0.222451 -2.744337
v 1.391069 -0.241272 -2.754787
v 1.379861 -0.203060 -2.750885
v 1.399267 -0.224856 -2.754842
v 1.410780 -0.240719 -2.762248
v 1.039539 0.193864 -2.813979
v 1.079257 0.115882 -2.735997
v 1.165239 0.132185 -2.813979
v 1.040443 0.187925 -2.789877
v 1.045534 0.175742 -2.768150
v 1.067018 0.192964 -2.813979
v 1.068949 0.186381 -2.789099
v 1.072939 0.174860 -2.769206
v 1.096065 0.185323 -2.813979
v 1.095984 0.179165 -2.789983
v 1.095517 0.170357 -2.772717
v 1.104791 0.118800 -2.739815
v 1.128200 0.122229 -2.750885
v 1.065940 0.137864 -2.739815
v 1.091971 0.141509 -2.744337
v 1.113872 0.143959 -2.754787
v 1.054328 0.158476 -2.750885
v 1.080328 0.160489 -2.754842
v 1.100850 0.159888 -2.762248
v 1.147713 0.153369 -2.813979
v 1.123895 0.171667 -2.813979
v 1.159989 0.129267 -2.789877
v 1.141254 0.151007 -2.789238
v 1.119157 0.167812 -2.790044
v 1.147237 0.125838 -2.768150
v 1.129676 0.147019 -2.769166
v 1.112393 0.162076 -2.772717
v 1.402041 -0.274696 -3.937421
v 1.321096 -0.196713 -4.015403
v 1.432305 -0.213017 -3.937421
v 1.393756 -0.268757 -3.961523
v 1.379996 -0.256573 -3.983250
v 1.428128 -0.273796 -3.937421
v 1.419873 -0.267213 -3.962301
v 1.406036 -0.255691 -3.982194
v 1.445352 -0.266155 -3.937421
v 1.435742 -0.259996 -3.961417
v 1.421647 -0.251189 -3.978683
v 1.351147 -0.199632 -4.011585
v 1.379861 -0.203060 -4.000515
v 1.341793 -0.218695 -4.011585
v 1.373465 -0.222341 -4.007063
v 1.399156 -0.224791 -3.996613
v 1.362075 -0.239308 -4.000515
v 1.391188 -0.241320 -3.996558
v 1.410780 -0.240719 -3.989152
v 1.447557 -0.234201 -3.937421
v 1.452053 -0.252499 -3.937421
v 1.422539 -0.210098 -3.961523
v 1.437443 -0.231839 -3.962162
v 1.441349 -0.248643 -3.961356
v 1.404483 -0.206670 -3.983250
v 1.419694 -0.227851 -3.982234
v 1.425710 -0.242908 -3.978683
v 1.039539 0.193864 -3.937421
v 1.165239 0.132185 -3.937421
v 1.079257 0.115882 -4.015403
v 1.067018 0.192964 -3.937421
v 1.096065 0.185323 -3.937421
v 1.040443 0.187925 -3.961523
v 1.069102 0.186410 -3.962162
v 1.095915 0.179216 -3.961356
v 1.045534 0.175742 -3.983250
v 1.073033 0.174813 -3.982234
v 1.095517 0.170357 -3.978683
v 1.159989 0.129267 -3.961523
v 1.147237 0.125838 -3.983250
v 1.147713 0.153369 -3.937421
v 1.141325 0.150868 -3.962301
v 1.129771 0.146974 -3.982194
v 1.123895 0.171667 -3.937421
v 1.119074 0.167835 -3.961417
v 1.112393 0.162076 -3.978683
v 1.065940 0.137864 -4.011585
v 1.054328 0.158476 -4.000515
v 1.104791 0.118800 -4.011585
v 1.091747 0.141620 -4.007063
v 1.080283 0.160441 -3.996613
v 1.128200 0.122229 -4.000515
v 1.113882 0.144024 -3.996558
v 1.100850 0.159888 -3.989152
vn 0.0652 -0.0320 0.9974
vn 0.0615 0.1254 0.9902
vn -0.0652 0.0320 0.9974
vn -0.0615 -0.1254 0.9902
vn 0.7973 0.5901 -0.1269
vn 0.7740 0.6213 -0.1219
vn 0.7740 0.6213 0.1219
vn 0.7973 0.5901 0.1269
vn 0.0178 0.9924 -0.1219
vn -0.0212 0.9917 -0.1269
vn -0.0212 0.9917 0.1269
vn 0.0178 0.9924 0.1219
vn -0.7740 -0.6213 0.1219
vn -0.7973 -0.5901 0.1269
vn -0.7973 -0.5901 -0.1269
vn -0.7740 -0.6213 -0.1219
vn -0.0615 -0.1254 -0.9902
vn -0.0652 0.0320 -0.9974
vn 0.0615 0.1254 -0.9902
vn 0.0652 -0.0320 -0.9974
vn -0.0178 -0.9924 0.1219
vn -0.0188 -0.9300 0.3670
vn -0.1413 -0.9224 0.3595
vn -0.1427 -0.9824 0.1209
vn -0.0212 -0.7990 0.6010
vn -0.1399 -0.8077 0.5728
vn -0.0309 -0.6024 0.7976
vn -0.1633 -0.6467 0.7451
vn -0.3333 -0.8816 0.3341
vn -0.3457 -0.9312 0.1158
vn -0.3078 -0.8001 0.5149
vn -0.3326 -0.6778 0.6557
vn -0.2434 -0.2497 0.9372
vn -0.2142 -0.4356 0.8743
vn -0.0488 -0.3456 0.9371
vn -0.4578 -0.3930 0.7975
vn -0.4116 -0.5244 0.7454
vn -0.6189 -0.5060 0.6008
vn -0.5530 -0.6051 0.5728
vn -0.4445 -0.7330 0.5150
vn -0.6898 -0.7139 0.1207
vn -0.6428 -0.6769 0.3587
vn -0.7239 -0.5841 0.3671
vn -0.5248 -0.8433 0.1156
vn -0.4936 -0.8031 0.3338
vn -0.0608 0.2711 0.9606
vn -0.2456 0.1217 0.9617
vn -0.2517 -0.1178 0.9606
vn -0.0408 0.5662 0.8233
vn -0.2121 0.4478 0.8686
vn -0.0261 0.7851 0.6188
vn -0.1959 0.6945 0.6923
vn -0.4842 -0.1061 0.8685
vn -0.4727 -0.3134 0.8236
vn -0.4587 0.2248 0.8597
vn -0.4745 0.4793 0.7383
vn -0.2389 0.9575 0.1616
vn -0.2190 0.8617 0.4576
vn -0.0228 0.9250 0.3793
vn -0.6870 0.6973 0.2045
vn -0.5886 0.6014 0.5403
vn -0.9719 0.1163 0.2048
vn -0.8353 0.0978 0.5410
vn -0.6694 0.0823 0.7384
vn -0.7454 -0.5483 0.3790
vn -0.8150 -0.3547 0.4582
vn -0.9035 -0.3968 0.1620
vn -0.6368 -0.4599 0.6188
vn -0.6693 -0.2707 0.6919
vn -0.0178 -0.9924 -0.1219
vn -0.1426 -0.9824 -0.1207
vn -0.1420 -0.9226 -0.3587
vn -0.0190 -0.9300 -0.3671
vn -0.3459 -0.9311 -0.1156
vn -0.3332 -0.8818 -0.3338
vn -0.5249 -0.8432 -0.1158
vn -0.4933 -0.8031 -0.3341
vn -0.1402 -0.8076 -0.5728
vn -0.0215 -0.7991 -0.6008
vn -0.3078 -0.8000 -0.5150
vn -0.4445 -0.7330 -0.5149
vn -0.7240 -0.5840 -0.3670
vn -0.6431 -0.6762 -0.3595
vn -0.6896 -0.7140 -0.1209
vn -0.6189 -0.5057 -0.6010
vn -0.5532 -0.6049 -0.5728
vn -0.4576 -0.3931 -0.7976
vn -0.4116 -0.5249 -0.7450
vn -0.3326 -0.6778 -0.6557
vn -0.0485 -0.3453 -0.9372
vn -0.2135 -0.4360 -0.8743
vn -0.2435 -0.2500 -0.9371
vn -0.0307 -0.6025 -0.7975
vn -0.1629 -0.6464 -0.7454
vn -0.0224 0.9251 -0.3790
vn -0.2182 0.8616 -0.4582
vn -0.2390 0.9574 -0.1620
vn -0.0260 0.7851 -0.6188
vn -0.1954 0.6951 -0.6919
vn -0.0413 0.5656 -0.8236
vn -0.2123 0.4479 -0.8685
vn -0.5885 0.6008 -0.5410
vn -0.6867 0.6975 -0.2048
vn -0.4747 0.4791 -0.7384
vn -0.4585 0.2252 -0.8597
vn -0.2516 -0.1178 -0.9606
vn -0.2465 0.1198 -0.9617
vn -0.0609 0.2711 -0.9606
vn -0.4728 -0.3142 -0.8233
vn -0.4840 -0.1062 -0.8686
vn -0.6370 -0.4597 -0.6188
vn -0.6692 -0.2700 -0.6923
vn -0.6695 0.0820 -0.7383
vn -0.9035 -0.3969 -0.1616
vn -0.8156 -0.3541 -0.4576
vn -0.7456 -0.5480 -0.3793
vn -0.9719 0.1166 -0.2045
vn -0.8358 0.0975 -0.5403
vn 0.0212 -0.9917 0.1269
vn 0.2389 -0.9575 0.1616
vn 0.2190 -0.8617 0.4576
vn 0.0228 -0.9250 0.3793
vn 0.6870 -0.6973 0.2045
vn 0.5886 -0.6014 0.5403
vn 0.9719 -0.1163 0.2048
vn 0.8353 -0.0978 0.5410
vn 0.1959 -0.6945 0.6923
vn 0.0261 -0.7851 0.6188
vn 0.4745 -0.4793 0.7383
vn 0.6694 -0.0823 0.7384
vn 0.7454 0.5483 0.3790
vn 0.8150 0.3547 0.4582
vn 0.9035 0.3968 0.1620
vn 0.6368 0.4599 0.6188
vn 0.6693 0.2707 0.6919
vn 0.4727 0.3134 0.8236
vn 0.4842 0.1061 0.8685
vn 0.4587 -0.2248 0.8597
vn 0.0608 -0.2711 0.9606
vn 0.2456 -0.1217 0.9617
vn 0.2517 0.1178 0.9606
vn 0.0408 -0.5662 0.8233
vn 0.2121 -0.4478 0.8686
vn 0.0188 0.9300 0.3670
vn 0.1413 0.9224 0.3595
vn 0.1427 0.9824 0.1209
vn 0.0212 0.7990 0.6010
vn 0.1399 0.8077 0.5728
vn 0.0309 0.6024 0.7976
vn 0.1633 0.6467 0.7451
vn 0.3333 0.8816 0.3341
vn 0.3457 0.9312 0.1158
vn 0.3078 0.8001 0.5149
vn 0.3326 0.6778 0.6557
vn 0.2434 0.2497 0.9372
vn 0.2142 0.4356 0.8743
vn 0.0488 0.3456 0.9371
vn 0.4578 0.3930 0.7975
vn 0.4116 0.5244 0.7454
vn 0.6189 0.5060 0.6008
vn 0.5530 0.6051 0.5728
vn 0.4445 0.7330 0.5150
vn 0.6898 0.7139 0.1207
vn 0.6428 0.6769 0.3587
vn 0.7239 0.5841 0.3671
vn 0.5248 0.8433 0.1156
vn 0.4936 0.8031 0.3338
vn 0.0212 -0.9917 -0.1269
vn 0.0224 -0.9251 -0.3790
vn 0.2182 -0.8616 -0.4582
vn 0.2390 -0.9574 -0.1620
vn 0.0260 -0.7851 -0.6188
vn 0.1954 -0.6951 -0.6919
vn 0.0413 -0.5656 -0.8236
vn 0.2123 -0.4479 -0.8685
vn 0.5885 -0.6008 -0.5410
vn 0.6867 -0.6975 -0.2048
vn 0.4747 -0.4791 -0.7384
vn 0.4585 -0.2252 -0.8597
vn 0.2516 0.1178 -0.9606
vn 0.2465 -0.1198 -0.9617
vn 0.0609 -0.2711 -0.9606
vn 0.4728 0.3142 -0.8233
vn 0.4840 0.1062 -0.8686
vn 0.6370 0.4597 -0.6188
vn 0.6692 0.2700 -0.6923
vn 0.6695 -0.0820 -0.7383
vn 0.9035 0.3969 -0.1616
vn 0.8156 0.3541 -0.4576
vn 0.7456 0.5480 -0.3793
vn 0.9719 -0.1166 -0.2045
vn 0.8358 -0.0975 -0.5403
vn 0.1426 0.9824 -0.1207
vn 0.1420 0.9226 -0.3587
vn 0.0190 0.9300 -0.3671
vn 0.3459 0.9311 -0.1156
vn 0.3332 0.8818 -0.3338
vn 0.5249 0.8432 -0.1158
vn 0.4933 0.8031 -0.3341
vn 0.1402 0.8076 -0.5728
vn 0.0215 0.7991 -0.6008
vn 0.3078 0.8000 -0.5150
vn 0.4445 0.7330 -0.5149
vn 0.7240 0.5840 -0.3670
vn 0.6431 0.6762 -0.3595
vn 0.6896 0.7140 -0.1209
vn 0.6189 0.5057 -0.6010
vn 0.5532 0.6049 -0.5728
vn 0.4576 0.3931 -0.7976
vn 0.4116 0.5249 -0.7450
vn 0.3326 0.6778 -0.6557
vn 0.0485 0.3453 -0.9372
vn 0.2135 0.4360 -0.8743
vn 0.2435 0.2500 -0.9371
vn 0.0307 0.6025 -0.7975
vn 0.1629 0.6464 -0.7454
vt 0.608475 0.850212
vt 0.689266 0.922946
vt 0.686793 0.645637
vt 0.608450 0.851551
vt 0.608312 0.852758
vt 0.607728 0.850212
vt 0.607676 0.851594
vt 0.607568 0.852699
vt 0.606939 0.850212
vt 0.606942 0.851545
vt 0.606954 0.852504
vt 0.688823 0.923701
vt 0.688303 0.924409
vt 0.685932 0.923046
vt 0.685378 0.923830
vt 0.685007 0.924476
vt 0.608073 0.854544
vt 0.677436 0.923908
vt 0.607367 0.854544
vt 0.677436 0.924614
vt 0.677436 0.925171
vt 0.606809 0.854544
vt 0.683496 0.645637
vt 0.606357 0.850212
vt 0.677436 0.645637
vt 0.686685 0.644298
vt 0.683246 0.644263
vt 0.677436 0.644307
vt 0.606357 0.851542
vt 0.686074 0.925624
vt 0.686074 0.641305
vt 0.682774 0.925624
vt 0.682774 0.641305
vt 0.677436 0.925624
vt 0.677436 0.643345
vt 0.606357 0.852504
vt 0.736686 0.922946
vt 0.009395 0.026155
vt 0.817478 0.850212
vt 0.739160 0.645637
vt 0.740021 0.923046
vt 0.743148 0.923164
vt 0.737129 0.923701
vt 0.740591 0.923826
vt 0.743446 0.923910
vt 0.737649 0.924409
vt 0.740956 0.924478
vt 0.743362 0.924457
vt 0.818186 0.850212
vt 0.819596 0.850212
vt 0.748516 0.645637
vt 0.817253 0.851551
vt 0.817968 0.851586
vt 0.819596 0.851542
vt 0.748516 0.644307
vt 0.816879 0.854544
vt 0.748516 0.922907
vt 0.748516 0.923615
vt 0.817587 0.854544
vt 0.818010 0.854544
vt 0.744230 0.641305
vt 0.748516 0.924038
vt 0.738166 0.644298
vt 0.736515 0.925624
vt 0.736515 0.641305
vt 0.742290 0.645637
vt 0.741299 0.644255
vt 0.739639 0.641305
vt 0.739639 0.925624
vt 0.744356 0.645637
vt 0.743203 0.644304
vt 0.741512 0.641305
vt 0.741512 0.925624
vt 0.608475 0.787797
vt 0.686793 0.708052
vt 0.689266 0.715063
vt 0.607728 0.787797
vt 0.606939 0.787797
vt 0.608450 0.786458
vt 0.607672 0.786422
vt 0.606943 0.786467
vt 0.608312 0.785251
vt 0.607565 0.785307
vt 0.606954 0.785505
vt 0.686685 0.709391
vt 0.686074 0.710598
vt 0.683496 0.708052
vt 0.683264 0.709434
vt 0.682786 0.710540
vt 0.606357 0.787797
vt 0.677436 0.708052
vt 0.606357 0.786464
vt 0.677436 0.709385
vt 0.677436 0.710345
vt 0.606357 0.785505
vt 0.685932 0.714963
vt 0.608073 0.783464
vt 0.677436 0.714101
vt 0.688823 0.714308
vt 0.685362 0.714183
vt 0.677436 0.713396
vt 0.607368 0.783464
vt 0.688303 0.713600
vt 0.684997 0.713531
vt 0.677436 0.712837
vt 0.606809 0.783464
vt 0.009395 0.984183
vt 0.817478 0.787797
vt 0.736686 0.715063
vt 0.739160 0.708052
vt 0.817253 0.786458
vt 0.816879 0.783464
vt 0.748516 0.715102
vt 0.818186 0.787797
vt 0.817962 0.786415
vt 0.817586 0.783464
vt 0.748516 0.714394
vt 0.819596 0.787797
vt 0.748516 0.708052
vt 0.819596 0.786464
vt 0.748516 0.709385
vt 0.818010 0.783464
vt 0.744230 0.712385
vt 0.748516 0.713970
vt 0.737129 0.714308
vt 0.737649 0.713600
vt 0.740021 0.714963
vt 0.740574 0.714179
vt 0.740946 0.713533
vt 0.743148 0.714845
vt 0.743453 0.714096
vt 0.743362 0.713552
vt 0.742290 0.708052
vt 0.744356 0.708052
vt 0.738166 0.709391
vt 0.741323 0.709427
vt 0.743205 0.709382
vt 0.736515 0.710598
vt 0.739641 0.710542
vt 0.741512 0.710345
vt 0.743694 0.713192
vt 0.675318 0.850212
vt 0.686793 0.850212
vt 0.689266 0.857223
vt 0.676027 0.850212
vt 0.676495 0.850212
vt 0.675093 0.851551
vt 0.675808 0.851586
vt 0.676234 0.851542
vt 0.674719 0.852758
vt 0.675427 0.852702
vt 0.675851 0.852504
vt 0.687787 0.851551
vt 0.689438 0.852758
vt 0.683663 0.850212
vt 0.684653 0.851594
vt 0.686314 0.852699
vt 0.681596 0.850212
vt 0.682749 0.851545
vt 0.684441 0.852504
vt 0.675961 0.852504
vt 0.685932 0.857122
vt 0.674232 0.854544
vt 0.677436 0.857748
vt 0.688823 0.856468
vt 0.685362 0.856342
vt 0.677436 0.856961
vt 0.675020 0.854544
vt 0.688303 0.855760
vt 0.684997 0.855691
vt 0.677436 0.856425
vt 0.675555 0.854544
vt 0.987254 0.026155
vt 0.750635 0.850212
vt 0.736686 0.857223
vt 0.739160 0.850212
vt 0.750610 0.851551
vt 0.750472 0.854544
vt 0.748516 0.856500
vt 0.749888 0.850212
vt 0.749836 0.851594
vt 0.749727 0.854544
vt 0.748516 0.855755
vt 0.749099 0.850212
vt 0.749101 0.851545
vt 0.744950 0.855636
vt 0.749114 0.852504
vt 0.747901 0.852504
vt 0.737129 0.856468
vt 0.737649 0.855760
vt 0.740021 0.857122
vt 0.740574 0.856339
vt 0.740946 0.855692
vt 0.743148 0.857005
vt 0.743453 0.856256
vt 0.743362 0.855711
vt 0.746516 0.853086
vt 0.742457 0.850212
vt 0.745942 0.850212
vt 0.739268 0.851551
vt 0.742707 0.851586
vt 0.745924 0.851542
vt 0.739879 0.852758
vt 0.743178 0.852702
vt 0.745876 0.852504
vt 0.675318 0.787797
vt 0.689266 0.780786
vt 0.686793 0.787797
vt 0.675093 0.786458
vt 0.674719 0.785251
vt 0.676027 0.787797
vt 0.675802 0.786415
vt 0.675426 0.785309
vt 0.676495 0.787797
vt 0.676234 0.786464
vt 0.675851 0.785505
vt 0.688823 0.781541
vt 0.688303 0.782249
vt 0.685932 0.780886
vt 0.685378 0.781670
vt 0.685007 0.782317
vt 0.674232 0.783464
vt 0.677436 0.780260
vt 0.675023 0.783464
vt 0.677436 0.781051
vt 0.677436 0.781583
vt 0.675555 0.783464
vt 0.683663 0.787797
vt 0.681596 0.787797
vt 0.687787 0.786458
vt 0.684630 0.786422
vt 0.682748 0.786467
vt 0.689438 0.785251
vt 0.686311 0.785307
vt 0.684441 0.785505
vt 0.675961 0.785505
vt 0.987253 0.984183
vt 0.750635 0.787797
vt 0.739160 0.787797
vt 0.736686 0.780786
vt 0.749888 0.787797
vt 0.749099 0.787797
vt 0.750610 0.786458
vt 0.749832 0.786422
vt 0.749103 0.786467
vt 0.750472 0.783464
vt 0.748516 0.781509
vt 0.749725 0.783464
vt 0.748516 0.782256
vt 0.749114 0.785505
vt 0.744950 0.782373
vt 0.747901 0.785505
vt 0.739268 0.786458
vt 0.739879 0.785251
vt 0.742457 0.787797
vt 0.742688 0.786415
vt 0.743167 0.785309
vt 0.745942 0.787797
vt 0.745932 0.786464
vt 0.745876 0.785505
vt 0.740021 0.780886
vt 0.743148 0.781004
vt 0.737129 0.781541
vt 0.740591 0.781666
vt 0.743446 0.781750
vt 0.737649 0.782249
vt 0.740956 0.782318
vt 0.743362 0.782297
vt 0.746516 0.784923
s 1
usemtl Material.002
f 399/537/319 425/568/320 316/430/321 290/395/322
f 453/601/323 479/632/324 426/569/325 398/536/326
f 478/630/327 370/500/328 317/431/329 424/566/330
f 291/396/331 318/433/332 372/503/333 344/468/334
f 345/469/335 371/502/336 480/633/337 452/600/338
f 289/394/339 292/397/340 295/400/341 294/399/342
f 292/397/340 293/398/343 296/401/344 295/400/341
f 293/398/343 305/410/345 306/412/346 296/401/344
f 294/399/342 295/400/341 298/403/347 297/402/348
f 295/400/341 296/401/344 299/404/349 298/403/347
f 296/401/344 306/412/346 307/415/350 299/404/349
f 290/395/322 300/405/351 303/408/352 302/407/353
f 300/405/351 301/406/354 304/409/355 303/408/352
f 301/406/354 313/423/356 314/425/357 304/409/355
f 302/407/353 303/408/352 306/413/346 305/411/345
f 303/408/352 304/409/355 307/414/350 306/413/346
f 304/409/355 314/425/357 315/427/358 307/414/350
f 291/396/331 308/416/359 311/420/360 310/419/361
f 308/416/359 309/418/362 312/421/363 311/420/360
f 309/417/362 297/402/348 298/403/347 312/422/363
f 310/419/361 311/420/360 314/426/357 313/424/356
f 311/420/360 312/421/363 315/428/358 314/426/357
f 312/422/363 298/403/347 299/404/349 315/429/358
f 299/404/349 307/415/350 315/429/358
f 316/430/321 319/434/364 322/437/365 321/436/366
f 319/434/364 320/435/367 323/438/368 322/437/365
f 320/435/367 332/450/369 333/451/370 323/438/368
f 321/436/366 322/437/365 325/440/371 324/439/372
f 322/437/365 323/438/368 326/441/373 325/440/371
f 323/438/368 333/451/370 334/455/374 326/441/373
f 317/432/329 327/442/375 330/446/376 329/445/377
f 327/442/375 328/443/378 331/447/379 330/446/376
f 328/444/378 340/463/380 341/464/381 331/448/379
f 329/445/377 330/446/376 333/452/370 332/449/369
f 330/446/376 331/447/379 334/453/374 333/452/370
f 331/448/379 341/464/381 342/465/382 334/454/374
f 318/433/332 335/456/383 338/460/384 337/459/385
f 335/456/383 336/458/386 339/461/387 338/460/384
f 336/457/386 324/439/372 325/440/371 339/462/387
f 337/459/385 338/460/384 341/464/381 340/463/380
f 338/460/384 339/461/387 342/465/382 341/464/381
f 339/462/387 325/440/371 326/441/373 342/466/382
f 326/441/373 334/455/374 342/466/382
f 343/467/388 346/470/389 349/473/390 348/472/391
f 346/470/389 347/471/392 350/474/393 349/473/390
f 347/471/392 359/483/394 360/485/395 350/474/393
f 348/472/391 349/473/390 352/476/396 351/475/397
f 349/473/390 350/474/393 353/477/398 352/476/396
f 350/474/393 360/485/395 361/488/399 353/477/398
f 344/468/334 354/478/400 357/481/401 356/480/402
f 354/478/400 355/479/403 358/482/404 357/481/401
f 355/479/403 367/496/405 368/497/406 358/482/404
f 356/480/402 357/481/401 360/486/395 359/484/394
f 357/481/401 358/482/404 361/487/399 360/486/395
f 358/482/404 368/497/406 369/498/407 361/487/399
f 345/469/335 362/489/408 365/493/409 364/492/410
f 362/489/408 363/491/411 366/494/412 365/493/409
f 363/490/411 351/475/397 352/476/396 366/495/412
f 364/492/410 365/493/409 368/497/406 367/496/405
f 365/493/409 366/494/412 369/498/407 368/497/406
f 366/495/412 352/476/396 353/477/398 369/499/407
f 353/477/398 361/488/399 369/499/407
f 370/501/328 373/504/413 376/508/414 375/507/415
f 373/504/413 374/505/416 377/509/417 376/508/414
f 374/506/416 386/523/418 387/524/419 377/510/417
f 375/507/415 376/508/414 379/513/420 378/511/421
f 376/508/414 377/509/417 380/515/422 379/513/420
f 377/510/417 387/524/419 388/525/423 380/517/422
f 371/502/336 381/518/424 384/521/425 383/520/426
f 381/518/424 382/519/427 385/522/428 384/521/425
f 382/519/427 394/531/429 395/532/430 385/522/428
f 383/520/426 384/521/425 387/524/419 386/523/418
f 384/521/425 385/522/428 388/525/423 387/524/419
f 385/522/428 395/532/430 396/533/431 388/525/423
f 372/503/333 389/526/432 392/529/433 391/528/434
f 389/526/432 390/527/435 393/530/436 392/529/433
f 390/527/435 378/512/421 379/514/420 393/530/436
f 391/528/434 392/529/433 395/532/430 394/531/429
f 392/529/433 393/530/436 396/533/431 395/532/430
f 393/530/436 379/514/420 380/516/422 396/533/431
f 380/517/422 388/525/423 396/534/431
f 397/535/437 400/538/438 403/541/439 402/540/440
f 400/538/438 401/539/441 404/542/442 403/541/439
f 401/539/441 413/551/443 414/552/444 404/542/442
f 402/540/440 403/541/439 406/544/445 405/543/446
f 403/541/439 404/542/442 407/545/447 406/544/445
f 404/542/442 414/552/444 415/553/448 407/545/447
f 398/536/326 408/546/449 411/549/450 410/548/451
f 408/546/449 409/547/452 412/550/453 411/549/450
f 409/547/452 421/562/454 422/563/455 412/550/453
f 410/548/451 411/549/450 414/552/444 413/551/443
f 411/549/450 412/550/453 415/553/448 414/552/444
f 412/550/453 422/563/455 423/564/456 415/553/448
f 399/537/319 416/555/457 419/559/458 418/558/459
f 416/555/457 417/557/460 420/560/461 419/559/458
f 417/556/460 405/543/446 406/544/445 420/561/461
f 418/558/459 419/559/458 422/563/455 421/562/454
f 419/559/458 420/560/461 423/564/456 422/563/455
f 420/561/461 406/544/445 407/545/447 423/565/456
f 407/545/447 415/554/448 423/565/456
f 424/567/330 427/570/462 430/574/463 429/573/464
f 427/570/462 428/571/465 431/575/466 430/574/463
f 428/572/465 440/587/467 441/588/468 431/576/466
f 429/573/464 430/574/463 433/578/469 432/577/470
f 430/574/463 431/575/466 434/580/471 433/578/469
f 431/576/466 441/588/468 442/589/472 434/579/471
f 425/568/320 435/582/473 438/585/474 437/584/475
f 435/582/473 436/583/476 439/586/477 438/585/474
f 436/583/476 448/596/478 449/597/479 439/586/477
f 437/584/475 438/585/474 441/588/468 440/587/467
f 438/585/474 439/586/477 442/589/472 441/588/468
f 439/586/477 449/597/479 450/598/480 442/589/472
f 426/569/325 443/591/481 446/594/482 445/593/483
f 443/591/481 444/592/484 447/595/485 446/594/482
f 444/592/484 432/577/470 433/578/469 447/595/485
f 445/593/483 446/594/482 449/597/479 448/596/478
f 446/594/482 447/595/485 450/598/480 449/597/479
f 447/595/485 433/578/469 434/580/471 450/598/480
f 434/581/471 442/590/472 450/598/480
f 451/599/486 454/602/487 457/605/488 456/604/489
f 454/602/487 455/603/490 458/606/491 457/605/488
f 455/603/490 467/615/492 468/617/493 458/606/491
f 456/604/489 457/605/488 460/608/494 459/607/495
f 457/605/488 458/606/491 461/609/496 460/608/494
f 458/606/491 468/617/493 469/620/497 461/609/496
f 452/600/338 462/610/498 465/613/499 464/612/500
f 462/610/498 463/611/501 466/614/502 465/613/499
f 463/611/501 475/626/503 476/627/504 466/614/502
f 464/612/500 465/613/499 468/618/493 467/616/492
f 465/613/499 466/614/502 469/619/497 468/618/493
f 466/614/502 476/627/504 477/628/505 469/619/497
f 453/601/323 470/621/506 473/624/507 472/623/508
f 470/621/506 471/622/509 474/625/510 473/624/507
f 471/622/509 459/607/495 460/608/494 474/625/510
f 472/623/508 473/624/507 476/627/504 475/626/503
f 473/624/507 474/625/510 477/628/505 476/627/504
f 474/625/510 460/608/494 461/609/496 477/628/505
f 461/609/496 469/620/497 477/629/505
f 478/631/327 481/634/511 484/637/512 483/636/513
f 481/634/511 482/635/514 485/638/515 484/637/512
f 482/635/514 494/651/516 495/652/517 485/638/515
f 483/636/513 484/637/512 487/641/518 486/639/519
f 484/637/512 485/638/515 488/643/520 487/641/518
f 485/638/515 495/652/517 496/653/521 488/643/520
f 479/632/324 489/646/522 492/649/523 491/648/524
f 489/646/522 490/647/525 493/650/526 492/649/523
f 490/647/525 502/659/527 503/660/528 493/650/526
f 491/648/524 492/649/523 495/652/517 494/651/516
f 492/649/523 493/650/526 496/653/521 495/652/517
f 493/650/526 503/660/528 504/661/529 496/653/521
f 480/633/337 497/654/530 500/657/531 499/656/532
f 497/654/530 498/655/533 501/658/534 500/657/531
f 498/655/533 486/640/519 487/642/518 501/658/534
f 499/656/532 500/657/531 503/660/528 502/659/527
f 500/657/531 501/658/534 504/661/529 503/660/528
f 501/658/534 487/642/518 488/644/520 504/661/529
f 488/645/520 496/653/521 504/662/529
f 343/467/388 289/394/339 294/399/342 346/470/389
f 346/470/389 294/399/342 297/402/348 347/471/392
f 347/471/392 297/402/348 309/417/362 359/483/394
f 359/484/394 309/418/362 308/416/359 356/480/402
f 356/480/402 308/416/359 291/396/331 344/468/334
f 290/395/322 316/430/321 321/436/366 300/405/351
f 300/405/351 321/436/366 324/439/372 301/406/354
f 301/406/354 324/439/372 336/457/386 313/423/356
f 313/424/356 336/458/386 335/456/383 310/419/361
f 310/419/361 335/456/383 318/433/332 291/396/331
f 317/432/329 370/501/328 375/507/415 327/442/375
f 327/442/375 375/507/415 378/511/421 328/443/378
f 328/444/378 378/512/421 390/527/435 340/463/380
f 340/463/380 390/527/435 389/526/432 337/459/385
f 337/459/385 389/526/432 372/503/333 318/433/332
f 371/502/336 345/469/335 364/492/410 381/518/424
f 381/518/424 364/492/410 367/496/405 382/519/427
f 382/519/427 367/496/405 355/479/403 394/531/429
f 394/531/429 355/479/403 354/478/400 391/528/434
f 391/528/434 354/478/400 344/468/334 372/503/333
f 451/599/486 343/467/388 348/472/391 454/602/487
f 454/602/487 348/472/391 351/475/397 455/603/490
f 455/603/490 351/475/397 363/490/411 467/615/492
f 467/616/492 363/491/411 362/489/408 464/612/500
f 464/612/500 362/489/408 345/469/335 452/600/338
f 370/501/328 478/631/327 483/636/513 373/504/413
f 373/504/413 483/636/513 486/639/519 374/505/416
f 374/506/416 486/640/519 498/655/533 386/523/418
f 386/523/418 498/655/533 497/654/530 383/520/426
f 383/520/426 497/654/530 480/633/337 371/502/336
f 479/632/324 453/601/323 472/623/508 489/646/522
f 489/646/522 472/623/508 475/626/503 490/647/525
f 490/647/525 475/626/503 463/611/501 502/659/527
f 502/659/527 463/611/501 462/610/498 499/656/532
f 499/656/532 462/610/498 452/600/338 480/633/337
f 397/535/437 451/599/486 456/604/489 400/538/438
f 400/538/438 456/604/489 459/607/495 401/539/441
f 401/539/441 459/607/495 471/622/509 413/551/443
f 413/551/443 471/622/509 470/621/506 410/548/451
f 410/548/451 470/621/506 453/601/323 398/536/326
f 478/631/327 424/567/330 429/573/464 481/634/511
f 481/634/511 429/573/464 432/577/470 482/635/514
f 482/635/514 432/577/470 444/592/484 494/651/516
f 494/651/516 444/592/484 443/591/481 491/648/524
f 491/648/524 443/591/481 426/569/325 479/632/324
f 425/568/320 399/537/319 418/558/459 435/582/473
f 435/582/473 418/558/459 421/562/454 436/583/476
f 436/583/476 421/562/454 409/547/452 448/596/478
f 448/596/478 409/547/452 408/546/449 445/593/483
f 445/593/483 408/546/449 398/536/326 426/569/325
f 289/394/339 397/535/437 402/540/440 292/397/340
f 292/397/340 402/540/440 405/543/446 293/398/343
f 293/398/343 405/543/446 417/556/460 305/410/345
f 305/411/345 417/557/460 416/555/457 302/407/353
f 302/407/353 416/555/457 399/537/319 290/395/322
f 424/567/330 317/432/329 329/445/377 427/570/462
f 427/570/462 329/445/377 332/449/369 428/571/465
f 428/572/465 332/450/369 320/435/367 440/587/467
f 440/587/467 320/435/367 319/434/364 437/584/475
f 437/584/475 319/434/364 316/430/321 425/568/320
f 343/467/388 451/599/486 397/535/437 289/394/339
o Cube.002
v 1.310976 -0.274421 -6.042619
v 1.446154 -0.073892 -6.290277
v 1.673529 -0.156269 -6.042619
v 1.335341 -0.263745 -6.118712
v 1.363638 -0.235649 -6.187699
v 1.380795 -0.268191 -6.042619
v 1.401079 -0.252824 -6.117678
v 1.420490 -0.232404 -6.182877
v 1.459708 -0.251596 -6.042619
v 1.466177 -0.240327 -6.116280
v 1.471877 -0.226481 -6.174824
v 1.502143 -0.109318 -6.277092
v 1.557919 -0.137778 -6.242393
v 1.421789 -0.135505 -6.277092
v 1.473148 -0.156883 -6.255861
v 1.521629 -0.175077 -6.228879
v 1.393492 -0.191363 -6.242393
v 1.444675 -0.199923 -6.228215
v 1.489132 -0.205772 -6.209404
v 1.613445 -0.192373 -6.042619
v 1.539907 -0.225460 -6.042619
v 1.647552 -0.161999 -6.118712
v 1.587922 -0.191523 -6.117242
v 1.528420 -0.220283 -6.116280
v 1.608134 -0.155971 -6.187699
v 1.559871 -0.186475 -6.182632
v 1.515276 -0.212338 -6.174824
v 1.594831 0.034526 -6.290277
v 2.009634 0.235055 -6.042619
v 2.048138 0.116904 -6.042619
v 1.669285 0.095908 -6.277178
v 1.756371 0.151967 -6.242424
v 1.691155 0.028800 -6.277178
v 1.780133 0.095432 -6.256023
v 1.862721 0.150908 -6.228964
v 1.794550 0.034815 -6.242424
v 1.880026 0.098703 -6.228294
v 1.944659 0.148531 -6.209437
v 2.063757 0.228496 -6.042619
v 2.096064 0.211800 -6.042619
v 1.935180 0.224450 -6.118426
v 2.003560 0.212248 -6.116948
v 2.051553 0.197770 -6.115998
v 1.848094 0.196309 -6.187661
v 1.938514 0.189148 -6.182420
v 1.998097 0.178655 -6.174676
v 1.981731 0.081605 -6.118426
v 1.894787 0.053031 -6.187661
v 2.088005 0.154093 -6.042619
v 2.029498 0.131184 -6.117354
v 1.964196 0.111878 -6.182649
v 2.104271 0.186618 -6.042619
v 2.059362 0.171618 -6.115998
v 2.005586 0.155677 -6.174676
v 1.310976 -0.274421 -5.499368
v 1.673529 -0.156269 -5.499368
v 1.446155 -0.073892 -5.251710
v 1.380795 -0.268191 -5.499368
v 1.459708 -0.251596 -5.499368
v 1.335341 -0.263745 -5.423275
v 1.400917 -0.252466 -5.424744
v 1.465939 -0.240644 -5.425706
v 1.363638 -0.235649 -5.354288
v 1.420606 -0.231860 -5.359354
v 1.471878 -0.226481 -5.367163
v 1.647552 -0.161999 -5.423275
v 1.608134 -0.155971 -5.354288
v 1.613445 -0.192373 -5.499368
v 1.588002 -0.191908 -5.424308
v 1.560287 -0.186846 -5.359110
v 1.539907 -0.225460 -5.499368
v 1.528040 -0.220167 -5.425706
v 1.515276 -0.212338 -5.367163
v 1.421789 -0.135505 -5.264895
v 1.393492 -0.191363 -5.299593
v 1.502144 -0.109318 -5.264895
v 1.473243 -0.156853 -5.286125
v 1.444790 -0.200119 -5.313107
v 1.557919 -0.137779 -5.299594
v 1.521607 -0.174851 -5.313772
v 1.489133 -0.205772 -5.332583
v 2.009634 0.235055 -5.499368
v 1.594832 0.034526 -5.251710
v 2.048138 0.116904 -5.499368
v 1.935180 0.224450 -5.423561
v 1.848094 0.196309 -5.354326
v 2.063757 0.228496 -5.499368
v 2.002987 0.212534 -5.424633
v 1.938849 0.189657 -5.359338
v 2.096064 0.211801 -5.499368
v 2.050941 0.197459 -5.425989
v 1.998098 0.178655 -5.367311
v 1.691155 0.028800 -5.264808
v 1.794550 0.034815 -5.299562
v 1.669286 0.095908 -5.264808
v 1.780439 0.094495 -5.285963
v 1.879855 0.098332 -5.313022
v 1.756371 0.151967 -5.299562
v 1.863078 0.150710 -5.313693
v 1.944660 0.148531 -5.332549
v 2.088004 0.154093 -5.499368
v 2.104271 0.186618 -5.499368
v 1.981731 0.081605 -5.423561
v 2.029792 0.131753 -5.425039
v 2.060040 0.171729 -5.425989
v 1.894787 0.053031 -5.354326
v 1.963626 0.112092 -5.359567
v 2.005586 0.155677 -5.367311
v -2.197746 -0.274421 -6.042618
v -2.236250 -0.156269 -6.042618
v -1.782944 -0.073892 -6.290276
v -2.251870 -0.267861 -6.042618
v -2.284177 -0.251166 -6.042618
v -2.123292 -0.263815 -6.118425
v -2.191672 -0.251613 -6.116946
v -2.239666 -0.237135 -6.115997
v -2.036206 -0.235675 -6.187660
v -2.126626 -0.228514 -6.182418
v -2.186210 -0.218021 -6.174675
v -2.169844 -0.120970 -6.118425
v -2.082899 -0.092396 -6.187660
v -2.276117 -0.193459 -6.042618
v -2.217611 -0.170550 -6.117352
v -2.152308 -0.151243 -6.182648
v -2.292383 -0.225983 -6.042618
v -2.247474 -0.210984 -6.115997
v -2.193698 -0.195042 -6.174675
v -1.857398 -0.135273 -6.277177
v -1.944483 -0.191333 -6.242423
v -1.879267 -0.068165 -6.277177
v -1.968245 -0.134798 -6.256022
v -2.050833 -0.190274 -6.228963
v -1.982662 -0.074181 -6.242423
v -2.068139 -0.138068 -6.228293
v -2.132772 -0.187897 -6.209436
v -1.499088 0.235055 -6.042618
v -1.634267 0.034526 -6.290276
v -1.861641 0.116903 -6.042618
v -1.523453 0.224379 -6.118711
v -1.551751 0.196284 -6.187698
v -1.568908 0.228825 -6.042618
v -1.589191 0.213458 -6.117677
v -1.608602 0.193038 -6.182876
v -1.647820 0.212230 -6.042618
v -1.654290 0.200962 -6.116279
v -1.659990 0.187115 -6.174823
v -1.690256 0.069952 -6.277091
v -1.746032 0.098413 -6.242392
v -1.609902 0.096139 -6.277091
v -1.661260 0.117518 -6.255860
v -1.709742 0.135712 -6.228878
v -1.581604 0.151998 -6.242392
v -1.632787 0.160557 -6.228214
v -1.677245 0.166406 -6.209402
v -1.801557 0.153007 -6.042618
v -1.728019 0.186094 -6.042618
v -1.835664 0.122634 -6.118711
v -1.776034 0.152157 -6.117241
v -1.716532 0.180917 -6.116279
v -1.796246 0.116605 -6.187698
v -1.747984 0.147109 -6.182631
v -1.703388 0.172972 -6.174823
v -2.197746 -0.274421 -5.499366
v -1.782944 -0.073892 -5.251709
v -2.236250 -0.156269 -5.499366
v -2.123292 -0.263815 -5.423559
v -2.036206 -0.235675 -5.354325
v -2.251870 -0.267861 -5.499366
v -2.191100 -0.251900 -5.424632
v -2.126961 -0.229023 -5.359336
v -2.284177 -0.251166 -5.499366
v -2.239053 -0.236825 -5.425987
v -2.186209 -0.218021 -5.367309
v -1.879267 -0.068165 -5.264807
v -1.982662 -0.074181 -5.299562
v -1.857398 -0.135273 -5.264807
v -1.968551 -0.133861 -5.285962
v -2.067967 -0.137698 -5.313021
v -1.944483 -0.191333 -5.299562
v -2.051190 -0.190076 -5.313692
v -2.132771 -0.187897 -5.332548
v -2.276117 -0.193459 -5.499366
v -2.292383 -0.225983 -5.499366
v -2.169844 -0.120970 -5.423559
v -2.217904 -0.171119 -5.425038
v -2.248152 -0.211094 -5.425987
v -2.082899 -0.092396 -5.354324
v -2.151738 -0.151458 -5.359566
v -2.193698 -0.195042 -5.367309
v -1.499088 0.235055 -5.499367
v -1.861641 0.116903 -5.499367
v -1.634267 0.034526 -5.251709
v -1.568907 0.228825 -5.499367
v -1.647820 0.212230 -5.499367
v -1.523453 0.224379 -5.423274
v -1.589029 0.213100 -5.424743
v -1.654051 0.201279 -5.425705
v -1.551750 0.196284 -5.354287
v -1.608719 0.192494 -5.359354
v -1.659990 0.187115 -5.367162
v -1.835664 0.122634 -5.423274
v -1.796246 0.116605 -5.354287
v -1.801557 0.153007 -5.499367
v -1.776114 0.152542 -5.424307
v -1.748399 0.147480 -5.359108
v -1.728019 0.186094 -5.499367
v -1.716152 0.180801 -5.425705
v -1.703388 0.172972 -5.367162
v -1.609901 0.096139 -5.264894
v -1.581604 0.151998 -5.299592
v -1.690256 0.069953 -5.264894
v -1.661355 0.117487 -5.286124
v -1.632902 0.160753 -5.313107
v -1.746031 0.098413 -5.299592
v -1.709719 0.135486 -5.313771
v -1.677245 0.166406 -5.332582
v 1.534839 -0.009222 -6.290277
v 1.614887 -0.026932 -6.277143
v 1.699067 -0.034828 -6.242412
v 1.779119 -0.031304 -6.187676
v 1.846886 -0.016692 -6.118541
v 1.896979 0.006675 -6.042619
v 1.534839 -0.009222 -5.251710
v 1.614887 -0.026932 -5.264843
v 1.699067 -0.034828 -5.299575
v 1.779119 -0.031304 -5.354311
v 1.846886 -0.016692 -5.423445
v 1.896979 0.006675 -5.499368
v -2.012800 0.006675 -5.499366
v -1.970509 0.024337 -5.423389
v -1.911914 0.032271 -5.354302
v -1.841514 0.028769 -5.299580
v -1.766524 0.014221 -5.264859
v -1.694260 -0.009222 -5.251709
v -1.694260 -0.009222 -6.290276
v -1.766524 0.014220 -6.277126
v -1.841515 0.028769 -6.242404
v -1.911914 0.032271 -6.187682
v -1.970509 0.024337 -6.118595
v -2.012800 0.006675 -6.042618
v 0.515754 -0.274421 -5.499367
v 0.515755 -0.263797 -5.423488
v 0.515755 -0.235668 -5.354316
v 0.515755 -0.191340 -5.299570
v 0.515755 -0.135332 -5.264830
v 0.515755 -0.073892 -5.251709
v 0.515754 0.235055 -5.499367
v 0.515755 0.224397 -5.423347
v 0.515755 0.196290 -5.354297
v 0.515755 0.151990 -5.299585
v 0.515755 0.096081 -5.264873
v 0.515755 0.034526 -5.251709
v 0.515754 -0.274421 -6.042619
v 0.515754 -0.263797 -6.118498
v 0.515754 -0.235668 -6.187670
v 0.515754 -0.191340 -6.242416
v 0.515754 -0.135332 -6.277156
v 0.515754 -0.073892 -6.290276
v 0.515754 0.235055 -6.042619
v 0.515754 0.224397 -6.118639
v 0.515754 0.196290 -6.187689
v 0.515754 0.151990 -6.242401
v 0.515754 0.096081 -6.277113
v 0.515754 0.034526 -6.290276
v 0.515755 -0.009222 -5.251709
v 0.515754 -0.009222 -6.290276
vn -0.0000 -0.0000 -1.0000
vn -0.0000 0.1055 -0.9944
vn 0.0687 0.0224 -0.9974
vn 0.0621 -0.0853 -0.9944
vn -0.5878 0.8061 0.0693
vn -0.5499 0.8324 0.0681
vn -0.5494 0.8328 -0.0685
vn -0.5878 0.8061 -0.0693
vn -0.0000 0.9976 0.0694
vn 0.0871 0.9876 0.1304
vn 0.0880 0.9874 -0.1319
vn -0.0000 0.9976 -0.0694
vn 0.5878 -0.8061 -0.0693
vn 0.6522 -0.7467 -0.1304
vn 0.6528 -0.7459 0.1319
vn 0.5878 -0.8061 0.0693
vn -0.0000 -0.0000 1.0000
vn -0.0000 0.1055 0.9944
vn -0.0492 0.1509 0.9873
vn -0.0621 0.0853 0.9944
vn 0.0462 -0.9966 -0.0681
vn 0.0618 -0.9685 -0.2413
vn 0.1559 -0.9664 -0.2043
vn 0.1509 -0.9863 -0.0672
vn 0.0521 -0.8789 -0.4741
vn 0.1237 -0.9042 -0.4088
vn 0.0434 -0.6763 -0.7354
vn 0.1292 -0.7331 -0.6677
vn 0.2438 -0.9548 -0.1698
vn 0.2532 -0.9653 -0.0640
vn 0.2190 -0.9185 -0.3291
vn 0.2559 -0.7890 -0.5585
vn 0.0492 -0.1509 -0.9873
vn 0.1897 -0.3578 -0.9143
vn 0.1702 -0.5283 -0.8318
vn 0.0584 -0.4025 -0.9136
vn 0.3648 -0.5721 -0.7346
vn 0.3271 -0.6701 -0.6664
vn 0.4742 -0.7432 -0.4721
vn 0.4358 -0.8033 -0.4060
vn 0.3669 -0.8707 -0.3277
vn 0.5494 -0.8328 -0.0685
vn 0.4591 -0.8858 -0.0681
vn 0.4436 -0.8724 -0.2054
vn 0.5186 -0.8202 -0.2416
vn 0.3647 -0.9289 -0.0646
vn 0.3678 -0.9139 -0.1719
vn 0.0796 0.2967 -0.9516
vn 0.2256 0.0746 -0.9714
vn 0.2394 -0.1926 -0.9516
vn 0.0704 0.5788 -0.8124
vn 0.1807 0.4201 -0.8893
vn 0.0513 0.8311 -0.5537
vn 0.1698 0.7498 -0.6395
vn 0.3925 -0.2363 -0.8889
vn 0.3984 -0.4240 -0.8133
vn 0.3840 0.1286 -0.9143
vn 0.4349 0.5367 -0.7230
vn 0.2942 0.9374 -0.1864
vn 0.2041 0.8868 -0.4147
vn 0.0665 0.9471 -0.3139
vn 0.7420 0.6246 -0.2436
vn 0.5719 0.5879 -0.5721
vn 0.9672 -0.0711 -0.2438
vn 0.8078 -0.1427 -0.5719
vn 0.6685 -0.1757 -0.7227
vn 0.6105 -0.7286 -0.3107
vn 0.6897 -0.5937 -0.4146
vn 0.7913 -0.5819 -0.1879
vn 0.5299 -0.6403 -0.5560
vn 0.5779 -0.5052 -0.6409
vn 0.0468 -0.9966 0.0685
vn 0.1509 -0.9862 0.0681
vn 0.1556 -0.9662 0.2054
vn 0.0643 -0.9682 0.2416
vn 0.2527 -0.9654 0.0646
vn 0.2413 -0.9551 0.1719
vn 0.3642 -0.9291 0.0640
vn 0.3656 -0.9152 0.1698
vn 0.1212 -0.9058 0.4060
vn 0.0547 -0.8799 0.4720
vn 0.2166 -0.9196 0.3277
vn 0.3642 -0.8712 0.3291
vn 0.5499 -0.8325 0.0681
vn 0.5207 -0.8189 0.2414
vn 0.4435 -0.8727 0.2043
vn 0.4592 -0.8858 0.0672
vn 0.4757 -0.7409 0.4741
vn 0.4328 -0.8034 0.4088
vn 0.3634 -0.5720 0.7354
vn 0.3276 -0.6685 0.6677
vn 0.2582 -0.7883 0.5585
vn 0.0492 -0.1509 0.9873
vn 0.0575 -0.4008 0.9143
vn 0.1738 -0.5272 0.8318
vn 0.1900 -0.3597 0.9135
vn 0.0423 -0.6772 0.7346
vn 0.1305 -0.7341 0.6664
vn 0.0640 0.9483 0.3107
vn 0.2074 0.8861 0.4145
vn 0.2965 0.9364 0.1879
vn 0.0509 0.8296 0.5560
vn 0.1692 0.7487 0.6409
vn 0.0721 0.5774 0.8133
vn 0.1779 0.4222 0.8889
vn 0.5686 0.5913 0.5719
vn 0.7396 0.6274 0.2438
vn 0.4366 0.5358 0.7227
vn 0.3860 0.1223 0.9143
vn 0.0687 0.0224 0.9974
vn 0.2390 -0.1927 0.9517
vn 0.2262 0.0726 0.9714
vn 0.0799 0.2968 0.9516
vn 0.3979 -0.4261 0.8125
vn 0.3935 -0.2330 0.8893
vn 0.5311 -0.6413 0.5537
vn 0.5789 -0.5058 0.6395
vn 0.6676 -0.1774 0.7230
vn 0.7900 -0.5840 0.1864
vn 0.6874 -0.5962 0.4147
vn 0.6118 -0.7261 0.3139
vn 0.9675 -0.0674 0.2436
vn 0.8085 -0.1380 0.5721
vn -0.0880 -0.9874 -0.1319
vn -0.2942 -0.9374 -0.1864
vn -0.2041 -0.8868 -0.4147
vn -0.0665 -0.9471 -0.3139
vn -0.7420 -0.6246 -0.2436
vn -0.5719 -0.5879 -0.5721
vn -0.9672 0.0711 -0.2438
vn -0.8078 0.1427 -0.5719
vn -0.1698 -0.7498 -0.6395
vn -0.0513 -0.8311 -0.5537
vn -0.4349 -0.5367 -0.7230
vn -0.6685 0.1757 -0.7227
vn -0.6522 0.7467 -0.1304
vn -0.6105 0.7286 -0.3107
vn -0.6897 0.5937 -0.4146
vn -0.7913 0.5819 -0.1879
vn -0.5299 0.6403 -0.5560
vn -0.5779 0.5052 -0.6409
vn -0.3984 0.4240 -0.8133
vn -0.3925 0.2363 -0.8889
vn -0.3840 -0.1286 -0.9143
vn -0.0687 -0.0223 -0.9974
vn -0.0796 -0.2966 -0.9517
vn -0.2256 -0.0746 -0.9714
vn -0.2394 0.1926 -0.9516
vn -0.0704 -0.5788 -0.8124
vn -0.1807 -0.4201 -0.8893
vn -0.0462 0.9966 -0.0681
vn -0.0618 0.9685 -0.2414
vn -0.1559 0.9664 -0.2043
vn -0.1509 0.9863 -0.0672
vn -0.0521 0.8789 -0.4741
vn -0.1237 0.9042 -0.4088
vn -0.0434 0.6763 -0.7353
vn -0.1292 0.7331 -0.6677
vn -0.2438 0.9548 -0.1698
vn -0.2532 0.9653 -0.0640
vn -0.2190 0.9185 -0.3291
vn -0.2559 0.7890 -0.5585
vn -0.0492 0.1509 -0.9873
vn -0.1897 0.3579 -0.9143
vn -0.1702 0.5283 -0.8318
vn -0.0584 0.4026 -0.9135
vn -0.3648 0.5721 -0.7346
vn -0.3271 0.6701 -0.6664
vn -0.4742 0.7432 -0.4721
vn -0.4358 0.8033 -0.4060
vn -0.3669 0.8707 -0.3277
vn -0.4591 0.8858 -0.0681
vn -0.4436 0.8724 -0.2054
vn -0.5186 0.8202 -0.2417
vn -0.3647 0.9289 -0.0646
vn -0.3678 0.9139 -0.1719
vn -0.0871 -0.9876 0.1304
vn -0.0640 -0.9484 0.3107
vn -0.2074 -0.8861 0.4145
vn -0.2965 -0.9364 0.1879
vn -0.0509 -0.8296 0.5560
vn -0.1692 -0.7487 0.6409
vn -0.0721 -0.5773 0.8133
vn -0.1779 -0.4222 0.8889
vn -0.5686 -0.5913 0.5719
vn -0.7396 -0.6274 0.2438
vn -0.4366 -0.5358 0.7227
vn -0.3860 -0.1223 0.9143
vn -0.0687 -0.0223 0.9974
vn -0.2391 0.1928 0.9517
vn -0.2262 -0.0726 0.9714
vn -0.0799 -0.2967 0.9516
vn -0.3979 0.4261 0.8125
vn -0.3935 0.2330 0.8893
vn -0.5311 0.6413 0.5537
vn -0.5789 0.5058 0.6395
vn -0.6676 0.1774 0.7230
vn -0.6528 0.7459 0.1319
vn -0.7900 0.5840 0.1864
vn -0.6874 0.5962 0.4147
vn -0.6118 0.7261 0.3139
vn -0.9675 0.0674 0.2436
vn -0.8085 0.1380 0.5721
vn -0.0468 0.9966 0.0685
vn -0.1509 0.9862 0.0681
vn -0.1556 0.9662 0.2054
vn -0.0643 0.9682 0.2417
vn -0.2527 0.9654 0.0646
vn -0.2413 0.9551 0.1719
vn -0.3642 0.9291 0.0640
vn -0.3656 0.9152 0.1698
vn -0.1212 0.9058 0.4060
vn -0.0547 0.8799 0.4721
vn -0.2166 0.9196 0.3277
vn -0.3642 0.8712 0.3291
vn -0.5207 0.8189 0.2414
vn -0.4435 0.8727 0.2043
vn -0.4592 0.8858 0.0672
vn -0.4757 0.7409 0.4741
vn -0.4328 0.8034 0.4088
vn -0.3635 0.5720 0.7354
vn -0.3276 0.6685 0.6677
vn -0.2582 0.7883 0.5585
vn -0.0575 0.4009 0.9143
vn -0.1738 0.5272 0.8318
vn -0.1900 0.3597 0.9135
vn -0.0423 0.6772 0.7346
vn -0.1305 0.7341 0.6664
vn 0.2222 -0.3047 -0.9262
vn 0.3922 -0.5378 -0.7463
vn 0.5086 -0.6974 -0.5049
vn 0.5693 -0.7807 -0.2579
vn 0.0621 -0.0853 0.9944
vn 0.2222 -0.3047 0.9262
vn 0.3922 -0.5378 0.7463
vn 0.5086 -0.6974 0.5049
vn 0.5693 -0.7807 0.2579
vn -0.0000 -0.9976 0.0693
vn -0.0000 -0.9662 0.2579
vn -0.0000 -0.8632 0.5048
vn -0.0000 -0.6656 0.7463
vn -0.0000 -0.3770 0.9262
vn -0.0000 -0.1054 0.9944
vn -0.0000 0.9661 0.2580
vn -0.0000 0.8632 0.5049
vn -0.0000 0.6657 0.7462
vn -0.0000 0.3772 0.9261
vn -0.5693 0.7806 0.2579
vn -0.5086 0.6974 0.5049
vn -0.3922 0.5378 0.7463
vn -0.2222 0.3048 0.9261
vn -0.0621 0.0853 -0.9944
vn -0.2222 0.3048 -0.9261
vn -0.3922 0.5378 -0.7463
vn -0.5086 0.6974 -0.5049
vn -0.5693 0.7806 -0.2579
vn -0.0000 -0.9976 -0.0693
vn -0.0000 -0.9662 -0.2579
vn -0.0000 -0.8632 -0.5048
vn -0.0000 -0.6656 -0.7463
vn -0.0000 -0.3770 -0.9262
vn -0.0000 -0.1054 -0.9944
vn -0.0000 0.9661 -0.2580
vn -0.0000 0.8632 -0.5049
vn -0.0000 0.6657 -0.7462
vn -0.0000 0.3772 -0.9261
vt 0.866016 0.809236
vt 0.921007 0.817088
vt 0.866016 0.828331
vt 0.869134 0.810543
vt 0.912824 0.812909
vt 0.871960 0.812197
vt 0.866016 0.812771
vt 0.869091 0.813915
vt 0.871762 0.815059
vt 0.866016 0.816848
vt 0.869034 0.817268
vt 0.871432 0.817672
vt 0.919213 0.819920
vt 0.874201 0.822727
vt 0.917772 0.822741
vt 0.917890 0.815854
vt 0.916807 0.818452
vt 0.915886 0.820904
vt 0.873647 0.820596
vt 0.874201 0.814067
vt 0.915064 0.814421
vt 0.873620 0.816545
vt 0.914630 0.817010
vt 0.914333 0.819259
vt 0.872849 0.818711
vt 0.866016 0.825024
vt 0.866016 0.821072
vt 0.869134 0.826986
vt 0.869073 0.823759
vt 0.869034 0.820544
vt 0.871960 0.825073
vt 0.916851 0.825281
vt 0.871752 0.822404
vt 0.871432 0.819957
vt 0.926489 0.824612
vt 0.904646 0.634105
vt 0.866018 0.849364
vt 0.929593 0.828381
vt 0.932428 0.832788
vt 0.926197 0.829486
vt 0.929567 0.833989
vt 0.932372 0.838169
vt 0.926499 0.834717
vt 0.929730 0.839043
vt 0.932250 0.842314
vt 0.904646 0.631555
vt 0.904646 0.630206
vt 0.959290 0.661480
vt 0.907751 0.637878
vt 0.907691 0.634710
vt 0.959313 0.658474
vt 0.907652 0.632566
vt 0.934739 0.847723
vt 0.910587 0.642505
vt 0.934669 0.837429
vt 0.934305 0.842004
vt 0.910373 0.638193
vt 0.910056 0.635431
vt 0.933773 0.845018
vt 0.869123 0.845749
vt 0.927419 0.839789
vt 0.871960 0.841168
vt 0.956641 0.661480
vt 0.866018 0.851672
vt 0.869080 0.848558
vt 0.871755 0.845136
vt 0.930395 0.843302
vt 0.866018 0.852764
vt 0.957950 0.661480
vt 0.957932 0.658474
vt 0.933416 0.848118
vt 0.869024 0.850396
vt 0.871428 0.847577
vt 0.932610 0.845397
vt 0.843761 0.809236
vt 0.843761 0.828330
vt 0.942922 0.661269
vt 0.843761 0.812770
vt 0.843761 0.816848
vt 0.840644 0.810543
vt 0.840704 0.813909
vt 0.840743 0.817253
vt 0.837818 0.812196
vt 0.934739 0.665447
vt 0.838025 0.815068
vt 0.838345 0.817671
vt 0.840644 0.826985
vt 0.938766 0.653075
vt 0.837818 0.825072
vt 0.843761 0.825023
vt 0.840686 0.823758
vt 0.838015 0.822420
vt 0.843761 0.821071
vt 0.840743 0.820525
vt 0.838345 0.819957
vt 0.939805 0.662503
vt 0.835578 0.814066
vt 0.936979 0.663936
vt 0.941128 0.658437
vt 0.938724 0.659900
vt 0.936535 0.661341
vt 0.836131 0.816548
vt 0.835578 0.822726
vt 0.939687 0.655616
vt 0.836158 0.820596
vt 0.937812 0.657454
vt 0.936248 0.659097
vt 0.836929 0.818710
vt 0.882390 0.634105
vt 0.948404 0.653745
vt 0.843763 0.849363
vt 0.879285 0.637878
vt 0.956586 0.640929
vt 0.876448 0.642504
vt 0.882390 0.631555
vt 0.879329 0.634734
vt 0.876654 0.638170
vt 0.956248 0.636337
vt 0.882391 0.630206
vt 0.959294 0.683735
vt 0.879384 0.632600
vt 0.959313 0.686741
vt 0.956641 0.630666
vt 0.876981 0.635430
vt 0.955690 0.633340
vt 0.948113 0.648872
vt 0.948416 0.643641
vt 0.951509 0.649977
vt 0.951436 0.644354
vt 0.951628 0.639324
vt 0.954344 0.645570
vt 0.954278 0.640172
vt 0.954167 0.636044
vt 0.956645 0.683735
vt 0.843763 0.851672
vt 0.843763 0.852763
vt 0.957954 0.683735
vt 0.840657 0.845748
vt 0.840718 0.848577
vt 0.957932 0.686741
vt 0.840757 0.850430
vt 0.955339 0.630206
vt 0.837821 0.841167
vt 0.949336 0.638569
vt 0.952323 0.635085
vt 0.838036 0.845108
vt 0.838353 0.847576
vt 0.954527 0.632961
vt 0.465652 0.170210
vt 0.272347 0.836288
vt 0.573589 0.713212
vt 0.465653 0.156679
vt 0.465655 0.148280
vt 0.728571 0.163023
vt 0.480891 0.188330
vt 0.480595 0.171136
vt 0.728680 0.148274
vt 0.480406 0.158919
vt 0.608947 0.831657
vt 0.610698 0.779587
vt 0.494811 0.209127
vt 0.493758 0.186617
vt 0.608479 0.801880
vt 0.492203 0.171638
vt 0.605511 0.816655
vt 0.287973 0.818474
vt 0.575103 0.790006
vt 0.302377 0.796112
vt 0.596658 0.842468
vt 0.715571 0.163026
vt 0.272090 0.848170
vt 0.287443 0.833017
vt 0.592600 0.825722
vt 0.300930 0.816411
vt 0.589285 0.807615
vt 0.604634 0.846695
vt 0.721996 0.163025
vt 0.721908 0.148275
vt 0.602453 0.833384
vt 0.599803 0.818327
vt 0.588228 0.732317
vt 0.505824 0.230661
vt 0.601105 0.755128
vt 0.571557 0.737197
vt 0.587289 0.760145
vt 0.600181 0.781619
vt 0.572000 0.763647
vt 0.587197 0.785507
vt 0.598914 0.802290
vt 0.276705 0.634911
vt 0.547371 0.675941
vt 0.274659 0.729358
vt 0.291855 0.641759
vt 0.505824 0.657569
vt 0.305533 0.650598
vt 0.276333 0.652078
vt 0.291290 0.658230
vt 0.304264 0.664442
vt 0.275899 0.672071
vt 0.290653 0.674643
vt 0.302370 0.677124
vt 0.538154 0.689815
vt 0.530264 0.704328
vt 0.531995 0.669907
vt 0.526120 0.682986
vt 0.520937 0.695554
vt 0.312905 0.692496
vt 0.316310 0.660750
vt 0.517660 0.663590
vt 0.313206 0.672461
vt 0.515084 0.676509
vt 0.513119 0.687936
vt 0.309201 0.682703
vt 0.275020 0.712684
vt 0.275447 0.692963
vt 0.290093 0.723091
vt 0.290148 0.706927
vt 0.290302 0.690843
vt 0.304154 0.714290
vt 0.524564 0.718146
vt 0.517120 0.706232
vt 0.303427 0.700782
vt 0.302125 0.688430
vt 0.356460 0.170205
vt 0.678468 0.268614
vt 0.163180 0.833923
vt 0.341224 0.188323
vt 0.715571 0.202238
vt 0.327312 0.209119
vt 0.356461 0.156673
vt 0.341441 0.171277
vt 0.328320 0.186539
vt 0.713481 0.179866
vt 0.356463 0.148274
vt 0.728592 0.272216
vt 0.341716 0.159055
vt 0.728680 0.286965
vt 0.713741 0.150320
vt 0.329924 0.171630
vt 0.710383 0.165169
vt 0.676435 0.244628
vt 0.676877 0.218178
vt 0.693106 0.249508
vt 0.691933 0.221612
vt 0.691995 0.196383
vt 0.705981 0.226697
vt 0.316310 0.230651
vt 0.704993 0.200100
vt 0.703788 0.179535
vt 0.715592 0.272218
vt 0.162923 0.845805
vt 0.162796 0.851726
vt 0.722017 0.272217
vt 0.148339 0.815449
vt 0.148320 0.830108
vt 0.697601 0.156015
vt 0.148300 0.839855
vt 0.721908 0.286966
vt 0.707346 0.148274
vt 0.134917 0.792484
vt 0.679977 0.191820
vt 0.135534 0.812704
vt 0.694209 0.174342
vt 0.704675 0.163499
vt 0.167538 0.632546
vt 0.165492 0.726993
vt 0.652251 0.305886
vt 0.167166 0.649713
vt 0.166732 0.669706
vt 0.152106 0.638731
vt 0.152044 0.655196
vt 0.151883 0.671560
vt 0.138058 0.646969
vt 0.610699 0.324260
vt 0.138775 0.660918
vt 0.140069 0.673608
vt 0.150344 0.720063
vt 0.629439 0.263682
vt 0.136679 0.710662
vt 0.165853 0.710319
vt 0.150902 0.703905
vt 0.621905 0.275505
vt 0.137938 0.697273
vt 0.166280 0.690598
vt 0.151533 0.687752
vt 0.139824 0.684914
vt 0.636874 0.311921
vt 0.126854 0.656645
vt 0.622538 0.318238
vt 0.643033 0.292012
vt 0.631005 0.298818
vt 0.619924 0.305312
vt 0.129313 0.668492
vt 0.635141 0.277499
vt 0.129013 0.688521
vt 0.625858 0.286258
vt 0.617995 0.293892
vt 0.133003 0.678885
vt 0.924277 0.821576
vt 0.923379 0.825626
vt 0.922978 0.829885
vt 0.871960 0.834673
vt 0.923155 0.833935
vt 0.869127 0.838178
vt 0.866017 0.840877
vt 0.946192 0.656781
vt 0.945295 0.652732
vt 0.944894 0.648473
vt 0.837819 0.834672
vt 0.945071 0.644422
vt 0.840652 0.838177
vt 0.843762 0.840876
vt 0.164559 0.770140
vt 0.149535 0.758553
vt 0.649831 0.234685
vt 0.135968 0.743678
vt 0.651982 0.253563
vt 0.656511 0.272892
vt 0.662830 0.290846
vt 0.557950 0.690980
vt 0.551632 0.708935
vt 0.547105 0.728264
vt 0.303437 0.747306
vt 0.544957 0.747142
vt 0.289238 0.761579
vt 0.273726 0.772505
vt 0.843764 0.769591
vt 0.356462 0.840313
vt 0.840655 0.769683
vt 0.341211 0.840044
vt 0.837822 0.769926
vt 0.934752 0.708346
vt 0.327311 0.839334
vt 0.936995 0.708345
vt 0.715571 0.830437
vt 0.316313 0.838215
vt 0.939828 0.708344
vt 0.702370 0.831876
vt 0.942937 0.708343
vt 0.687427 0.832712
vt 0.882388 0.706933
vt 0.178042 0.148274
vt 0.162752 0.148602
vt 0.879274 0.707078
vt 0.148839 0.150040
vt 0.618755 0.831623
vt 0.956607 0.708338
vt 0.876445 0.707458
vt 0.630714 0.832928
vt 0.954365 0.708339
vt 0.645174 0.833555
vt 0.951537 0.708340
vt 0.660630 0.833499
vt 0.948422 0.708341
vt 0.465654 0.840318
vt 0.866019 0.769592
vt 0.480907 0.840051
vt 0.869127 0.769684
vt 0.494814 0.839342
vt 0.912841 0.770011
vt 0.871962 0.769927
vt 0.505824 0.838225
vt 0.610699 0.151390
vt 0.915084 0.770012
vt 0.597495 0.149951
vt 0.917918 0.770013
vt 0.582551 0.149115
vt 0.921026 0.770014
vt 0.904643 0.706933
vt 0.287209 0.150639
vt 0.907758 0.707078
vt 0.302472 0.151629
vt 0.910586 0.707458
vt 0.934696 0.770020
vt 0.513883 0.150207
vt 0.316310 0.153668
vt 0.932455 0.770019
vt 0.525840 0.148901
vt 0.929626 0.770018
vt 0.540298 0.148274
vt 0.926512 0.770016
vt 0.555754 0.148329
vt 0.671443 0.833182
vt 0.946209 0.708342
vt 0.924298 0.770015
vt 0.566567 0.148646
s 1
usemtl Material.004
f 770/1047/535 768/1043/536 532/697/537 721/961/538
f 733/975/539 695/928/540 642/854/541 744/988/542
f 751/1003/543 586/771/544 533/698/545 763/1031/546
f 726/967/547 534/699/548 588/773/549 732/974/550
f 769/1045/551 756/1015/552 696/929/553 738/981/554
f 505/663/555 508/666/556 511/670/557 510/669/558
f 508/666/556 509/668/559 512/671/560 511/670/557
f 509/668/559 521/682/561 522/684/562 512/671/560
f 510/669/558 511/670/557 514/673/563 513/672/564
f 511/670/557 512/671/560 515/674/565 514/673/563
f 512/671/560 522/684/562 523/687/566 515/674/565
f 506/664/567 516/675/568 519/679/569 518/678/570
f 516/675/568 517/677/571 520/680/572 519/679/569
f 517/676/571 529/693/573 530/695/574 520/681/572
f 518/678/570 519/679/569 522/685/562 521/683/561
f 519/679/569 520/680/572 523/686/566 522/685/562
f 520/681/572 530/695/574 531/696/575 523/687/566
f 507/665/576 524/688/577 527/691/578 526/690/579
f 524/688/577 525/689/580 528/692/581 527/691/578
f 525/689/580 513/672/564 514/673/563 528/692/581
f 526/690/579 527/691/578 530/695/574 529/693/573
f 527/691/578 528/692/581 531/696/575 530/695/574
f 528/692/581 514/673/563 515/674/565 531/696/575
f 515/674/565 523/687/566 531/696/575
f 532/697/537 535/700/582 538/703/583 537/702/584
f 535/700/582 536/701/585 539/704/586 538/703/583
f 536/701/585 548/717/587 549/718/588 539/704/586
f 537/702/584 538/703/583 541/706/589 540/705/590
f 538/703/583 539/704/586 542/707/591 541/706/589
f 539/704/586 549/718/588 550/721/592 542/707/591
f 533/698/545 543/708/593 546/712/594 545/711/595
f 543/708/593 544/709/596 547/714/597 546/712/594
f 544/710/596 556/731/598 557/732/599 547/713/597
f 545/711/595 546/712/594 549/719/588 548/716/587
f 546/712/594 547/714/597 550/720/592 549/719/588
f 547/715/597 557/733/599 558/736/600 550/721/592
f 534/699/548 551/722/601 554/727/602 553/726/603
f 551/722/601 552/724/604 555/728/605 554/727/602
f 552/723/604 540/705/590 541/706/589 555/729/605
f 553/726/603 554/727/602 557/734/599 556/730/598
f 554/727/602 555/728/605 558/735/600 557/734/599
f 555/729/605 541/706/589 542/707/591 558/736/600
f 542/707/591 550/721/592 558/736/600
f 559/737/606 562/740/607 565/743/608 564/742/609
f 562/740/607 563/741/610 566/744/611 565/743/608
f 563/741/610 575/755/612 576/756/613 566/744/611
f 564/742/609 565/743/608 568/747/614 567/745/615
f 565/743/608 566/744/611 569/748/616 568/747/614
f 566/744/611 576/756/613 577/757/617 569/748/616
f 560/738/618 570/749/619 573/753/620 572/752/621
f 570/749/619 571/751/622 574/754/623 573/753/620
f 571/751/622 583/765/624 584/767/625 574/754/623
f 572/752/621 573/753/620 576/756/613 575/755/612
f 573/753/620 574/754/623 577/757/617 576/756/613
f 574/754/623 584/767/625 585/770/626 577/757/617
f 561/739/627 578/758/628 581/762/629 580/761/630
f 578/758/628 579/760/631 582/763/632 581/762/629
f 579/759/631 567/745/615 568/747/614 582/764/632
f 580/761/630 581/762/629 584/768/625 583/766/624
f 581/762/629 582/763/632 585/769/626 584/768/625
f 582/764/632 568/747/614 569/748/616 585/770/626
f 569/748/616 577/757/617 585/770/626
f 586/771/544 589/774/633 592/778/634 591/777/635
f 589/774/633 590/776/636 593/779/637 592/778/634
f 590/775/636 602/793/638 603/794/639 593/780/637
f 591/777/635 592/778/634 595/783/640 594/781/641
f 592/778/634 593/779/637 596/786/642 595/783/640
f 593/780/637 603/794/639 604/795/643 596/787/642
f 587/772/644 597/788/645 600/791/646 599/790/647
f 597/788/645 598/789/648 601/792/649 600/791/646
f 598/789/648 610/806/650 611/807/651 601/792/649
f 599/790/647 600/791/646 603/794/639 602/793/638
f 600/791/646 601/792/649 604/795/643 603/794/639
f 601/792/649 611/807/651 612/810/652 604/795/643
f 588/773/549 605/797/653 608/801/654 607/800/655
f 605/797/653 606/798/656 609/803/657 608/801/654
f 606/799/656 594/782/641 595/784/640 609/802/657
f 607/800/655 608/801/654 611/808/651 610/805/650
f 608/801/654 609/803/657 612/809/652 611/808/651
f 609/804/657 595/785/640 596/787/642 612/810/652
f 596/787/642 604/795/643 612/810/652
f 613/811/658 616/814/659 619/818/660 618/817/661
f 616/814/659 617/815/662 620/820/663 619/818/660
f 617/816/662 629/839/664 630/840/665 620/819/663
f 618/817/661 619/818/660 622/824/666 621/823/667
f 619/818/660 620/820/663 623/826/668 622/824/666
f 620/821/663 630/841/665 631/842/669 623/827/668
f 614/812/670 624/828/671 627/834/672 626/833/673
f 624/828/671 625/830/674 628/836/675 627/834/672
f 625/829/674 637/849/676 638/850/677 628/837/675
f 626/831/673 627/835/672 630/841/665 629/838/664
f 627/835/672 628/837/675 631/842/669 630/841/665
f 628/837/675 638/850/677 639/851/678 631/842/669
f 615/813/679 632/843/680 635/847/681 634/846/682
f 632/843/680 633/845/683 636/848/684 635/847/681
f 633/845/683 621/822/667 622/825/666 636/848/684
f 634/846/682 635/847/681 638/850/677 637/849/676
f 635/847/681 636/848/684 639/851/678 638/850/677
f 636/848/684 622/825/666 623/827/668 639/851/678
f 623/827/668 631/842/669 639/851/678
f 640/852/685 643/855/686 646/859/687 645/858/688
f 643/855/686 644/857/689 647/860/690 646/859/687
f 644/857/689 656/870/691 657/872/692 647/860/690
f 645/858/688 646/859/687 649/862/693 648/861/694
f 646/859/687 647/860/690 650/863/695 649/862/693
f 647/860/690 657/872/692 658/875/696 650/863/695
f 641/853/697 651/864/698 654/867/699 653/866/700
f 651/864/698 652/865/701 655/868/702 654/867/699
f 652/865/701 664/882/703 665/883/704 655/868/702
f 653/866/700 654/867/699 657/873/692 656/871/691
f 654/867/699 655/868/702 658/874/696 657/873/692
f 655/869/702 665/884/704 666/885/705 658/875/696
f 642/854/541 659/876/706 662/879/707 661/878/708
f 659/876/706 660/877/709 663/880/710 662/879/707
f 660/877/709 648/861/694 649/862/693 663/880/710
f 661/878/708 662/879/707 665/884/704 664/881/703
f 662/879/707 663/880/710 666/885/705 665/884/704
f 663/880/710 649/862/693 650/863/695 666/885/705
f 650/863/695 658/875/696 666/885/705
f 667/886/711 670/889/712 673/893/713 672/892/714
f 670/889/712 671/891/715 674/894/716 673/893/713
f 671/890/715 683/908/717 684/910/718 674/895/716
f 672/892/714 673/893/713 676/898/719 675/896/720
f 673/893/713 674/894/716 677/901/721 676/898/719
f 674/895/716 684/910/718 685/911/722 677/902/721
f 668/887/723 678/903/724 681/906/725 680/905/726
f 678/903/724 679/904/727 682/907/728 681/906/725
f 679/904/727 691/923/729 692/925/730 682/907/728
f 680/905/726 681/906/725 684/910/718 683/908/717
f 681/906/725 682/907/728 685/911/722 684/910/718
f 682/907/728 692/925/730 693/926/731 685/911/722
f 669/888/732 686/913/733 689/917/734 688/916/735
f 686/913/733 687/914/736 690/919/737 689/917/734
f 687/915/736 675/897/720 676/899/719 690/920/737
f 688/916/735 689/917/734 692/924/730 691/922/729
f 689/918/734 690/921/737 693/926/731 692/925/730
f 690/921/737 676/900/719 677/902/721 693/926/731
f 677/902/721 685/911/722 693/926/731
f 694/927/738 697/930/739 700/933/740 699/932/741
f 697/930/739 698/931/742 701/934/743 700/933/740
f 698/931/742 710/946/744 711/947/745 701/934/743
f 699/932/741 700/933/740 703/937/746 702/935/747
f 700/933/740 701/934/743 704/938/748 703/937/746
f 701/934/743 711/947/745 712/948/749 704/938/748
f 695/928/540 705/939/750 708/943/751 707/942/752
f 705/939/750 706/941/753 709/945/754 708/943/751
f 706/940/753 718/956/755 719/958/756 709/944/754
f 707/942/752 708/943/751 711/947/745 710/946/744
f 708/943/751 709/945/754 712/948/749 711/947/745
f 709/945/754 719/957/756 720/960/757 712/948/749
f 696/929/553 713/949/758 716/953/759 715/952/760
f 713/949/758 714/951/761 717/954/762 716/953/759
f 714/950/761 702/935/747 703/937/746 717/955/762
f 715/952/760 716/953/759 719/958/756 718/956/755
f 716/953/759 717/954/762 720/959/757 719/958/756
f 717/955/762 703/937/746 704/938/748 720/960/757
f 704/938/748 712/948/749 720/960/757
f 559/737/606 505/663/555 510/669/558 562/740/607
f 562/740/607 510/669/558 513/672/564 563/741/610
f 563/741/610 513/672/564 525/689/580 575/755/612
f 575/755/612 525/689/580 524/688/577 572/752/621
f 572/752/621 524/688/577 507/665/576 560/738/618
f 721/961/538 532/697/537 537/702/584 722/962/763
f 722/962/763 537/702/584 540/705/590 723/963/764
f 723/963/764 540/705/590 552/723/604 724/965/765
f 724/964/765 552/724/604 551/722/601 725/966/766
f 725/966/766 551/722/601 534/699/548 726/967/547
f 533/698/545 586/771/544 591/777/635 543/708/593
f 543/708/593 591/777/635 594/781/641 544/709/596
f 544/710/596 594/782/641 606/799/656 556/731/598
f 556/731/598 606/799/656 605/796/653 553/725/603
f 553/726/603 605/797/653 588/773/549 534/699/548
f 727/968/767 561/739/627 580/761/630 728/969/768
f 728/969/768 580/761/630 583/766/624 729/970/769
f 729/970/769 583/766/624 571/750/622 730/972/770
f 730/971/770 571/751/622 570/749/619 731/973/771
f 731/973/771 570/749/619 560/738/618 732/974/550
f 745/989/772 559/737/606 564/742/609 746/991/773
f 746/991/773 564/742/609 567/745/615 747/993/774
f 747/994/774 567/746/615 579/760/631 748/996/775
f 748/996/775 579/760/631 578/758/628 749/999/776
f 749/999/776 578/758/628 561/739/627 750/1001/777
f 751/1004/543 694/927/738 699/932/741 752/1005/778
f 752/1005/778 699/932/741 702/935/747 753/1007/779
f 753/1008/779 702/936/747 714/951/761 754/1011/780
f 754/1011/780 714/951/761 713/949/758 755/1013/781
f 755/1013/781 713/949/758 696/929/553 756/1015/552
f 733/975/539 669/888/732 688/916/735 734/976/782
f 734/976/782 688/916/735 691/922/729 735/978/783
f 735/977/783 691/923/729 679/904/727 736/979/784
f 736/979/784 679/904/727 678/903/724 737/980/785
f 737/980/785 678/903/724 668/887/723 738/981/554
f 613/811/658 667/886/711 672/892/714 616/814/659
f 616/814/659 672/892/714 675/896/720 617/815/662
f 617/816/662 675/897/720 687/915/736 629/839/664
f 629/839/664 687/915/736 686/912/733 626/832/673
f 626/833/673 686/913/733 669/888/732 614/812/670
f 694/927/738 640/852/685 645/858/688 697/930/739
f 697/930/739 645/858/688 648/861/694 698/931/742
f 698/931/742 648/861/694 660/877/709 710/946/744
f 710/946/744 660/877/709 659/876/706 707/942/752
f 707/942/752 659/876/706 642/854/541 695/928/540
f 739/982/786 615/813/679 634/846/682 740/983/787
f 740/983/787 634/846/682 637/849/676 741/984/788
f 741/984/788 637/849/676 625/829/674 742/986/789
f 742/985/789 625/830/674 624/828/671 743/987/790
f 743/987/790 624/828/671 614/812/670 744/988/542
f 757/1017/791 613/811/658 618/817/661 758/1019/792
f 758/1019/792 618/817/661 621/823/667 759/1021/793
f 759/1021/793 621/823/667 633/844/683 760/1024/794
f 760/1025/794 633/845/683 632/843/680 761/1027/795
f 761/1027/795 632/843/680 615/813/679 762/1029/796
f 763/1031/546 533/698/545 545/711/595 764/1033/797
f 764/1033/797 545/711/595 548/716/587 765/1035/798
f 765/1036/798 548/717/587 536/701/585 766/1039/799
f 766/1039/799 536/701/585 535/700/582 767/1041/800
f 767/1041/800 535/700/582 532/697/537 768/1043/536
f 745/990/772 667/886/711 613/811/658 757/1017/791
f 661/878/708 743/987/790 744/988/542 642/854/541
f 664/881/703 742/985/789 743/987/790 661/878/708
f 652/865/701 741/984/788 742/986/789 664/882/703
f 651/864/698 740/983/787 741/984/788 652/865/701
f 641/853/697 739/982/786 740/983/787 651/864/698
f 715/952/760 737/980/785 738/981/554 696/929/553
f 718/956/755 736/979/784 737/980/785 715/952/760
f 706/940/753 735/977/783 736/979/784 718/956/755
f 705/939/750 734/976/782 735/978/783 706/941/753
f 695/928/540 733/975/539 734/976/782 705/939/750
f 607/800/655 731/973/771 732/974/550 588/773/549
f 610/805/650 730/971/770 731/973/771 607/800/655
f 598/789/648 729/970/769 730/972/770 610/806/650
f 597/788/645 728/969/768 729/970/769 598/789/648
f 587/772/644 727/968/767 728/969/768 597/788/645
f 526/690/579 725/966/766 726/967/547 507/665/576
f 529/693/573 724/964/765 725/966/766 526/690/579
f 517/677/571 723/963/764 724/965/765 529/694/573
f 516/675/568 722/962/763 723/963/764 517/677/571
f 506/664/567 721/961/538 722/962/763 516/675/568
f 750/1002/777 769/1045/551 738/981/554 668/887/723
f 507/665/576 726/967/547 732/974/550 560/738/618
f 669/888/732 733/975/539 744/988/542 614/812/670
f 762/1030/796 770/1047/535 721/961/538 506/664/567
f 615/813/679 739/982/786 770/1048/535 762/1029/796
f 561/739/627 727/968/767 769/1046/551 750/1001/777
f 559/737/606 745/989/772 757/1018/791 505/663/555
f 653/866/700 767/1042/800 768/1044/536 641/853/697
f 656/871/691 766/1040/799 767/1042/800 653/866/700
f 644/856/689 765/1037/798 766/1040/799 656/871/691
f 643/855/686 764/1034/797 765/1038/798 644/857/689
f 640/852/685 763/1032/546 764/1034/797 643/855/686
f 518/678/570 761/1028/795 762/1030/796 506/664/567
f 521/683/561 760/1026/794 761/1028/795 518/678/570
f 509/667/559 759/1022/793 760/1026/794 521/683/561
f 508/666/556 758/1020/792 759/1023/793 509/668/559
f 505/663/555 757/1018/791 758/1020/792 508/666/556
f 599/790/647 755/1014/781 756/1016/552 587/772/644
f 602/793/638 754/1012/780 755/1014/781 599/790/647
f 590/775/636 753/1009/779 754/1012/780 602/793/638
f 589/774/633 752/1006/778 753/1010/779 590/776/636
f 586/771/544 751/1003/543 752/1006/778 589/774/633
f 680/905/726 749/1000/776 750/1002/777 668/887/723
f 683/908/717 748/997/775 749/1000/776 680/905/726
f 671/891/715 747/995/774 748/998/775 683/909/717
f 670/889/712 746/992/773 747/995/774 671/891/715
f 667/886/711 745/990/772 746/992/773 670/889/712
f 727/968/767 587/772/644 756/1016/552 769/1046/551
f 694/927/738 751/1004/543 763/1032/546 640/852/685
f 739/982/786 641/853/697 768/1044/536 770/1048/535
